--------- beginning of system
04-10 22:25:53.480   303   303 E vold    : Error getting bootctrl v1.0 module.
04-10 22:26:10.195   591   591 E storaged: getService package_native failed
04-10 22:26:13.225   436   436 E VibratorInfo: Invalid frequency profile received from HAL. resonantFrequencyHz=NaN, frequenciesHz=null, outputAccelerationsGs=null
04-10 22:26:15.376   591   673 E storaged: getService package_native failed
04-10 22:26:21.578   710   738 E DisplayManagerService: Default display is null for info request from uid 1000
04-10 22:26:33.180   710   710 E PackageManager: Error occurred while checking alignment of package : com.ecommerceearn.app
04-10 22:26:40.700   710   748 E SystemServiceRegistry: Manager wrapper not available: dropbox
04-10 22:26:40.704   710   748 E SystemServiceRegistry: Manager wrapper not available: dropbox
04-10 22:26:40.704   710   710 E SystemServiceRegistry: Manager wrapper not available: supervision
04-10 22:26:40.708   710   748 E SystemServiceRegistry: Manager wrapper not available: dropbox
04-10 22:26:40.711   710   748 E SystemServiceRegistry: Manager wrapper not available: dropbox
04-10 22:26:40.715   710   748 E SystemServiceRegistry: Manager wrapper not available: dropbox
04-10 22:26:40.719   710   748 E SystemServiceRegistry: Manager wrapper not available: dropbox
04-10 22:26:40.721   710   748 E SystemServiceRegistry: Manager wrapper not available: dropbox
04-10 22:26:40.724   710   748 E SystemServiceRegistry: Manager wrapper not available: dropbox
04-10 22:26:40.726   710   748 E SystemServiceRegistry: Manager wrapper not available: dropbox
04-10 22:26:40.728   710   748 E SystemServiceRegistry: Manager wrapper not available: dropbox
04-10 22:26:40.731   710   748 E SystemServiceRegistry: Manager wrapper not available: dropbox
04-10 22:26:40.733   710   748 E SystemServiceRegistry: Manager wrapper not available: dropbox
04-10 22:26:40.736   710   748 E SystemServiceRegistry: Manager wrapper not available: dropbox
04-10 22:26:40.738   710   748 E SystemServiceRegistry: Manager wrapper not available: dropbox
04-10 22:26:40.740   710   748 E SystemServiceRegistry: Manager wrapper not available: dropbox
04-10 22:26:40.798   710   710 E VibratorInfo: Invalid frequency profile received from HAL. resonantFrequencyHz=NaN, frequenciesHz=null, outputAccelerationsGs=null
04-10 22:26:40.881   710   710 E DeviceStateManagerService: Cannot notify device state info change before the initial state has been committed.
04-10 22:26:41.162   710   870 E SystemServiceRegistry: Manager wrapper not available: jobscheduler
04-10 22:26:43.579   710   710 E SecurityStateManagerService: CVE patches configuration file not found.
04-10 22:26:43.579   710   710 E SecurityStateManagerService: CVE patches configuration file not found.
04-10 22:26:44.073   710   710 E SystemServiceRegistry: Manager wrapper not available: keyguard
04-10 22:26:44.329   710   710 E PowerManagerService: Tried to acquire wake lock for display 0 before system ready: lock=238583368, flags=0x1, tag="handleAudioEvent", ws=null, uid=1000, pid=710, packageName=android
04-10 22:26:44.344   710   710 E SoundTriggerMiddlewareImpl: Failed to add a SoundTriggerModule instance
04-10 22:26:44.344   710   710 E SoundTriggerMiddlewareImpl: java.util.NoSuchElementException
04-10 22:26:44.344   710   710 E SoundTriggerMiddlewareImpl: 	at android.os.HwBinder.getService(Native Method)
04-10 22:26:44.344   710   710 E SoundTriggerMiddlewareImpl: 	at android.hardware.soundtrigger.V2_0.ISoundTriggerHw.getService(ISoundTriggerHw.java:57)
04-10 22:26:44.344   710   710 E SoundTriggerMiddlewareImpl: 	at android.hardware.soundtrigger.V2_0.ISoundTriggerHw.getService(ISoundTriggerHw.java:64)
04-10 22:26:44.344   710   710 E SoundTriggerMiddlewareImpl: 	at com.android.server.soundtrigger_middleware.DefaultHalFactory.create(DefaultHalFactory.java:76)
04-10 22:26:44.344   710   710 E SoundTriggerMiddlewareImpl: 	at com.android.server.soundtrigger_middleware.SoundTriggerModule.attachToHal(SoundTriggerModule.java:176)
04-10 22:26:44.344   710   710 E SoundTriggerMiddlewareImpl: 	at com.android.server.soundtrigger_middleware.SoundTriggerModule.<init>(SoundTriggerModule.java:105)
04-10 22:26:44.344   710   710 E SoundTriggerMiddlewareImpl: 	at com.android.server.soundtrigger_middleware.SoundTriggerMiddlewareImpl.<init>(SoundTriggerMiddlewareImpl.java:86)
04-10 22:26:44.344   710   710 E SoundTriggerMiddlewareImpl: 	at com.android.server.soundtrigger_middleware.SoundTriggerMiddlewareService$Lifecycle.onStart(SoundTriggerMiddlewareService.java:248)
04-10 22:26:44.344   710   710 E SoundTriggerMiddlewareImpl: 	at com.android.server.SystemServiceManager.startService(SystemServiceManager.java:280)
04-10 22:26:44.344   710   710 E SoundTriggerMiddlewareImpl: 	at com.android.server.SystemServiceManager.startService(SystemServiceManager.java:257)
04-10 22:26:44.344   710   710 E SoundTriggerMiddlewareImpl: 	at com.android.server.SystemServer.startOtherServices(SystemServer.java:2487)
04-10 22:26:44.344   710   710 E SoundTriggerMiddlewareImpl: 	at com.android.server.SystemServer.run(SystemServer.java:1044)
04-10 22:26:44.344   710   710 E SoundTriggerMiddlewareImpl: 	at com.android.server.SystemServer.main(SystemServer.java:721)
04-10 22:26:44.344   710   710 E SoundTriggerMiddlewareImpl: 	at java.lang.reflect.Method.invoke(Native Method)
04-10 22:26:44.344   710   710 E SoundTriggerMiddlewareImpl: 	at com.android.internal.os.RuntimeInit$MethodAndArgsCaller.run(RuntimeInit.java:575)
04-10 22:26:44.344   710   710 E SoundTriggerMiddlewareImpl: 	at com.android.internal.os.ZygoteInit.main(ZygoteInit.java:917)
04-10 22:26:44.425   710   853 E UsbDeviceManager: connectToProxy: usb gadget hidl hal service not found.
04-10 22:26:44.425   710   853 E UsbDeviceManager: java.util.NoSuchElementException
04-10 22:26:44.425   710   853 E UsbDeviceManager: 	at android.os.HwBinder.getService(Native Method)
04-10 22:26:44.425   710   853 E UsbDeviceManager: 	at android.hardware.usb.gadget.V1_0.IUsbGadget.getService(IUsbGadget.java:57)
04-10 22:26:44.425   710   853 E UsbDeviceManager: 	at android.hardware.usb.gadget.V1_0.IUsbGadget.getService(IUsbGadget.java:64)
04-10 22:26:44.425   710   853 E UsbDeviceManager: 	at com.android.server.usb.hal.gadget.UsbGadgetHidl.isServicePresent(UsbGadgetHidl.java:128)
04-10 22:26:44.425   710   853 E UsbDeviceManager: 	at com.android.server.usb.hal.gadget.UsbGadgetHalInstance.getInstance(UsbGadgetHalInstance.java:39)
04-10 22:26:44.425   710   853 E UsbDeviceManager: 	at com.android.server.usb.UsbDeviceManager.<init>(UsbDeviceManager.java:358)
04-10 22:26:44.425   710   853 E UsbDeviceManager: 	at com.android.server.usb.UsbService.<init>(UsbService.java:242)
04-10 22:26:44.425   710   853 E UsbDeviceManager: 	at com.android.server.usb.UsbService$Lifecycle.lambda$onStart$0(UsbService.java:126)
04-10 22:26:44.425   710   853 E UsbDeviceManager: 	at com.android.server.usb.UsbService$Lifecycle.$r8$lambda$HIZVSW8uTg1XjWF6etZh-bC1WP4(UsbService.java:0)
04-10 22:26:44.425   710   853 E UsbDeviceManager: 	at com.android.server.usb.UsbService$Lifecycle$$ExternalSyntheticLambda0.run(R8$$SyntheticClass:0)
04-10 22:26:44.425   710   853 E UsbDeviceManager: 	at java.util.concurrent.Executors$RunnableAdapter.call(Executors.java:520)
04-10 22:26:44.425   710   853 E UsbDeviceManager: 	at com.android.server.SystemServerInitThreadPool.lambda$submitTask$0(SystemServerInitThreadPool.java:123)
04-10 22:26:44.425   710   853 E UsbDeviceManager: 	at com.android.server.SystemServerInitThreadPool.$r8$lambda$pX73o5PM2Q_I4va9TP2zr55_hqQ(SystemServerInitThreadPool.java:0)
04-10 22:26:44.425   710   853 E UsbDeviceManager: 	at com.android.server.SystemServerInitThreadPool$$ExternalSyntheticLambda1.call(R8$$SyntheticClass:0)
04-10 22:26:44.425   710   853 E UsbDeviceManager: 	at java.util.concurrent.FutureTask.run(FutureTask.java:328)
04-10 22:26:44.425   710   853 E UsbDeviceManager: 	at java.util.concurrent.ThreadPoolExecutor.runWorker(ThreadPoolExecutor.java:1100)
04-10 22:26:44.425   710   853 E UsbDeviceManager: 	at java.util.concurrent.ThreadPoolExecutor$Worker.run(ThreadPoolExecutor.java:624)
04-10 22:26:44.425   710   853 E UsbDeviceManager: 	at com.android.internal.util.ConcurrentUtils$1$1.run(ConcurrentUtils.java:65)
04-10 22:26:44.425   710   853 E UsbPortManager: USB Gadget HAL AIDL/HIDL not present
04-10 22:26:44.425   710   853 E UsbDeviceManager: Failed to open control for mtp
04-10 22:26:44.425   710   853 E UsbDeviceManager: Failed to open control for ptp
04-10 22:26:44.870   710   710 E SystemServiceRegistry: Manager wrapper not available: authentication_policy
04-10 22:26:44.906   710   710 E SystemServiceRegistry: Manager wrapper not available: face
04-10 22:26:44.926   710   975 E AuthService: Face configuration exists, but FaceService is null.
04-10 22:26:44.940   710   710 E SystemServiceRegistry: Manager wrapper not available: face
04-10 22:26:45.471   710   710 E AutofillManagerServiceImpl: Bad service name: com.google.android.gms/.autofill.service.AutofillService
04-10 22:26:45.471   710   710 E RemoteAugmentedAutofillService: Bad service name for flags 1048704: com.google.android.as/com.google.android.apps.miphone.aiai.app.AiAiAugmentedAutofillService
04-10 22:26:45.641   710   710 E DisplayPowerController[0]: failed to set up display white-balance: java.lang.IllegalStateException: cannot find light sensor
04-10 22:26:45.851   710   710 E DeviceConfig: Parsing int failed for location_mode
04-10 22:26:45.979   710   710 E VibratorInfo: Invalid frequency profile received from HAL. resonantFrequencyHz=NaN, frequenciesHz=null, outputAccelerationsGs=null
04-10 22:26:46.266   710   710 E TestHarnessModeService: Failed to start Test Harness Mode; no implementation of PersistentDataBlockManagerInternal was bound!
04-10 22:26:46.573   456   465 E android.hardware.wifi-service: Unknown iface name: wlan0
04-10 22:26:46.574   456   465 E android.hardware.wifi-service: Unknown iface name: wlan0
04-10 22:26:46.597   710   710 E SystemServiceRegistry: Manager wrapper not available: face
04-10 22:26:46.599   456   465 E android.hardware.wifi-service: Unknown iface name: wlan0
04-10 22:26:46.601   456   465 E android.hardware.wifi-service: Unknown iface name: wlan0
04-10 22:26:46.615   456   465 E android.hardware.wifi-service: Failed to register radio mode change callback
04-10 22:26:46.622   456   465 E android.hardware.wifi-service: Failed to get SupportedIfaceCombinations matrix from legacy HAL: NOT_SUPPORTED
04-10 22:26:46.643   456   465 E android.hardware.wifi-service: Failed to set DFS flag; DFS channels may be unavailable.
04-10 22:26:46.679   456  1008 E android.hardware.wifi-service: Failed to get chip capabilities from legacy HAL: NOT_SUPPORTED
04-10 22:26:46.719   710   710 E UserManagerService: Auto-lock preference updated but private space user not found
04-10 22:26:46.959   456  1008 E android.hardware.wifi-service: Failed to get SupportedRadioCombinations matrix from legacy HAL: NOT_SUPPORTED
04-10 22:26:46.981   710   780 E DefaultPermGrantPolicy: Package not found: com.android.virtualization.terminal
04-10 22:26:46.995   710   780 E DefaultPermGrantPolicy: Package not found: com.android.webapp.service
04-10 22:26:47.292   710   780 E DefaultPermGrantPolicy: Package not found: com.google.android.apps.pixelmigrate
04-10 22:26:47.293   710   780 E DefaultPermGrantPolicy: Package not found: com.google.android.adservices
04-10 22:26:47.294   710   780 E DefaultPermGrantPolicy: Package not found: com.google.android.apps.mediashell
04-10 22:26:47.387   710   780 E DefaultPermGrantPolicy: Package not found: com.google.android.apps.tips
04-10 22:26:47.387   710   780 E DefaultPermGrantPolicy: Package not found: com.google.android.apps.turbo
04-10 22:26:47.420   710   780 E DefaultPermGrantPolicy: Package not found: com.google.android.euicc
04-10 22:26:47.452   710   780 E DefaultPermGrantPolicy: Package not found: com.google.android.volta
04-10 22:26:48.463   710   738 E Transition: #0 readiness timeout. state=1
04-10 22:26:48.463   710   738 E Transition:    met conditions: []
04-10 22:26:48.463   710   738 E Transition:    unmet conditions: [{Legacy: used=false deferDepth=0 group={}}]
04-10 22:26:54.196   710   866 E NativeTombstoneManager: Tombstone's UID (1002) not an app, ignoring
04-10 22:26:54.240   710   866 E NativeTombstoneManager: Tombstone's UID (1002) not an app, ignoring
04-10 22:26:54.275   710   866 E NativeTombstoneManager: Tombstone's UID (1002) not an app, ignoring
04-10 22:26:54.292   710   866 E NativeTombstoneManager: Tombstone's UID (1002) not an app, ignoring
04-10 22:26:56.126   710   738 E Transition: #1 readiness timeout. state=1
04-10 22:26:56.126   710   738 E Transition:    met conditions: []
04-10 22:26:56.126   710   738 E Transition:    unmet conditions: [{Legacy: used=false deferDepth=0 group={}}]
04-10 22:26:56.338   710   710 E WallpaperCropper: Unable to apply new wallpaper
04-10 22:27:02.304   710   853 E AppOps  : Bad call made by uid 1000. Package "android" does not belong to uid 1037.
04-10 22:27:02.305   710   853 E AppOps  : Cannot getAppOpMode: non-application UID 1037
04-10 22:27:03.382   710  1120 E WebViewUpdateServiceImpl2: Timed out waiting for relro creation, relros started 1 relros finished 0 package dirty? false
04-10 22:27:07.305   710  1197 E TransitionChain: Can't collect into a chain with no transition
04-10 22:27:07.942   710  1168 E TransitionChain: Can't collect into a chain with no transition
04-10 22:27:08.082   710   747 E CountryDetector: Could not instantiate the custom country detector class
04-10 22:27:08.296   710   751 E OomConnection: failed waiting for OOM events: java.lang.RuntimeException: listener failed waiting for OOM event
04-10 22:27:08.793   710   725 E TransitionChain: Can't collect into a chain with no transition
04-10 22:27:08.793   710   725 E TransitionChain: Can't collect into a chain with no transition
04-10 22:27:09.530   710   710 E SystemServerTiming: SystemServer init took too long. uptimeMillis=85184
04-10 22:27:21.624   710   710 E ContentCapturePerUserService: Bad service name: com.google.android.as/com.google.android.apps.miphone.aiai.app.AiAiContentCaptureService
04-10 22:27:21.628   710   710 E ContentCapturePerUserService: Bad service name: com.google.android.as/com.google.android.apps.miphone.aiai.app.AiAiContentCaptureService
04-10 22:27:21.630   710   710 E ContentCapturePerUserService: Bad service name: com.google.android.as/com.google.android.apps.miphone.aiai.app.AiAiContentCaptureService
04-10 22:27:21.634   710   710 E ContentSuggestionsPerUserService: Bad service name: com.google.android.as/com.google.android.apps.miphone.aiai.app.AiAiContentSuggestionsService
04-10 22:27:21.645   710   710 E AutofillManagerServiceImpl: Bad service name: com.google.android.gms/.autofill.service.AutofillService
04-10 22:27:21.669   710   710 E RemoteAugmentedAutofillService: Bad service name for flags 1048704: com.google.android.as/com.google.android.apps.miphone.aiai.app.AiAiAugmentedAutofillService
04-10 22:27:28.001   710   742 E ActivityManager: Aborting stack trace dump (current native pid=458); deadline exceeded.
04-10 22:27:31.176   710   846 E AuthService: No face sensors.
04-10 22:27:33.008   303   303 E vold    : Error getting bootctrl v1.0 module.
04-10 22:27:33.008   303   303 E Checkpoint: Failed to get BootControl HAL, not marking slot as successful.
04-10 22:27:33.623   710   738 E TestHarnessModeService: Failed to start Test Harness Mode; no implementation of PersistentDataBlockManagerInternal was bound!
04-10 22:27:34.899   710   738 E AuthService: No face sensors.
04-10 22:27:35.168   710   738 E AppOps  : attributionTag UwbCountryCode not declared in manifest of android
04-10 22:27:35.174   710   738 E AppOps  : attributionTag UwbCountryCode not declared in manifest of android
04-10 22:27:35.175   710   738 E AppOps  : attributionTag UwbCountryCode not declared in manifest of android
04-10 22:27:35.784   710   919 E AppOps  : attributionTag UwbCountryCode not declared in manifest of android
04-10 22:27:40.073   710  1434 E ActivityManager: ANR in com.android.systemui
04-10 22:27:40.073   710  1434 E ActivityManager: PID: 1060
04-10 22:27:40.073   710  1434 E ActivityManager: Reason: Process ProcessRecord{bb0ea7b 1060:com.android.systemui/u0a196} failed to complete startup
04-10 22:27:40.073   710  1434 E ActivityManager: ErrorId: 6a2ef8e9-9eb2-454b-a99a-4c059b2c5e5b
04-10 22:27:40.073   710  1434 E ActivityManager: Frozen: false
04-10 22:27:40.073   710  1434 E ActivityManager: Load: 16.81 / 4.95 / 1.73
04-10 22:27:40.073   710  1434 E ActivityManager: ----- Output from /proc/pressure/memory -----
04-10 22:27:40.073   710  1434 E ActivityManager: some avg10=1.42 avg60=0.72 avg300=0.18 total=672210
04-10 22:27:40.073   710  1434 E ActivityManager: full avg10=0.28 avg60=0.22 avg300=0.06 total=355225
04-10 22:27:40.073   710  1434 E ActivityManager: ----- End output from /proc/pressure/memory -----
04-10 22:27:40.073   710  1434 E ActivityManager: ----- Output from /proc/pressure/cpu -----
04-10 22:27:40.073   710  1434 E ActivityManager: some avg10=77.08 avg60=42.96 avg300=13.14 total=43904824
04-10 22:27:40.073   710  1434 E ActivityManager: full avg10=0.00 avg60=0.00 avg300=0.00 total=0
04-10 22:27:40.073   710  1434 E ActivityManager: ----- End output from /proc/pressure/cpu -----
04-10 22:27:40.073   710  1434 E ActivityManager: ----- Output from /proc/pressure/io -----
04-10 22:27:40.073   710  1434 E ActivityManager: some avg10=42.95 avg60=34.05 avg300=11.83 total=40919278
04-10 22:27:40.073   710  1434 E ActivityManager: full avg10=0.82 avg60=4.08 avg300=1.83 total=6984935
04-10 22:27:40.073   710  1434 E ActivityManager: ----- End output from /proc/pressure/io -----
04-10 22:27:40.073   710  1434 E ActivityManager: 
04-10 22:27:40.073   710  1434 E ActivityManager: CPU usage from 291ms to 17450ms later (2026-04-10 22:27:22.734 to 2026-04-10 22:27:39.892):
04-10 22:27:40.073   710  1434 E ActivityManager:   68% 710/system_server: 34% user + 33% kernel / faults: 3890 minor 162 major
04-10 22:27:40.073   710  1434 E ActivityManager:   50% 505/surfaceflinger: 21% user + 29% kernel / faults: 2195 minor 2 major
04-10 22:27:40.073   710  1434 E ActivityManager:   35% 1263/com.google.android.apps.nexuslauncher: 17% user + 17% kernel / faults: 2449 minor 4 major
04-10 22:27:40.073   710  1434 E ActivityManager:   18% 458/android.hardware.graphics.composer3-service.ranchu: 7.7% user + 10% kernel / faults: 353 minor
04-10 22:27:40.073   710  1434 E ActivityManager:   17% 1060/com.android.systemui: 10% user + 6.6% kernel / faults: 7685 minor 14 major
04-10 22:27:40.073   710  1434 E ActivityManager:   10% 512/adbd: 4.7% user + 5.8% kernel / faults: 9730 minor
04-10 22:27:40.073   710  1434 E ActivityManager:   8.1% 1/init: 2% user + 6% kernel / faults: 1182 minor
04-10 22:27:40.073   710  1434 E ActivityManager:   9.2% 1230/com.google.android.bluetooth: 4.9% user + 4.2% kernel / faults: 2056 minor 84 major
04-10 22:27:40.073   710  1434 E ActivityManager:   6.4% 449/android.hardware.sensors-service.multihal: 2.9% user + 3.5% kernel
04-10 22:27:40.073   710  1434 E ActivityManager:   6.2% 1262/com.android.phone: 3.6% user + 2.5% kernel / faults: 1702 minor 6 major
04-10 22:27:40.073   710  1434 E ActivityManager: 99% TOTAL: 41% user + 49% kernel + 0% iowait + 7.9% irq + 0.5% softirq
04-10 22:27:40.073   710  1434 E ActivityManager: CPU usage from 3184ms to 12971ms later (2026-04-10 22:27:25.626 to 2026-04-10 22:27:35.414):
04-10 22:27:40.073   710  1434 E ActivityManager:   66% 710/system_server: 34% user + 31% kernel / faults: 1659 minor 37 major
04-10 22:27:40.073   710  1434 E ActivityManager:     9.1% 921/PasspointProvis: 4.3% user + 4.8% kernel
04-10 22:27:40.073   710  1434 E ActivityManager:     8.5% 1438/AnrAuxiliaryTas: 3.2% user + 5.2% kernel
04-10 22:27:40.073   710  1434 E ActivityManager:     7.5% 859/eduling.default: 3.9% user + 3.6% kernel
04-10 22:27:40.073   710  1434 E ActivityManager:     5.5% 945/audioserver_lif: 2.9% user + 2.5% kernel
04-10 22:27:40.073   710  1434 E ActivityManager:     5% 738/android.display: 3.2% user + 1.8% kernel
04-10 22:27:40.073   710  1434 E ActivityManager:     2.5% 885/NetworkWatchlis: 1.1% user + 1.3% kernel
04-10 22:27:40.073   710  1434 E ActivityManager:     2.2% 742/watchdog: 1.1% user + 1.1% kernel
04-10 22:27:40.073   710  1434 E ActivityManager:     2% 919/WifiHandlerThre: 1.3% user + 0.6% kernel
04-10 22:27:40.073   710  1434 E ActivityManager:     1.3% 734/android.fg: 0.9% user + 0.4% kernel
04-10 22:27:40.073   710  1434 E ActivityManager:     1.3% 1105/binder:710_7: 1.1% user + 0.2% kernel
04-10 22:27:40.073   710  1434 E ActivityManager:     1.1% 710/system_server: 0.6% user + 0.4% kernel
04-10 22:27:40.073   710  1434 E ActivityManager:     1.1% 735/android.ui: 0.9% user + 0.2% kernel
04-10 22:27:40.073   710  1434 E ActivityManager:     1.1% 846/binder:710_5: 0.6% user + 0.4% kernel
04-10 22:27:40.073   710  1434 E ActivityManager:     1.1% 860/SensorService: 0.4% user + 0.6% kernel
04-10 22:27:40.073   710  1434 E ActivityManager:     0.9% 1456/binder:710_E: 0.6% user + 0.2% kernel
04-10 22:27:40.073   710  1434 E ActivityManager:     0.6% 740/android.anim: 0.4% user + 0.2% kernel
04-10 22:27:40.073   710  1434 E ActivityManager:     0.6% 1029/UwbService: 0.2% user + 0.4% kernel
04-10 22:27:40.073   710  1434 E ActivityManager:     0.4% 748/ActivityManager: 0.4% user + 0% kernel
04-10 22:27:40.073   710  1434 E ActivityManager:     0.4% 871/CachedAppOptimi: 0% user + 0.4% kernel
04-10 22:27:40.073   710  1434 E ActivityManager:     0.4% 925/WifiScanningSer: 0% user + 0.4% kernel
04-10 22:27:40.073   710  1434 E ActivityManager:     0.4% 1003/binder:710_6: 0.2% user + 0.2% kernel
04-10 22:27:40.073   710  1434 E ActivityManager:     0.4% 1454/binder:710_C: 0.2% user + 0.2% kernel
04-10 22:27:40.073   710  1434 E ActivityManager:     0.2% 737/android.io: 0% user + 0.2% kernel
04-10 22:27:40.073   710  1434 E ActivityManager:     0.2% 755/OomAdjuster: 0.2% user + 0% kernel
04-10 22:27:40.073   710  1434 E ActivityManager:     0.2% 759/socket_writer_q: 0% user + 0.2% kernel
04-10 22:27:40.073   710  1434 E ActivityManager:     0.2% 844/binder:710_3: 0% user + 0.2% kernel
04-10 22:27:40.073   710  1434 E ActivityManager:     0.2% 845/binder:710_4: 0.2% user + 0% kernel
04-10 22:27:40.073   710  1434 E ActivityManager:     0.2% 880/InputDispatcher: 0% user + 0.2% kernel
04-10 22:27:40.073   710  1434 E ActivityManager:     0.2% 883/BluetoothSystem: 0.2% user + 0% kernel
04-10 22:27:40.073   710  1434 E ActivityManager:     0.2% 927/ConnectivitySer: 0% user + 0.2% kernel
04-10 22:27:40.073   710  1434 E ActivityManager:     0.2% 1002/ThreadHandlerTh: 0.2% user + 0% kernel
04-10 22:27:40.073   710  1434 E ActivityManager:     0.2% 1168/binder:710_9: 0.2% user + 0% kernel
04-10 22:27:40.073   710  1434 E ActivityManager:    +0% 1594/RedirectListene: 0% user + 0% kernel
04-10 22:27:40.073   710  1434 E ActivityManager:    +0% 1595/AdbDebuggingMan: 0% user + 0% kernel
04-10 22:27:40.073   710  1434 E ActivityManager:    +0% 1620/UwbService: 0% user + 0% kernel
04-10 22:27:40.073   710  1434 E ActivityManager:    +0% 1621/AnrMainProcessD: 0% user + 0% kernel
04-10 22:27:40.073   710  1434 E ActivityManager:    +0% 1628/UwbService: 0% user + 0% kernel
04-10 22:27:40.073   710  1434 E ActivityManager:    +0% 1629/UwbService: 0% user + 0% kernel
04-10 22:27:40.073   710  1434 E ActivityManager:    +0% 1633/UwbService: 0% user + 0% kernel
04-10 22:27:40.073   710  1434 E ActivityManager:    +0% 1644/Thread-24: 0% user + 0% kernel
04-10 22:27:40.075   710  1434 E ActivityManager:    +0% 1645/UwbService: 0% user + 0% kernel
04-10 22:27:40.075   710  1434 E ActivityManager:    +0% 1646/UwbService: 0% user + 0% kernel
04-10 22:27:40.075   710  1434 E ActivityManager:   43% 505/surfaceflinger: 17% user + 25% kernel / faults: 1397 minor
04-10 22:27:40.075   710  1434 E ActivityManager:     12% 505/surfaceflinger: 5.1% user + 7.4% kernel
04-10 22:27:40.075   710  1434 E ActivityManager:     10% 534/RenderEngine: 4.3% user + 6.2% kernel
04-10 22:27:40.075   710  1434 E ActivityManager:     3.5% 569/TimerDispatch: 1.6% user + 1.8% kernel
04-10 22:27:40.075   710  1434 E ActivityManager:     3.1% 579/BckgrndExec HP: 1% user + 2% kernel
04-10 22:27:40.075   710  1434 E ActivityManager:     2.9% 570/app: 1.2% user + 1.6% kernel
04-10 22:27:40.075   710  1434 E ActivityManager:     1.8% 522/binder:505_2: 1% user + 0.8% kernel
04-10 22:27:40.075   710  1434 E ActivityManager:     1.8% 572/RegionSampling: 0.8% user + 1% kernel
04-10 22:27:40.075   710  1434 E ActivityManager:     1.4% 521/binder:505_1: 0.4% user + 1% kernel
04-10 22:27:40.075   710  1434 E ActivityManager:     1.4% 568/HwcAsyncWorker: 0.6% user + 0.8% kernel
04-10 22:27:40.075   710  1434 E ActivityManager:     1% 588/binder:505_3: 0.4% user + 0.6% kernel
04-10 22:27:40.075   710  1434 E ActivityManager:     1% 590/binder:505_4: 0.2% user + 0.8% kernel
04-10 22:27:40.075   710  1434 E ActivityManager:     0.8% 603/binder:505_5: 0.2% user + 0.6% kernel
04-10 22:27:40.075   710  1434 E ActivityManager:     0.4% 574/RegSampIdle: 0% user + 0.4% kernel
04-10 22:27:40.075   710  1434 E ActivityManager:     0.4% 595/RE Completion: 0.2% user + 0.2% kernel
04-10 22:27:40.075   710  1434 E ActivityManager:     0.2% 577/surfaceflinger: 0.2% user + 0% kernel
04-10 22:27:40.075   710  1434 E ActivityManager:     0.2% 877/BckgrndExec WL: 0% user + 0.2% kernel
04-10 22:27:40.075   710  1434 E ActivityManager:   33% 1263/com.google.android.apps.nexuslauncher: 18% user + 14% kernel / faults: 932 minor 1 major
04-10 22:27:40.075   710  1434 E ActivityManager:     16% 1331/RenderThread: 8% user + 8.4% kernel
04-10 22:27:40.075   710  1434 E ActivityManager:     6.4% 1364/loaderExecutor: 4.4% user + 2% kernel
04-10 22:27:40.075   710  1434 E ActivityManager:     4.8% 1263/s.nexuslauncher: 3.1% user + 1.7% kernel
04-10 22:27:40.075   710  1434 E ActivityManager:     1.5% 1292/binder:1263_2: 0.6% user + 0.8% kernel
04-10 22:27:40.075   710  1434 E ActivityManager:     0.8% 1286/HeapTaskDaemon: 0.4% user + 0.4% kernel
04-10 22:27:40.075   710  1434 E ActivityManager:     0.6% 1344/UiThreadHelper: 0.4% user + 0.2% kernel
04-10 22:27:40.075   710  1434 E ActivityManager:     0.4% 1380/RenderThread: 0.2% user + 0.2% kernel
04-10 22:27:40.075   710  1434 E ActivityManager:     0.2% 1278/Jit thread pool: 0.2% user + 0% kernel
04-10 22:27:40.075   710  1434 E ActivityManager:     0.2% 1302/binder:1263_3: 0.2% user + 0% kernel
04-10 22:27:40.075   710  1434 E ActivityManager:     0.2% 1335/BackgroundExecu: 0.2% user + 0% kernel
04-10 22:27:40.075   710  1434 E ActivityManager:     0.2% 1357/hwuiTask0: 0% user + 0.2% kernel
04-10 22:27:40.075   710  1434 E ActivityManager:     0.2% 1358/hwuiTask1: 0% user + 0.2% kernel
04-10 22:27:40.075   710  1434 E ActivityManager:    +0% 1611/binder:1263_7: 0% user + 0% kernel
04-10 22:27:40.075   710  1434 E ActivityManager:    +0% 1634/NoOpViewCapture: 0% user + 0% kernel
04-10 22:27:40.075   710  1434 E ActivityManager:    +0% 1639/binder:1263_8: 0% user + 0% kernel
04-10 22:27:40.075   710  1434 E ActivityManager:   15% 1060/com.android.systemui: 8.6% user + 7.2% kernel / faults: 3786 minor 2 major
04-10 22:27:40.075   710  1434 E ActivityManager:     5.8% 1238/RenderThread: 2.5% user + 3.2% kernel
04-10 22:27:40.075   710  1434 E ActivityManager:     3.9% 1060/ndroid.systemui: 3.2% user + 0.7% kernel
04-10 22:27:40.075   710  1434 E ActivityManager:     3.7% 1076/HeapTaskDaemon: 2.1% user + 1.6% kernel
04-10 22:27:40.075   710  1434 E ActivityManager:     0.7% 1199/SysUiBg: 0.2% user + 0.4% kernel
04-10 22:27:40.075   710  1434 E ActivityManager:     0.2% 1089/binder:1060_3: 0.2% user + 0% kernel
04-10 22:27:40.075   710  1434 E ActivityManager:     0.2% 1165/wmshell.main: 0% user + 0.2% kernel
04-10 22:27:40.075   710  1434 E ActivityManager:     0.2% 1200/SystemUIBg-2: 0.2% user + 0% kernel
04-10 22:27:40.075   710  1434 E ActivityManager:     0.2% 1201/SystemUIBg-4: 0.2% user + 0% kernel
04-10 22:27:40.075   710  1434 E ActivityManager:   13% 512/adbd: 6.3% user + 7.3% kernel / faults: 4188 minor
04-10 22:27:40.075   710  1434 E ActivityManager:     8.8% 512/adbd: 4.2% user + 4.6% kernel
04-10 22:27:40.075   710  1434 E ActivityManager:     1.6% 543/adbd: 0.6% user + 1% kernel
04-10 22:27:40.075   710  1434 E ActivityManager:     1% 542/adbd: 0.4% user + 0.6% kernel
04-10 22:27:40.075   710  1434 E ActivityManager:     0.2% 529/adbd: 0% user + 0.2% kernel
04-10 22:27:40.075   710  1434 E ActivityManager:     0.2% 530/adbd auth: 0.2% user + 0% kernel
04-10 22:27:40.075   710  1434 E ActivityManager:     0.2% 533/jdwp control: 0.2% user + 0% kernel
04-10 22:27:40.075   710  1434 E ActivityManager:    +0% 1596/adbd auth: 0% user + 0% kernel
04-10 22:27:40.075   710  1434 E ActivityManager:    +0% 1650/shell svc 1648: 0% user + 0% kernel
04-10 22:27:40.075   710  1434 E ActivityManager:   9.3% 1230/com.google.android.bluetooth: 5.7% user + 3.5% kernel / faults: 665 minor 2 major
04-10 22:27:40.075   710  1434 E ActivityManager:     2% 1237/HeapTaskDaemon: 1.3% user + 0.6% kernel
04-10 22:27:40.075   710  1434 E ActivityManager:     1.7% 1230/droid.bluetooth: 1.3% user + 0.4% kernel
04-10 22:27:40.075   710  1434 E ActivityManager:     1.5% 1489/bt_main_thread: 0.8% user + 0.6% kernel
04-10 22:27:40.075   710  1434 E ActivityManager:     0.8% 1496/gd_stack_thread: 0.6% user + 0.2% kernel
04-10 22:27:40.075   710  1434 E ActivityManager:     0.6% 1548/BluetoothGatt: 0.4% user + 0.2% kernel
04-10 22:27:40.075   710  1434 E ActivityManager:     0.2% 1248/binder:1230_3: 0.2% user + 0% kernel
04-10 22:27:40.075   710  1434 E ActivityManager:    +0% 1642/binder:1230_4: 0% user + 0% kernel
04-10 22:27:40.075   710  1434 E ActivityManager:    +0% 1651/PbapHandlerThre: 0% user + 0% kernel
04-10 22:27:40.075   710  1434 E ActivityManager:    +0% 1655/Thread-13: 0% user + 0% kernel
04-10 22:27:40.075   710  1434 E ActivityManager:    +0% 1656/Thread-14: 0% user + 0% kernel
04-10 22:27:40.075   710  1434 E ActivityManager:    +0% 1657/pool-3-thread-1: 0% user + 0% kernel
04-10 22:27:40.075   710  1434 E ActivityManager:   3.9% 1/init: 1.5% user + 2.4% kernel / faults: 180 minor
04-10 22:27:40.075   710  1434 E ActivityManager:     3.1% 1/init: 0.9% user + 2.2% kernel
04-10 22:27:40.075   710  1434 E ActivityManager:     0.7% 101/init: 0.6% user + 0.1% kernel
04-10 22:27:40.075   710  1434 E ActivityManager:   5.6% 449/android.hardware.sensors-service.multihal: 2% user + 3.6% kernel
04-10 22:27:40.075   710  1434 E ActivityManager:     4.9% 473/android.hardwar: 1.8% user + 3% kernel
04-10 22:27:40.075   710  1434 E ActivityManager:     0.8% 474/android.hardwar: 0.1% user + 0.6% kernel
04-10 22:27:40.075   710  1434 E ActivityManager:   5.7% 458/android.hardware.graphics.composer3-service.ranchu: 2.3% user + 3.3% kernel / faults: 5 minor
04-10 22:27:40.075   710  1434 E ActivityManager:     3.2% 1370/binder:458_2: 1.2% user + 1.9% kernel
04-10 22:27:40.075   710  1434 E ActivityManager:     2.3% 557/_thread: 0.8% user + 1.4% kernel
04-10 22:27:40.075   710  1434 E ActivityManager:   6.4% 1262/com.android.phone: 3.8% user + 2.6% kernel / faults: 872 minor 3 major
04-10 22:27:40.075   710  1434 E ActivityManager:     4% 1273/Signal Catcher: 2.2% user + 1.7% kernel
04-10 22:27:40.075   710  1434 E ActivityManager:     2% 1262/m.android.phone: 1.3% user + 0.6% kernel
04-10 22:27:40.075   710  1434 E ActivityManager:     0.2% 1347/Profile Saver: 0.2% user + 0% kernel
04-10 22:27:40.075   710  1434 E ActivityManager:   3.7% 287/logd: 1.4% user + 2.2% kernel / faults: 71 minor
04-10 22:27:40.075   710  1434 E ActivityManager:     3.5% 299/logd.writer: 1.4% user + 2.1% kernel
04-10 22:27:40.075   710  1434 E ActivityManager:     0.1% 301/logd.auditd: 0% user + 0.1% kernel
04-10 22:27:40.075   710  1434 E ActivityManager:   4.9% 576/installd: 2.2% user + 2.7% kernel / faults: 1 minor
04-10 22:27:40.075   710  1434 E ActivityManager:     4.7% 598/binder:576_1: 2% user + 2.7% kernel
04-10 22:27:40.075   710  1434 E ActivityManager:   2.5% 221/kworker/u16:3-events_unbound: 0% user + 2.5% kernel
04-10 22:27:40.075   710  1434 E ActivityManager:   3.3% 1452/com.google.android.gms.persistent: 1.7% user + 1.5% kernel / faults: 306 minor 59 major
04-10 22:27:40.075   710  1434 E ActivityManager:     3.1% 1452/.gms.persistent: 1.5% user + 1.5% kernel
04-10 22:27:40.075   710  1434 E ActivityManager:    +0% 1603/ProcessStablePh: 0% user + 0% kernel
04-10 22:27:40.075   710  1434 E ActivityManager:    +0% 1604/SharedPreferenc: 0% user + 0% kernel
04-10 22:27:40.075   710  1434 E ActivityManager:   2.2% 289/servicemanager: 1.1% user + 1.1% kernel
04-10 22:27:40.075   710  1434 E ActivityManager:     1.9% 289/servicemanager: 0.9% user + 0.9% kernel
04-10 22:27:40.075   710  1434 E ActivityManager:   1.6% 67/kswapd0: 0% user + 1.6% kernel
04-10 22:27:40.075   710  1434 E ActivityManager:   1.1% 436/zygote64: 0.2% user + 0.8% kernel / faults: 165 minor
04-10 22:27:40.075   710  1434 E ActivityManager:   1% 303/vold: 0.3% user + 0.7% kernel / faults: 77 minor
04-10 22:27:40.075   710  1434 E ActivityManager:     1% 303/binder:303_2: 0.3% user + 0.7% kernel
04-10 22:27:40.075   710  1434 E ActivityManager:   0.9% 66/kworker/3:1H-kverityd: 0% user + 0.9% kernel
04-10 22:27:40.075   710  1434 E ActivityManager:   0.9% 288/lmkd: 0.1% user + 0.8% kernel / faults: 2 minor
04-10 22:27:40.075   710  1434 E ActivityManager:     0.9% 288/lmkd: 0.3% user + 0.6% kernel
04-10 22:27:40.075   710  1434 E ActivityManager:   0.8% 435/statsd: 0.4% user + 0.4% kernel / faults: 6 minor
04-10 22:27:40.075   710  1434 E ActivityManager:     0.4% 439/statsd.writer: 0.1% user + 0.2% kernel
04-10 22:27:40.075   710  1434 E ActivityManager:     0.1% 438/binder:435_1: 0% user + 0.1% kernel
04-10 22:27:40.075   710  1434 E ActivityManager:     0.1% 442/statsd.reader: 0.1% user + 0% kernel
04-10 22:27:40.075   710  1434 E ActivityManager:    +0% 1600/binder:435_1: 0% user + 0% kernel
04-10 22:27:40.075   710  1434 E ActivityManager:   0.7% 227/kworker/u16:4-writeback: 0% user + 0.7% kernel
04-10 22:27:40.075   710  1434 E ActivityManager:   1.1% 1259/com.android.se: 0.6% user + 0.4% kernel / faults: 165 minor
04-10 22:27:40.075   710  1434 E ActivityManager:     0.8% 1267/HeapTaskDaemon: 0.4% user + 0.4% kernel
04-10 22:27:40.075   710  1434 E ActivityManager:   0.6% 312/keystore2: 0.4% user + 0.1% kernel / faults: 38 minor
04-10 22:27:40.075   710  1434 E ActivityManager:     0.1% 322/keystore2: 0.1% user + 0% kernel
04-10 22:27:40.075   710  1434 E ActivityManager:     0.1% 325/binder:312_2: 0.1% user + 0% kernel
04-10 22:27:40.075   710  1434 E ActivityManager:    +0% 1605/keystore2: 0% user + 0% kernel
04-10 22:27:40.075   710  1434 E ActivityManager:    +0% 1614/binder:312_2: 0% user + 0% kernel
04-10 22:27:40.075   710  1434 E ActivityManager:   0.6% 352/apexd: 0.3% user + 0.3% kernel / faults: 18 minor 2 major
04-10 22:27:40.075   710  1434 E ActivityManager:     0.4% 352/apexd: 0.1% user + 0.3% kernel
04-10 22:27:40.075   710  1434 E ActivityManager:   0.8% 516/android.hardware.uwb-service: 0.4% user + 0.4% kernel / faults: 6 minor
04-10 22:27:40.075   710  1434 E ActivityManager:     0.4% 516/android.hardwar: 0.2% user + 0.2% kernel
04-10 22:27:40.075   710  1434 E ActivityManager:    +0% 1647/tokio-runtime-w: 0% user + 0% kernel
04-10 22:27:40.075   710  1434 E ActivityManager:   0.3% 18/rcu_preempt: 0% user + 0.3% kernel
04-10 22:27:40.075   710  1434 E ActivityManager:   0.4% 65/kworker/1:1-events: 0% user + 0.4% kernel
04-10 22:27:40.075   710  1434 E ActivityManager:   0.4% 97/erofs_worker/3: 0% user + 0.4% kernel
04-10 22:27:40.075   710  1434 E ActivityManager:   0.4% 444/android.hardware.audio.service: 0.3% user + 0.1% kernel / faults: 13 minor
04-10 22:27:40.075   710  1434 E ActivityManager:     0.1% 451/binder:444_1: 0% user + 0.1% kernel
04-10 22:27:40.075   710  1434 E ActivityManager:     0.1% 452/binder:444_2: 0.1% user + 0% kernel
04-10 22:27:40.075   710  1434 E ActivityManager:   0.5% 475/kworker/2:2-virtio_vsock: 0% user + 0.5% kernel
04-10 22:27:40.075   710  1434 E ActivityManager:   0.5% 476/kworker/2:3-virtio_vsock: 0% user + 0.5% kernel
04-10 22:27:40.075   710  1434 E ActivityManager:   0.6% 514/android.hardware.graphics.allocator-service.ranchu: 0.2% user + 0.4% kernel
04-10 22:27:40.075   710  1434 E ActivityManager:     0.6% 514/android.hardwar: 0.2% user + 0.4% kernel
04-10 22:27:40.075   710  1434 E ActivityManager:   0.3% 292/psimon: 0% user + 0.3% kernel
04-10 22:27:40.075   710  1434 E ActivityManager:   0.3% 457/android.hardware.bluetooth-service.default: 0.1% user + 0.1% kernel
04-10 22:27:40.075   710  1434 E ActivityManager:     0.1% 1515/android.hardwar: 0.1% user + 0% kernel
04-10 22:27:40.075   710  1434 E ActivityManager:   0.1% 19/rcuog/0: 0% user + 0.1% kernel
04-10 22:27:40.075   710  1434 E ActivityManager:   0.1% 30/ksoftirqd/1: 0% user + 0.1% kernel
04-10 22:27:40.075   710  1434 E ActivityManager:   0.1% 33/rcuop/1: 0% user + 0.1% kernel
04-10 22:27:40.075   710  1434 E ActivityManager:   0.1% 40/rcuog/2: 0% user + 0.1% kernel
04-10 22:27:40.075   710  1434 E ActivityManager:   0.1% 41/rcuop/2: 0% user + 0.1% kernel
04-10 22:27:40.075   710  1434 E ActivityManager:   0.1% 45/ksoftirqd/3: 0% user + 0.1% kernel
04-10 22:27:40.075   710  1434 E ActivityManager:   0.1% 46/kworker/3:0-cgroup_offline: 0% user + 0.1% kernel
04-10 22:27:40.075   710  1434 E ActivityManager:   0.1% 48/rcuop/3: 0% user + 0.1% kernel
04-10 22:27:40.075   710  1434 E ActivityManager:   0.1% 313/android.hardware.security.keymint-service: 0.1% user + 0% kernel
04-10 22:27:40.075   710  1434 E ActivityManager:   0.1% 329/kworker/u17:1-fscrypt_read_queue: 0% user + 0.1% kernel
04-10 22:27:40.075   710  1434 E ActivityManager:   0.1% 331/kworker/u17:3-fscrypt_read_queue: 0% user + 0.1% kernel
04-10 22:27:40.075   710  1434 E ActivityManager:   0.1% 340/jbd2/dm-6-8: 0% user + 0.1% kernel
04-10 22:27:40.075   710  1434 E ActivityManager:   0.1% 434/netd: 0.1% user + 0% kernel / faults: 2 minor
04-10 22:27:40.075   710  1434 E ActivityManager:   0.1% 445/android.hardware.camera.provider@2.7-service-google: 0.1% user + 0% kernel
04-10 22:27:40.075   710  1434 E ActivityManager:   0.1% 488/android.hardware.power-service.example: 0.1% user + 0% kernel
04-10 22:27:40.075   710  1434 E ActivityManager:     0.1% 488/android.hardwar: 0.1% user + 0% kernel
04-10 22:27:40.075   710  1434 E ActivityManager:   0.1% 491/android.hardware.power.stats-service.example: 0.1% user + 0% kernel
04-10 22:27:40.075   710  1434 E ActivityManager:   0.2% 558/bt_vhci_forwarder: 0% user + 0.2% kernel
04-10 22:27:40.075   710  1434 E ActivityManager:  +0% 1562/com.google.android.inputmethod.latin: 0% user + 0% kernel
04-10 22:27:40.075   710  1434 E ActivityManager:  +0% 1597/mdnsd: 0% user + 0% kernel
04-10 22:27:40.075   710  1434 E ActivityManager: 99% TOTAL: 42% user + 48% kernel + 8.3% irq + 0.5% softirq
04-10 22:27:41.608   710   748 E MusicRecognitionManagerPerUserService: Bad service name: com.google.android.googlequicksearchbox/com.google.android.apps.search.soundsearch.service.SoundSearchService
04-10 22:27:41.842   710  1434 E ActivityManager: ANR in com.android.phone
04-10 22:27:41.842   710  1434 E ActivityManager: PID: 1262
04-10 22:27:41.842   710  1434 E ActivityManager: Reason: Broadcast of Intent { act=android.safetycenter.action.REFRESH_SAFETY_SOURCES flg=0x10000010 xflg=0x4 pkg=com.android.phone cmp=com.android.phone/.security.SafetySourceReceiver (has extras) }
04-10 22:27:41.842   710  1434 E ActivityManager: ErrorId: 1f08cccf-f29f-43bf-aeb3-8fc256a295df
04-10 22:27:41.842   710  1434 E ActivityManager: Frozen: false
04-10 22:27:41.842   710  1434 E ActivityManager: Load: 0.0 / 0.0 / 0.0
04-10 22:27:41.842   710  1434 E ActivityManager: ----- Output from /proc/pressure/memory -----
04-10 22:27:41.842   710  1434 E ActivityManager: some avg10=0.56 avg60=0.67 avg300=0.21 total=846378
04-10 22:27:41.842   710  1434 E ActivityManager: full avg10=0.04 avg60=0.16 avg300=0.05 total=432399
04-10 22:27:41.842   710  1434 E ActivityManager: ----- End output from /proc/pressure/memory -----
04-10 22:27:41.842   710  1434 E ActivityManager: ----- Output from /proc/pressure/cpu -----
04-10 22:27:41.842   710  1434 E ActivityManager: some avg10=83.05 avg60=53.76 avg300=17.43 total=59912246
04-10 22:27:41.842   710  1434 E ActivityManager: full avg10=0.00 avg60=0.00 avg300=0.00 total=0
04-10 22:27:41.842   710  1434 E ActivityManager: ----- End output from /proc/pressure/cpu -----
04-10 22:27:41.842   710  1434 E ActivityManager: ----- Output from /proc/pressure/io -----
04-10 22:27:41.842   710  1434 E ActivityManager: some avg10=39.19 avg60=35.12 avg300=13.41 total=48156903
04-10 22:27:41.842   710  1434 E ActivityManager: full avg10=0.13 avg60=3.02 avg300=1.72 total=6987875
04-10 22:27:41.842   710  1434 E ActivityManager: ----- End output from /proc/pressure/io -----
04-10 22:27:41.842   710  1434 E ActivityManager: 
04-10 22:27:41.842   710  1434 E ActivityManager: CPU usage from 18130ms to 971ms ago (2026-04-10 22:27:22.734 to 2026-04-10 22:27:39.892):
04-10 22:27:41.842   710  1434 E ActivityManager:   68% 710/system_server: 34% user + 33% kernel / faults: 3890 minor 162 major
04-10 22:27:41.842   710  1434 E ActivityManager:   50% 505/surfaceflinger: 21% user + 29% kernel / faults: 2195 minor 2 major
04-10 22:27:41.842   710  1434 E ActivityManager:   35% 1263/com.google.android.apps.nexuslauncher: 17% user + 17% kernel / faults: 2449 minor 4 major
04-10 22:27:41.842   710  1434 E ActivityManager:   18% 458/android.hardware.graphics.composer3-service.ranchu: 7.7% user + 10% kernel / faults: 353 minor
04-10 22:27:41.842   710  1434 E ActivityManager:   17% 1060/com.android.systemui: 10% user + 6.6% kernel / faults: 7685 minor 14 major
04-10 22:27:41.842   710  1434 E ActivityManager:   10% 512/adbd: 4.7% user + 5.8% kernel / faults: 9730 minor
04-10 22:27:41.842   710  1434 E ActivityManager:   8.1% 1/init: 2% user + 6% kernel / faults: 1182 minor
04-10 22:27:41.842   710  1434 E ActivityManager:   9.2% 1230/com.google.android.bluetooth: 4.9% user + 4.2% kernel / faults: 2056 minor 84 major
04-10 22:27:41.842   710  1434 E ActivityManager:   6.4% 449/android.hardware.sensors-service.multihal: 2.9% user + 3.5% kernel
04-10 22:27:41.842   710  1434 E ActivityManager:   6.2% 1262/com.android.phone: 3.6% user + 2.5% kernel / faults: 1702 minor 6 major
04-10 22:27:41.842   710  1434 E ActivityManager: 99% TOTAL: 41% user + 49% kernel + 0% iowait + 7.9% irq + 0.5% softirq
04-10 22:27:41.842   710  1434 E ActivityManager: CPU usage from 116518ms to 116518ms ago (1970-01-01 05:30:00.000 to 1970-01-01 05:30:00.000) with 0% awake:
04-10 22:27:41.842   710  1434 E ActivityManager: 0% TOTAL: 0% user + 0% kernel
04-10 22:27:42.982   710   748 E WearableSensingManagerPerUserService: Bad service name: com.google.android.glasses.core/com.google.android.projection.core.secure.TrustedAmbientSensingService
04-10 22:27:45.956   710   959 E BackupPasswordManager: Unable to read backup pw version
04-10 22:27:45.957   710   959 E BackupPasswordManager: Unable to read saved backup pw hash
04-10 22:27:52.183   710  1849 E TaskPersister: File error accessing recents directory (directory doesn't exist?).
04-10 22:28:03.494   710  1720 E ActivityThread: Failed to find provider info for downloads
04-10 22:28:05.317   710  1840 E ActivityManager: Aborted stack trace dump (current primary pid=1060); deadline exceeded.
04-10 22:28:05.378   710   896 E StorageManagerService: Failed to mount volume VolumeInfo{emulated;0}:
04-10 22:28:05.378   710   896 E StorageManagerService:     type=EMULATED diskId=null partGuid= mountFlags=PRIMARY|VISIBLE_FOR_WRITE 
04-10 22:28:05.378   710   896 E StorageManagerService:     mountUserId=0 state=CHECKING 
04-10 22:28:05.378   710   896 E StorageManagerService:     fsType=null fsUuid=null fsLabel=null 
04-10 22:28:05.378   710   896 E StorageManagerService:     path=/storage/emulated internalPath=/data/media 
04-10 22:28:05.378   710   896 E StorageManagerService: 
04-10 22:28:05.378   710   896 E StorageManagerService: com.android.server.storage.StorageSessionController$ExternalStorageServiceException: Failed to start session: [SessionId: emulated;0. UpperPath: /storage/emulated. LowerPath: /data/media]
04-10 22:28:05.378   710   896 E StorageManagerService: 	at com.android.server.storage.StorageUserConnection$ActiveConnection.startSession(StorageUserConnection.java:414)
04-10 22:28:05.378   710   896 E StorageManagerService: 	at com.android.server.storage.StorageUserConnection.startSession(StorageUserConnection.java:111)
04-10 22:28:05.378   710   896 E StorageManagerService: 	at com.android.server.storage.StorageSessionController.onVolumeMount(StorageSessionController.java:133)
04-10 22:28:05.378   710   896 E StorageManagerService: 	at com.android.server.StorageManagerService$8.onVolumeChecking(StorageManagerService.java:2466)
04-10 22:28:05.378   710   896 E StorageManagerService: 	at android.os.IVoldMountCallback$Stub.onTransact(IVoldMountCallback.java:89)
04-10 22:28:05.378   710   896 E StorageManagerService: 	at android.os.Binder.execTransactInternal(Binder.java:1471)
04-10 22:28:05.378   710   896 E StorageManagerService: 	at android.os.Binder.execTransact(Binder.java:1411)
04-10 22:28:05.378   710   896 E StorageManagerService: 	at android.os.BinderProxy.transactNative(Native Method)
04-10 22:28:05.378   710   896 E StorageManagerService: 	at android.os.BinderProxy.transact(BinderProxy.java:617)
04-10 22:28:05.378   710   896 E StorageManagerService: 	at android.os.IVold$Stub$Proxy.mount(IVold.java:1785)
04-10 22:28:05.378   710   896 E StorageManagerService: 	at com.android.server.StorageManagerService.mount(StorageManagerService.java:2455)
04-10 22:28:05.378   710   896 E StorageManagerService: 	at com.android.server.StorageManagerService.-$$Nest$mmount(StorageManagerService.java:0)
04-10 22:28:05.378   710   896 E StorageManagerService: 	at com.android.server.StorageManagerService$StorageManagerServiceHandler.handleMessage(StorageManagerService.java:795)
04-10 22:28:05.378   710   896 E StorageManagerService: 	at android.os.Handler.dispatchMessageImpl(Handler.java:142)
04-10 22:28:05.378   710   896 E StorageManagerService: 	at android.os.Handler.dispatchMessage(Handler.java:125)
04-10 22:28:05.378   710   896 E StorageManagerService: 	at android.os.Looper.loopOnce(Looper.java:292)
04-10 22:28:05.378   710   896 E StorageManagerService: 	at android.os.Looper.loop(Looper.java:393)
04-10 22:28:05.378   710   896 E StorageManagerService: 	at android.os.HandlerThread.run(HandlerThread.java:139)
04-10 22:28:05.378   710   896 E StorageManagerService: Caused by: java.util.concurrent.TimeoutException
04-10 22:28:05.378   710   896 E StorageManagerService: 	at java.util.concurrent.CompletableFuture.timedGet(CompletableFuture.java:1936)
04-10 22:28:05.378   710   896 E StorageManagerService: 	at java.util.concurrent.CompletableFuture.get(CompletableFuture.java:2071)
04-10 22:28:05.378   710   896 E StorageManagerService: 	at com.android.server.storage.StorageUserConnection$ActiveConnection.waitForAsync(StorageUserConnection.java:399)
04-10 22:28:05.378   710   896 E StorageManagerService: 	at com.android.server.storage.StorageUserConnection$ActiveConnection.waitForAsyncVoid(StorageUserConnection.java:365)
04-10 22:28:05.378   710   896 E StorageManagerService: 	at com.android.server.storage.StorageUserConnection$ActiveConnection.waitForAsyncVoid(StorageUserConnection.java:356)
04-10 22:28:05.378   710   896 E StorageManagerService: 	at com.android.server.storage.StorageUserConnection$ActiveConnection.startSession(StorageUserConnection.java:410)
04-10 22:28:05.378   710   896 E StorageManagerService: 	... 17 more
04-10 22:28:05.395   710   896 E StorageManagerService: android.os.ServiceSpecificException:  (code -5)
04-10 22:28:05.395   710   896 E StorageManagerService: 	at android.os.Parcel.createExceptionOrNull(Parcel.java:3397)
04-10 22:28:05.395   710   896 E StorageManagerService: 	at android.os.Parcel.createException(Parcel.java:3367)
04-10 22:28:05.395   710   896 E StorageManagerService: 	at android.os.Parcel.readException(Parcel.java:3350)
04-10 22:28:05.395   710   896 E StorageManagerService: 	at android.os.Parcel.readException(Parcel.java:3292)
04-10 22:28:05.395   710   896 E StorageManagerService: 	at android.os.IVold$Stub$Proxy.mount(IVold.java:1786)
04-10 22:28:05.395   710   896 E StorageManagerService: 	at com.android.server.StorageManagerService.mount(StorageManagerService.java:2455)
04-10 22:28:05.395   710   896 E StorageManagerService: 	at com.android.server.StorageManagerService.-$$Nest$mmount(StorageManagerService.java:0)
04-10 22:28:05.395   710   896 E StorageManagerService: 	at com.android.server.StorageManagerService$StorageManagerServiceHandler.handleMessage(StorageManagerService.java:795)
04-10 22:28:05.395   710   896 E StorageManagerService: 	at android.os.Handler.dispatchMessageImpl(Handler.java:142)
04-10 22:28:05.395   710   896 E StorageManagerService: 	at android.os.Handler.dispatchMessage(Handler.java:125)
04-10 22:28:05.395   710   896 E StorageManagerService: 	at android.os.Looper.loopOnce(Looper.java:292)
04-10 22:28:05.395   710   896 E StorageManagerService: 	at android.os.Looper.loop(Looper.java:393)
04-10 22:28:05.395   710   896 E StorageManagerService: 	at android.os.HandlerThread.run(HandlerThread.java:139)
04-10 22:28:06.123   710   710 E SystemServiceRegistry: Manager wrapper not available: face
04-10 22:28:08.758   434   467 E NetlinkEvent: NetlinkEvent::FindParam(): Parameter 'INTERFACE' not found
04-10 22:28:08.768   434   467 E NetlinkEvent: NetlinkEvent::FindParam(): Parameter 'STATE' not found
04-10 22:28:08.768   434   467 E NetlinkEvent: NetlinkEvent::FindParam(): Parameter 'TIME_NS' not found
04-10 22:28:08.768   434   467 E NetlinkEvent: NetlinkEvent::FindParam(): Parameter 'UID' not found
04-10 22:28:08.828   710   859 E JobScheduler.Quota: <0>com.android.chrome has 0 EJ quota without running anything
04-10 22:28:08.832   710   859 E JobScheduler.Quota: <0>com.android.chrome has 0 EJ quota without running anything
04-10 22:28:08.838   710   859 E JobScheduler.Quota: <0>com.android.chrome has 0 EJ quota without running anything
04-10 22:28:12.253   710   747 E PackageManager: Optimistic bind failed.
04-10 22:28:12.253   710   747 E PackageManager: java.util.concurrent.TimeoutException: [Optimistic Bind] Didn't bind to resolver in time!
04-10 22:28:12.253   710   747 E PackageManager: 	at com.android.server.pm.InstantAppResolverConnection.waitForBindLocked(InstantAppResolverConnection.java:160)
04-10 22:28:12.253   710   747 E PackageManager: 	at com.android.server.pm.InstantAppResolverConnection.bind(InstantAppResolverConnection.java:230)
04-10 22:28:12.253   710   747 E PackageManager: 	at com.android.server.pm.InstantAppResolverConnection.lambda$optimisticBind$0(InstantAppResolverConnection.java:260)
04-10 22:28:12.253   710   747 E PackageManager: 	at com.android.server.pm.InstantAppResolverConnection.$r8$lambda$66W2s2mMKe4pk_xXCScH9RCqav8(InstantAppResolverConnection.java:0)
04-10 22:28:12.253   710   747 E PackageManager: 	at com.android.server.pm.InstantAppResolverConnection$$ExternalSyntheticLambda0.run(R8$$SyntheticClass:0)
04-10 22:28:12.253   710   747 E PackageManager: 	at android.os.Handler.handleCallback(Handler.java:1095)
04-10 22:28:12.253   710   747 E PackageManager: 	at android.os.Handler.dispatchMessageImpl(Handler.java:135)
04-10 22:28:12.253   710   747 E PackageManager: 	at android.os.Handler.dispatchMessage(Handler.java:125)
04-10 22:28:12.253   710   747 E PackageManager: 	at android.os.Looper.loopOnce(Looper.java:292)
04-10 22:28:12.253   710   747 E PackageManager: 	at android.os.Looper.loop(Looper.java:393)
04-10 22:28:12.253   710   747 E PackageManager: 	at android.os.HandlerThread.run(HandlerThread.java:139)
04-10 22:28:17.655   710   917 E NetworkPolicy: Missing subscriberId for subId 1
04-10 22:28:18.367   710  2394 E ActivityManager: ANR in com.android.phone
04-10 22:28:18.367   710  2394 E ActivityManager: PID: 1748
04-10 22:28:18.367   710  2394 E ActivityManager: Reason: Process ProcessRecord{2290c25 1748:com.android.phone/1001} failed to complete startup
04-10 22:28:18.367   710  2394 E ActivityManager: ErrorId: a5d20b21-6e78-42f1-9347-aba3a7e10d0a
04-10 22:28:18.367   710  2394 E ActivityManager: Frozen: false
04-10 22:28:18.367   710  2394 E ActivityManager: Load: 0.0 / 0.0 / 0.0
04-10 22:28:18.367   710  2394 E ActivityManager: ----- Output from /proc/pressure/memory -----
04-10 22:28:18.367   710  2394 E ActivityManager: some avg10=4.32 avg60=2.26 avg300=0.65 total=2463626
04-10 22:28:18.367   710  2394 E ActivityManager: full avg10=2.37 avg60=1.07 avg300=0.29 total=1285779
04-10 22:28:18.367   710  2394 E ActivityManager: ----- End output from /proc/pressure/memory -----
04-10 22:28:18.367   710  2394 E ActivityManager: ----- Output from /proc/pressure/cpu -----
04-10 22:28:18.367   710  2394 E ActivityManager: some avg10=79.75 avg60=65.82 avg300=24.52 total=88369134
04-10 22:28:18.367   710  2394 E ActivityManager: full avg10=0.00 avg60=0.00 avg300=0.00 total=0
04-10 22:28:18.367   710  2394 E ActivityManager: ----- End output from /proc/pressure/cpu -----
04-10 22:28:18.367   710  2394 E ActivityManager: ----- Output from /proc/pressure/io -----
04-10 22:28:18.367   710  2394 E ActivityManager: some avg10=42.01 avg60=38.03 avg300=16.53 total=62806734
04-10 22:28:18.367   710  2394 E ActivityManager: full avg10=0.70 avg60=1.91 avg300=1.57 total=7169901
04-10 22:28:18.367   710  2394 E ActivityManager: ----- End output from /proc/pressure/io -----
04-10 22:28:18.367   710  2394 E ActivityManager: 
04-10 22:28:18.367   710  2394 E ActivityManager: CPU usage from 25077ms to -25ms ago (2026-04-10 22:27:50.939 to 2026-04-10 22:28:16.040):
04-10 22:28:18.367   710  2394 E ActivityManager:   91% 710/system_server: 47% user + 44% kernel / faults: 32749 minor 1497 major
04-10 22:28:18.367   710  2394 E ActivityManager:   32% 505/surfaceflinger: 14% user + 17% kernel / faults: 97 minor 1 major
04-10 22:28:18.367   710  2394 E ActivityManager:   16% 1060/com.android.systemui: 8.5% user + 7.7% kernel / faults: 13042 minor 495 major
04-10 22:28:18.367   710  2394 E ActivityManager:   11% 67/kswapd0: 0% user + 11% kernel
04-10 22:28:18.367   710  2394 E ActivityManager:   7.7% 449/android.hardware.sensors-service.multihal: 3.3% user + 4.3% kernel
04-10 22:28:18.367   710  2394 E ActivityManager:   7.5% 1748/com.android.phone: 4.2% user + 3.2% kernel / faults: 5437 minor 36 major
04-10 22:28:18.367   710  2394 E ActivityManager:   6.5% 1214/com.android.networkstack.process: 3.9% user + 2.5% kernel / faults: 3763 minor 17 major
04-10 22:28:18.367   710  2394 E ActivityManager:   5.7% 458/android.hardware.graphics.composer3-service.ranchu: 2.3% user + 3.4% kernel / faults: 2 minor
04-10 22:28:18.367   710  2394 E ActivityManager:   5.6% 512/adbd: 2.5% user + 3% kernel / faults: 3948 minor
04-10 22:28:18.367   710  2394 E ActivityManager:   3.5% 287/logd: 1.4% user + 2% kernel / faults: 148 minor
04-10 22:28:18.367   710  2394 E ActivityManager: 99% TOTAL: 40% user + 47% kernel + 0.5% iowait + 10% irq + 1% softirq
04-10 22:28:18.367   710  2394 E ActivityManager: CPU usage from 151670ms to 151670ms ago (1970-01-01 05:30:00.000 to 1970-01-01 05:30:00.000) with 0% awake:
04-10 22:28:18.367   710  2394 E ActivityManager: 0% TOTAL: 0% user + 0% kernel
04-10 22:28:24.637   710   960 E AppWidgetServiceImpl: Widget host dead: HostId{user:0, app:10193, hostId:1025, pkg:com.google.android.apps.nexuslauncher}
04-10 22:28:24.637   710   960 E AppWidgetServiceImpl: android.os.DeadObjectException
04-10 22:28:24.637   710   960 E AppWidgetServiceImpl: 	at android.os.BinderProxy.transactNative(Native Method)
04-10 22:28:24.637   710   960 E AppWidgetServiceImpl: 	at android.os.BinderProxy.transact(BinderProxy.java:617)
04-10 22:28:24.637   710   960 E AppWidgetServiceImpl: 	at com.android.internal.appwidget.IAppWidgetHost$Stub$Proxy.updateAppWidget(IAppWidgetHost.java:206)
04-10 22:28:24.637   710   960 E AppWidgetServiceImpl: 	at com.android.server.appwidget.AppWidgetServiceImpl.handleNotifyUpdateAppWidget(AppWidgetServiceImpl.java:3327)
04-10 22:28:24.637   710   960 E AppWidgetServiceImpl: 	at com.android.server.appwidget.AppWidgetServiceImpl.-$$Nest$mhandleNotifyUpdateAppWidget(AppWidgetServiceImpl.java:0)
04-10 22:28:24.637   710   960 E AppWidgetServiceImpl: 	at com.android.server.appwidget.AppWidgetServiceImpl$CallbackHandler.handleMessage(AppWidgetServiceImpl.java:5923)
04-10 22:28:24.637   710   960 E AppWidgetServiceImpl: 	at android.os.Handler.dispatchMessageImpl(Handler.java:142)
04-10 22:28:24.637   710   960 E AppWidgetServiceImpl: 	at android.os.Handler.dispatchMessage(Handler.java:125)
04-10 22:28:24.637   710   960 E AppWidgetServiceImpl: 	at android.os.Looper.loopOnce(Looper.java:292)
04-10 22:28:24.637   710   960 E AppWidgetServiceImpl: 	at android.os.Looper.loop(Looper.java:393)
04-10 22:28:24.637   710   960 E AppWidgetServiceImpl: 	at android.os.HandlerThread.run(HandlerThread.java:139)
04-10 22:28:24.637   710   960 E AppWidgetServiceImpl: 	at com.android.server.ServiceThread.run(ServiceThread.java:46)
04-10 22:28:25.723   710   747 E PackageManager: Optimistic bind failed.
04-10 22:28:25.723   710   747 E PackageManager: java.util.concurrent.TimeoutException: [Optimistic Bind] Didn't bind to resolver in time!
04-10 22:28:25.723   710   747 E PackageManager: 	at com.android.server.pm.InstantAppResolverConnection.waitForBindLocked(InstantAppResolverConnection.java:160)
04-10 22:28:25.723   710   747 E PackageManager: 	at com.android.server.pm.InstantAppResolverConnection.bind(InstantAppResolverConnection.java:230)
04-10 22:28:25.723   710   747 E PackageManager: 	at com.android.server.pm.InstantAppResolverConnection.lambda$optimisticBind$0(InstantAppResolverConnection.java:260)
04-10 22:28:25.723   710   747 E PackageManager: 	at com.android.server.pm.InstantAppResolverConnection.$r8$lambda$66W2s2mMKe4pk_xXCScH9RCqav8(InstantAppResolverConnection.java:0)
04-10 22:28:25.723   710   747 E PackageManager: 	at com.android.server.pm.InstantAppResolverConnection$$ExternalSyntheticLambda0.run(R8$$SyntheticClass:0)
04-10 22:28:25.723   710   747 E PackageManager: 	at android.os.Handler.handleCallback(Handler.java:1095)
04-10 22:28:25.723   710   747 E PackageManager: 	at android.os.Handler.dispatchMessageImpl(Handler.java:135)
04-10 22:28:25.723   710   747 E PackageManager: 	at android.os.Handler.dispatchMessage(Handler.java:125)
04-10 22:28:25.723   710   747 E PackageManager: 	at android.os.Looper.loopOnce(Looper.java:292)
04-10 22:28:25.723   710   747 E PackageManager: 	at android.os.Looper.loop(Looper.java:393)
04-10 22:28:25.723   710   747 E PackageManager: 	at android.os.HandlerThread.run(HandlerThread.java:139)
04-10 22:28:26.007   710   896 E StorageManagerService: Failed to mount volume VolumeInfo{public:253,80}:
04-10 22:28:26.007   710   896 E StorageManagerService:     type=PUBLIC diskId=disk:253,80 partGuid= mountFlags=VISIBLE_FOR_WRITE 
04-10 22:28:26.007   710   896 E StorageManagerService:     mountUserId=0 state=CHECKING 
04-10 22:28:26.007   710   896 E StorageManagerService:     fsType=vfat fsUuid=0000-0000 fsLabel=SDCARD 
04-10 22:28:26.007   710   896 E StorageManagerService:     path=/storage/0000-0000 internalPath=/mnt/media_rw/0000-0000 
04-10 22:28:26.007   710   896 E StorageManagerService: 
04-10 22:28:26.007   710   896 E StorageManagerService: com.android.server.storage.StorageSessionController$ExternalStorageServiceException: Failed to start session: [SessionId: public:253,80. UpperPath: /storage/0000-0000. LowerPath: /mnt/media_rw/0000-0000]
04-10 22:28:26.007   710   896 E StorageManagerService: 	at com.android.server.storage.StorageUserConnection$ActiveConnection.startSession(StorageUserConnection.java:414)
04-10 22:28:26.007   710   896 E StorageManagerService: 	at com.android.server.storage.StorageUserConnection.startSession(StorageUserConnection.java:111)
04-10 22:28:26.007   710   896 E StorageManagerService: 	at com.android.server.storage.StorageSessionController.onVolumeMount(StorageSessionController.java:133)
04-10 22:28:26.007   710   896 E StorageManagerService: 	at com.android.server.StorageManagerService$8.onVolumeChecking(StorageManagerService.java:2466)
04-10 22:28:26.007   710   896 E StorageManagerService: 	at android.os.IVoldMountCallback$Stub.onTransact(IVoldMountCallback.java:89)
04-10 22:28:26.007   710   896 E StorageManagerService: 	at android.os.Binder.execTransactInternal(Binder.java:1471)
04-10 22:28:26.007   710   896 E StorageManagerService: 	at android.os.Binder.execTransact(Binder.java:1411)
04-10 22:28:26.007   710   896 E StorageManagerService: 	at android.os.BinderProxy.transactNative(Native Method)
04-10 22:28:26.007   710   896 E StorageManagerService: 	at android.os.BinderProxy.transact(BinderProxy.java:617)
04-10 22:28:26.007   710   896 E StorageManagerService: 	at android.os.IVold$Stub$Proxy.mount(IVold.java:1785)
04-10 22:28:26.007   710   896 E StorageManagerService: 	at com.android.server.StorageManagerService.mount(StorageManagerService.java:2455)
04-10 22:28:26.007   710   896 E StorageManagerService: 	at com.android.server.StorageManagerService.-$$Nest$mmount(StorageManagerService.java:0)
04-10 22:28:26.007   710   896 E StorageManagerService: 	at com.android.server.StorageManagerService$StorageManagerServiceHandler.handleMessage(StorageManagerService.java:795)
04-10 22:28:26.007   710   896 E StorageManagerService: 	at android.os.Handler.dispatchMessageImpl(Handler.java:142)
04-10 22:28:26.007   710   896 E StorageManagerService: 	at android.os.Handler.dispatchMessage(Handler.java:125)
04-10 22:28:26.007   710   896 E StorageManagerService: 	at android.os.Looper.loopOnce(Looper.java:292)
04-10 22:28:26.007   710   896 E StorageManagerService: 	at android.os.Looper.loop(Looper.java:393)
04-10 22:28:26.007   710   896 E StorageManagerService: 	at android.os.HandlerThread.run(HandlerThread.java:139)
04-10 22:28:26.007   710   896 E StorageManagerService: Caused by: java.util.concurrent.TimeoutException
04-10 22:28:26.007   710   896 E StorageManagerService: 	at java.util.concurrent.CompletableFuture.timedGet(CompletableFuture.java:1936)
04-10 22:28:26.007   710   896 E StorageManagerService: 	at java.util.concurrent.CompletableFuture.get(CompletableFuture.java:2071)
04-10 22:28:26.007   710   896 E StorageManagerService: 	at com.android.server.storage.StorageUserConnection$ActiveConnection.waitForAsync(StorageUserConnection.java:399)
04-10 22:28:26.007   710   896 E StorageManagerService: 	at com.android.server.storage.StorageUserConnection$ActiveConnection.waitForAsyncVoid(StorageUserConnection.java:365)
04-10 22:28:26.007   710   896 E StorageManagerService: 	at com.android.server.storage.StorageUserConnection$ActiveConnection.waitForAsyncVoid(StorageUserConnection.java:356)
04-10 22:28:26.007   710   896 E StorageManagerService: 	at com.android.server.storage.StorageUserConnection$ActiveConnection.startSession(StorageUserConnection.java:410)
04-10 22:28:26.007   710   896 E StorageManagerService: 	... 17 more
04-10 22:28:26.099   303   303 E vold    : Failed to complete public volume mount
04-10 22:28:26.154   710   896 E StorageManagerService: android.os.ServiceSpecificException:  (code -5)
04-10 22:28:26.154   710   896 E StorageManagerService: 	at android.os.Parcel.createExceptionOrNull(Parcel.java:3397)
04-10 22:28:26.154   710   896 E StorageManagerService: 	at android.os.Parcel.createException(Parcel.java:3367)
04-10 22:28:26.154   710   896 E StorageManagerService: 	at android.os.Parcel.readException(Parcel.java:3350)
04-10 22:28:26.154   710   896 E StorageManagerService: 	at android.os.Parcel.readException(Parcel.java:3292)
04-10 22:28:26.154   710   896 E StorageManagerService: 	at android.os.IVold$Stub$Proxy.mount(IVold.java:1786)
04-10 22:28:26.154   710   896 E StorageManagerService: 	at com.android.server.StorageManagerService.mount(StorageManagerService.java:2455)
04-10 22:28:26.154   710   896 E StorageManagerService: 	at com.android.server.StorageManagerService.-$$Nest$mmount(StorageManagerService.java:0)
04-10 22:28:26.154   710   896 E StorageManagerService: 	at com.android.server.StorageManagerService$StorageManagerServiceHandler.handleMessage(StorageManagerService.java:795)
04-10 22:28:26.154   710   896 E StorageManagerService: 	at android.os.Handler.dispatchMessageImpl(Handler.java:142)
04-10 22:28:26.154   710   896 E StorageManagerService: 	at android.os.Handler.dispatchMessage(Handler.java:125)
04-10 22:28:26.154   710   896 E StorageManagerService: 	at android.os.Looper.loopOnce(Looper.java:292)
04-10 22:28:26.154   710   896 E StorageManagerService: 	at android.os.Looper.loop(Looper.java:393)
04-10 22:28:26.154   710   896 E StorageManagerService: 	at android.os.HandlerThread.run(HandlerThread.java:139)
04-10 22:28:26.767   710   859 E JobScheduler.Quota: <0>com.android.chrome has 0 EJ quota without running anything
04-10 22:28:26.770   710   859 E JobScheduler.Quota: <0>com.android.chrome has 0 EJ quota without running anything
04-10 22:28:26.774   710   859 E JobScheduler.Quota: <0>com.android.chrome has 0 EJ quota without running anything
04-10 22:28:30.457   710   725 E AppOps  : Bad call made by uid 1000. Package "com.google.android.googlequicksearchbox" does not belong to uid 1000.
04-10 22:28:30.711   710   738 E Transition: #10 readiness timeout. state=0
04-10 22:28:30.714   710   738 E Transition:    met conditions: [{TF WCT Applied}, {Legacy: used=true deferDepth=0 group={Display{#0 state=ON size=720x1280 ROTATION_0}=true}}, {TF WCT Applied}, {task-fragment transaction:TaskFragmentTransaction{token=android.os.Binder@c0d181b changes=[Change{ type=4 },Change{ type=1 }]}}]
04-10 22:28:30.715   710   738 E Transition:    unmet conditions: []
04-10 22:28:30.715   710   738 E Transition: Playing a Transition which hasn't started! #10 This will likely cause an exception in Shell
04-10 22:28:30.924   710   710 E JobServiceContext: Error sending onStart message to 'androidx.work.impl.background.systemjob.SystemJobService' 
04-10 22:28:30.924   710   710 E JobServiceContext: android.os.DeadObjectException
04-10 22:28:30.924   710   710 E JobServiceContext: 	at android.os.BinderProxy.transactNative(Native Method)
04-10 22:28:30.924   710   710 E JobServiceContext: 	at android.os.BinderProxy.transact(BinderProxy.java:617)
04-10 22:28:30.924   710   710 E JobServiceContext: 	at android.app.job.IJobService$Stub$Proxy.startJob(IJobService.java:190)
04-10 22:28:30.924   710   710 E JobServiceContext: 	at com.android.server.job.JobServiceContext.handleServiceBoundLocked(JobServiceContext.java:1361)
04-10 22:28:30.924   710   710 E JobServiceContext: 	at com.android.server.job.JobServiceContext.doServiceBoundLocked(JobServiceContext.java:1270)
04-10 22:28:30.924   710   710 E JobServiceContext: 	at com.android.server.job.JobServiceContext.onServiceConnected(JobServiceContext.java:1124)
04-10 22:28:30.924   710   710 E JobServiceContext: 	at android.content.ServiceConnection.onServiceConnected(ServiceConnection.java:75)
04-10 22:28:30.924   710   710 E JobServiceContext: 	at android.app.LoadedApk$ServiceDispatcher.doConnected(LoadedApk.java:2453)
04-10 22:28:30.924   710   710 E JobServiceContext: 	at android.app.LoadedApk$ServiceDispatcher$RunConnection.run(LoadedApk.java:2489)
04-10 22:28:30.924   710   710 E JobServiceContext: 	at android.os.Handler.handleCallback(Handler.java:1095)
04-10 22:28:30.924   710   710 E JobServiceContext: 	at android.os.Handler.dispatchMessageImpl(Handler.java:135)
04-10 22:28:30.924   710   710 E JobServiceContext: 	at android.os.Handler.dispatchMessage(Handler.java:125)
04-10 22:28:30.924   710   710 E JobServiceContext: 	at android.os.Looper.loopOnce(Looper.java:292)
04-10 22:28:30.924   710   710 E JobServiceContext: 	at android.os.Looper.loop(Looper.java:393)
04-10 22:28:30.924   710   710 E JobServiceContext: 	at com.android.server.SystemServer.run(SystemServer.java:1092)
04-10 22:28:30.924   710   710 E JobServiceContext: 	at com.android.server.SystemServer.main(SystemServer.java:721)
04-10 22:28:30.924   710   710 E JobServiceContext: 	at java.lang.reflect.Method.invoke(Native Method)
04-10 22:28:30.924   710   710 E JobServiceContext: 	at com.android.internal.os.RuntimeInit$MethodAndArgsCaller.run(RuntimeInit.java:575)
04-10 22:28:30.924   710   710 E JobServiceContext: 	at com.android.internal.os.ZygoteInit.main(ZygoteInit.java:917)
04-10 22:28:31.313   710  1766 E WindowOrganizerController: Trying to start a transition that isn't collecting. This probably means Shell took too long to respond to a request. WM State may be incorrect now, please file a bug
04-10 22:28:35.608   303   303 E vold    : Failed to find mounted volume for /storage/emulated/0/Android/data/com.android.chrome/files/Download/
04-10 22:28:35.664   303   303 E vold    : Failed to find mounted volume for /storage/0000-0000/Android/data/com.android.chrome/files/Download/
04-10 22:28:36.024   710   896 E StorageSessionController: Failed to unmount volume: emulated;0
04-10 22:28:36.024   710   896 E StorageSessionController: android.os.ServiceSpecificException:  (code -16)
04-10 22:28:36.024   710   896 E StorageSessionController: 	at android.os.Parcel.createExceptionOrNull(Parcel.java:3397)
04-10 22:28:36.024   710   896 E StorageSessionController: 	at android.os.Parcel.createException(Parcel.java:3367)
04-10 22:28:36.024   710   896 E StorageSessionController: 	at android.os.Parcel.readException(Parcel.java:3350)
04-10 22:28:36.024   710   896 E StorageSessionController: 	at android.os.Parcel.readException(Parcel.java:3292)
04-10 22:28:36.024   710   896 E StorageSessionController: 	at android.os.IVold$Stub$Proxy.unmount(IVold.java:1802)
04-10 22:28:36.024   710   896 E StorageSessionController: 	at com.android.server.storage.StorageSessionController.onReset(StorageSessionController.java:330)
04-10 22:28:36.024   710   896 E StorageSessionController: 	at com.android.server.StorageManagerService.resetIfBootedAndConnected(StorageManagerService.java:1156)
04-10 22:28:36.024   710   896 E StorageSessionController: 	at com.android.server.StorageManagerService.-$$Nest$mresetIfBootedAndConnected(StorageManagerService.java:0)
04-10 22:28:36.024   710   896 E StorageSessionController: 	at com.android.server.StorageManagerService$StorageManagerServiceHandler.handleMessage(StorageManagerService.java:834)
04-10 22:28:36.024   710   896 E StorageSessionController: 	at android.os.Handler.dispatchMessageImpl(Handler.java:142)
04-10 22:28:36.024   710   896 E StorageSessionController: 	at android.os.Handler.dispatchMessage(Handler.java:125)
04-10 22:28:36.024   710   896 E StorageSessionController: 	at android.os.Looper.loopOnce(Looper.java:292)
04-10 22:28:36.024   710   896 E StorageSessionController: 	at android.os.Looper.loop(Looper.java:393)
04-10 22:28:36.024   710   896 E StorageSessionController: 	at android.os.HandlerThread.run(HandlerThread.java:139)
04-10 22:28:36.181   710   896 E StorageSessionController: Failed to unmount volume: public:253,80
04-10 22:28:36.181   710   896 E StorageSessionController: android.os.ServiceSpecificException:  (code -16)
04-10 22:28:36.181   710   896 E StorageSessionController: 	at android.os.Parcel.createExceptionOrNull(Parcel.java:3397)
04-10 22:28:36.181   710   896 E StorageSessionController: 	at android.os.Parcel.createException(Parcel.java:3367)
04-10 22:28:36.181   710   896 E StorageSessionController: 	at android.os.Parcel.readException(Parcel.java:3350)
04-10 22:28:36.181   710   896 E StorageSessionController: 	at android.os.Parcel.readException(Parcel.java:3292)
04-10 22:28:36.181   710   896 E StorageSessionController: 	at android.os.IVold$Stub$Proxy.unmount(IVold.java:1802)
04-10 22:28:36.181   710   896 E StorageSessionController: 	at com.android.server.storage.StorageSessionController.onReset(StorageSessionController.java:330)
04-10 22:28:36.181   710   896 E StorageSessionController: 	at com.android.server.StorageManagerService.resetIfBootedAndConnected(StorageManagerService.java:1156)
04-10 22:28:36.181   710   896 E StorageSessionController: 	at com.android.server.StorageManagerService.-$$Nest$mresetIfBootedAndConnected(StorageManagerService.java:0)
04-10 22:28:36.181   710   896 E StorageSessionController: 	at com.android.server.StorageManagerService$StorageManagerServiceHandler.handleMessage(StorageManagerService.java:834)
04-10 22:28:36.181   710   896 E StorageSessionController: 	at android.os.Handler.dispatchMessageImpl(Handler.java:142)
04-10 22:28:36.181   710   896 E StorageSessionController: 	at android.os.Handler.dispatchMessage(Handler.java:125)
04-10 22:28:36.181   710   896 E StorageSessionController: 	at android.os.Looper.loopOnce(Looper.java:292)
04-10 22:28:36.181   710   896 E StorageSessionController: 	at android.os.Looper.loop(Looper.java:393)
04-10 22:28:36.181   710   896 E StorageSessionController: 	at android.os.HandlerThread.run(HandlerThread.java:139)
04-10 22:28:38.940   710   880 E WindowManager: Failed to notify SystemGestureExclusionListener
04-10 22:28:38.940   710   880 E WindowManager: android.os.DeadObjectException
04-10 22:28:38.940   710   880 E WindowManager: 	at android.os.BinderProxy.transactNative(Native Method)
04-10 22:28:38.940   710   880 E WindowManager: 	at android.os.BinderProxy.transact(BinderProxy.java:617)
04-10 22:28:38.940   710   880 E WindowManager: 	at android.view.ISystemGestureExclusionListener$Stub$Proxy.onSystemGestureExclusionChanged(ISystemGestureExclusionListener.java:149)
04-10 22:28:38.940   710   880 E WindowManager: 	at com.android.server.wm.DisplayContent.updateSystemGestureExclusion(DisplayContent.java:6160)
04-10 22:28:38.940   710   880 E WindowManager: 	at com.android.server.wm.RootWindowContainer.$r8$lambda$duiRZ8o9OFmknC4bfox9QU5nVF8(RootWindowContainer.java:841)
04-10 22:28:38.940   710   880 E WindowManager: 	at com.android.server.wm.RootWindowContainer$$ExternalSyntheticLambda20.accept(R8$$SyntheticClass:0)
04-10 22:28:38.940   710   880 E WindowManager: 	at com.android.server.wm.RootWindowContainer.forAllDisplays(RootWindowContainer.java:1104)
04-10 22:28:38.940   710   880 E WindowManager: 	at com.android.server.wm.RootWindowContainer.performSurfacePlacement(RootWindowContainer.java:839)
04-10 22:28:38.940   710   880 E WindowManager: 	at com.android.server.wm.WindowSurfacePlacer.performSurfacePlacementLoop(WindowSurfacePlacer.java:176)
04-10 22:28:38.940   710   880 E WindowManager: 	at com.android.server.wm.WindowSurfacePlacer.performSurfacePlacement(WindowSurfacePlacer.java:124)
04-10 22:28:38.940   710   880 E WindowManager: 	at com.android.server.wm.WindowSurfacePlacer.performSurfacePlacement(WindowSurfacePlacer.java:113)
04-10 22:28:38.940   710   880 E WindowManager: 	at com.android.server.wm.WindowManagerService.postWindowRemoveCleanupLocked(WindowManagerService.java:2336)
04-10 22:28:38.940   710   880 E WindowManager: 	at com.android.server.wm.WindowState.removeImmediately(WindowState.java:2346)
04-10 22:28:38.940   710   880 E WindowManager: 	at com.android.server.wm.WindowState.removeIfPossible(WindowState.java:2519)
04-10 22:28:38.940   710   880 E WindowManager: 	at com.android.server.wm.InputManagerCallback.notifyInputChannelBroken(InputManagerCallback.java:95)
04-10 22:28:38.940   710   880 E WindowManager: 	at com.android.server.input.InputManagerService.notifyInputChannelBroken(InputManagerService.java:2614)
04-10 22:28:39.217   710  1455 E AppOps  : Bad call made by uid 1000. Package "com.google.android.googlequicksearchbox" does not belong to uid 1000.
04-10 22:28:43.702   710   747 E PackageManager: Optimistic bind failed.
04-10 22:28:43.702   710   747 E PackageManager: java.util.concurrent.TimeoutException: [Optimistic Bind] Didn't bind to resolver in time!
04-10 22:28:43.702   710   747 E PackageManager: 	at com.android.server.pm.InstantAppResolverConnection.waitForBindLocked(InstantAppResolverConnection.java:160)
04-10 22:28:43.702   710   747 E PackageManager: 	at com.android.server.pm.InstantAppResolverConnection.bind(InstantAppResolverConnection.java:230)
04-10 22:28:43.702   710   747 E PackageManager: 	at com.android.server.pm.InstantAppResolverConnection.lambda$optimisticBind$0(InstantAppResolverConnection.java:260)
04-10 22:28:43.702   710   747 E PackageManager: 	at com.android.server.pm.InstantAppResolverConnection.$r8$lambda$66W2s2mMKe4pk_xXCScH9RCqav8(InstantAppResolverConnection.java:0)
04-10 22:28:43.702   710   747 E PackageManager: 	at com.android.server.pm.InstantAppResolverConnection$$ExternalSyntheticLambda0.run(R8$$SyntheticClass:0)
04-10 22:28:43.702   710   747 E PackageManager: 	at android.os.Handler.handleCallback(Handler.java:1095)
04-10 22:28:43.702   710   747 E PackageManager: 	at android.os.Handler.dispatchMessageImpl(Handler.java:135)
04-10 22:28:43.702   710   747 E PackageManager: 	at android.os.Handler.dispatchMessage(Handler.java:125)
04-10 22:28:43.702   710   747 E PackageManager: 	at android.os.Looper.loopOnce(Looper.java:292)
04-10 22:28:43.702   710   747 E PackageManager: 	at android.os.Looper.loop(Looper.java:393)
04-10 22:28:43.702   710   747 E PackageManager: 	at android.os.HandlerThread.run(HandlerThread.java:139)
04-10 22:28:50.020   710   735 E WindowManager: Failed to notify SystemGestureExclusionListener
04-10 22:28:50.020   710   735 E WindowManager: android.os.DeadObjectException
04-10 22:28:50.020   710   735 E WindowManager: 	at android.os.BinderProxy.transactNative(Native Method)
04-10 22:28:50.020   710   735 E WindowManager: 	at android.os.BinderProxy.transact(BinderProxy.java:617)
04-10 22:28:50.020   710   735 E WindowManager: 	at android.view.ISystemGestureExclusionListener$Stub$Proxy.onSystemGestureExclusionChanged(ISystemGestureExclusionListener.java:149)
04-10 22:28:50.020   710   735 E WindowManager: 	at com.android.server.wm.DisplayContent.updateSystemGestureExclusion(DisplayContent.java:6160)
04-10 22:28:50.020   710   735 E WindowManager: 	at com.android.server.wm.RootWindowContainer.$r8$lambda$duiRZ8o9OFmknC4bfox9QU5nVF8(RootWindowContainer.java:841)
04-10 22:28:50.020   710   735 E WindowManager: 	at com.android.server.wm.RootWindowContainer$$ExternalSyntheticLambda20.accept(R8$$SyntheticClass:0)
04-10 22:28:50.020   710   735 E WindowManager: 	at com.android.server.wm.RootWindowContainer.forAllDisplays(RootWindowContainer.java:1104)
04-10 22:28:50.020   710   735 E WindowManager: 	at com.android.server.wm.RootWindowContainer.performSurfacePlacement(RootWindowContainer.java:839)
04-10 22:28:50.020   710   735 E WindowManager: 	at com.android.server.wm.WindowSurfacePlacer.performSurfacePlacementLoop(WindowSurfacePlacer.java:176)
04-10 22:28:50.020   710   735 E WindowManager: 	at com.android.server.wm.WindowSurfacePlacer.performSurfacePlacement(WindowSurfacePlacer.java:124)
04-10 22:28:50.020   710   735 E WindowManager: 	at com.android.server.wm.WindowSurfacePlacer.performSurfacePlacement(WindowSurfacePlacer.java:113)
04-10 22:28:50.020   710   735 E WindowManager: 	at com.android.server.wm.WindowState.setupWindowForRemoveOnExit(WindowState.java:2538)
04-10 22:28:50.020   710   735 E WindowManager: 	at com.android.server.wm.WindowState.removeIfPossible(WindowState.java:2480)
04-10 22:28:50.020   710   735 E WindowManager: 	at com.android.server.wm.WindowManagerService.removeClientToken(WindowManagerService.java:2274)
04-10 22:28:50.020   710   735 E WindowManager: 	at com.android.server.wm.Session.remove(Session.java:282)
04-10 22:28:50.020   710   735 E WindowManager: 	at android.view.ViewRootImpl.dispatchDetachedFromWindow(ViewRootImpl.java:7012)
04-10 22:28:50.020   710   735 E WindowManager: 	at android.view.ViewRootImpl.doDie(ViewRootImpl.java:10823)
04-10 22:28:50.020   710   735 E WindowManager: 	at android.view.ViewRootImpl.die(ViewRootImpl.java:10804)
04-10 22:28:50.020   710   735 E WindowManager: 	at android.view.WindowManagerGlobal.removeViewLocked(WindowManagerGlobal.java:611)
04-10 22:28:50.020   710   735 E WindowManager: 	at android.view.WindowManagerGlobal.removeView(WindowManagerGlobal.java:554)
04-10 22:28:50.020   710   735 E WindowManager: 	at android.view.WindowManagerImpl.removeViewImmediate(WindowManagerImpl.java:267)
04-10 22:28:50.020   710   735 E WindowManager: 	at android.app.Dialog.dismissDialog(Dialog.java:404)
04-10 22:28:50.020   710   735 E WindowManager: 	at android.app.Dialog.dismiss(Dialog.java:386)
04-10 22:28:50.020   710   735 E WindowManager: 	at com.android.server.am.AppNotRespondingDialog$1.handleMessage(AppNotRespondingDialog.java:192)
04-10 22:28:50.020   710   735 E WindowManager: 	at android.os.Handler.dispatchMessageImpl(Handler.java:142)
04-10 22:28:50.020   710   735 E WindowManager: 	at android.os.Handler.dispatchMessage(Handler.java:125)
04-10 22:28:50.020   710   735 E WindowManager: 	at android.os.Looper.loopOnce(Looper.java:292)
04-10 22:28:50.020   710   735 E WindowManager: 	at android.os.Looper.loop(Looper.java:393)
04-10 22:28:50.020   710   735 E WindowManager: 	at android.os.HandlerThread.run(HandlerThread.java:139)
04-10 22:28:50.020   710   735 E WindowManager: 	at com.android.server.ServiceThread.run(ServiceThread.java:46)
04-10 22:28:50.020   710   735 E WindowManager: 	at com.android.server.UiThread.run(UiThread.java:45)
04-10 22:28:51.432   710   724 E AppOps  : Bad call made by uid 1000. Package "com.google.android.googlequicksearchbox" does not belong to uid 1000.
04-10 22:29:03.666   710  3368 E ActivityManager: ANR in com.android.phone
04-10 22:29:03.666   710  3368 E ActivityManager: PID: 2559
04-10 22:29:03.666   710  3368 E ActivityManager: Reason: Process ProcessRecord{2290c25 2559:com.android.phone/1001} failed to complete startup
04-10 22:29:03.666   710  3368 E ActivityManager: ErrorId: 4ae69e04-be06-4dfc-a36e-b44a7326c783
04-10 22:29:03.666   710  3368 E ActivityManager: Frozen: false
04-10 22:29:03.666   710  3368 E ActivityManager: Load: 0.0 / 0.0 / 0.0
04-10 22:29:03.666   710  3368 E ActivityManager: ----- Output from /proc/pressure/memory -----
04-10 22:29:03.666   710  3368 E ActivityManager: some avg10=2.08 avg60=2.97 avg300=1.10 total=4303300
04-10 22:29:03.666   710  3368 E ActivityManager: full avg10=1.08 avg60=1.55 avg300=0.55 total=2347822
04-10 22:29:03.666   710  3368 E ActivityManager: ----- End output from /proc/pressure/memory -----
04-10 22:29:03.666   710  3368 E ActivityManager: ----- Output from /proc/pressure/cpu -----
04-10 22:29:03.666   710  3368 E ActivityManager: some avg10=76.75 avg60=72.72 avg300=32.22 total=123580848
04-10 22:29:03.666   710  3368 E ActivityManager: full avg10=0.00 avg60=0.00 avg300=0.00 total=0
04-10 22:29:03.666   710  3368 E ActivityManager: ----- End output from /proc/pressure/cpu -----
04-10 22:29:03.666   710  3368 E ActivityManager: ----- Output from /proc/pressure/io -----
04-10 22:29:03.666   710  3368 E ActivityManager: some avg10=41.60 avg60=39.45 avg300=19.92 total=80948173
04-10 22:29:03.666   710  3368 E ActivityManager: full avg10=0.96 avg60=1.24 avg300=1.43 total=7475359
04-10 22:29:03.666   710  3368 E ActivityManager: ----- End output from /proc/pressure/io -----
04-10 22:29:03.666   710  3368 E ActivityManager: 
04-10 22:29:03.666   710  3368 E ActivityManager: CPU usage from 42606ms to -133ms ago (2026-04-10 22:28:16.040 to 2026-04-10 22:28:58.779):
04-10 22:29:03.666   710  3368 E ActivityManager:   87% 710/system_server: 46% user + 41% kernel / faults: 41856 minor 359 major
04-10 22:29:03.666   710  3368 E ActivityManager:   20% 1060/com.android.systemui: 11% user + 8.7% kernel / faults: 29194 minor 137 major
04-10 22:29:03.666   710  3368 E ActivityManager:   12% 505/surfaceflinger: 5.8% user + 6.2% kernel / faults: 273 minor 66 major
04-10 22:29:03.666   710  3368 E ActivityManager:   8.7% 67/kswapd0: 0% user + 8.7% kernel
04-10 22:29:03.666   710  3368 E ActivityManager:   7.7% 449/android.hardware.sensors-service.multihal: 3.1% user + 4.5% kernel
04-10 22:29:03.666   710  3368 E ActivityManager:   7.2% 458/android.hardware.graphics.composer3-service.ranchu: 2.6% user + 4.6% kernel / faults: 11 minor
04-10 22:29:03.666   710  3368 E ActivityManager:   5% 1936/artd: 2.3% user + 2.6% kernel / faults: 8107 minor
04-10 22:29:03.666   710  3368 E ActivityManager:   3.8% 512/adbd: 1.4% user + 2.3% kernel / faults: 3919 minor 12 major
04-10 22:29:03.666   710  3368 E ActivityManager:   3% 288/lmkd: 0.6% user + 2.3% kernel / faults: 6 minor
04-10 22:29:03.666   710  3368 E ActivityManager:   2.8% 436/zygote64: 0.3% user + 2.4% kernel / faults: 1268 minor 1 major
04-10 22:29:03.666   710  3368 E ActivityManager: 99% TOTAL: 42% user + 45% kernel + 0.6% iowait + 9.9% irq + 1.1% softirq
04-10 22:29:03.666   710  3368 E ActivityManager: CPU usage from 194301ms to 194301ms ago (1970-01-01 05:30:00.000 to 1970-01-01 05:30:00.000) with 0% awake:
04-10 22:29:03.666   710  3368 E ActivityManager: 0% TOTAL: 0% user + 0% kernel
04-10 22:29:16.212  3416  3524 E ActivityThread: Failed to find provider info for com.google.android.gms.fonts
04-10 22:29:16.266  3288  3544 E ActivityThread: Failed to find provider info for com.google.android.gms.chimera
04-10 22:29:16.440  3288  3402 E ActivityThread: Failed to find provider info for com.google.android.gms.fonts
04-10 22:29:20.279   710  1455 E AppOps  : Bad call made by uid 1000. Package "com.google.android.googlequicksearchbox" does not belong to uid 1000.
04-10 22:29:21.425   710   859 E JobScheduler.Quota: <0>com.android.chrome has 0 EJ quota without running anything
04-10 22:29:21.624   710   859 E JobScheduler.Quota: <0>com.android.chrome has 0 EJ quota without running anything
04-10 22:29:21.908   710   859 E JobScheduler.Quota: <0>com.android.chrome has 0 EJ quota without running anything
04-10 22:29:25.984   710  3368 E ActivityManager: ANR in com.android.systemui
04-10 22:29:25.984   710  3368 E ActivityManager: PID: 1060
04-10 22:29:25.984   710  3368 E ActivityManager: Reason: Input dispatching timed out ([Gesture Monitor] edge-swipe is not responding. Waited 5032ms for MotionEvent).
04-10 22:29:25.984   710  3368 E ActivityManager: ErrorId: 431d003f-adbd-4c19-846c-bce4ea7d7fac
04-10 22:29:25.984   710  3368 E ActivityManager: Frozen: false
04-10 22:29:25.984   710  3368 E ActivityManager: Load: 32.3 / 13.92 / 5.29
04-10 22:29:25.984   710  3368 E ActivityManager: ----- Output from /proc/pressure/memory -----
04-10 22:29:25.984   710  3368 E ActivityManager: some avg10=1.14 avg60=2.69 avg300=1.08 total=4303323
04-10 22:29:25.984   710  3368 E ActivityManager: full avg10=0.59 avg60=1.40 avg300=0.54 total=2347842
04-10 22:29:25.984   710  3368 E ActivityManager: ----- End output from /proc/pressure/memory -----
04-10 22:29:25.984   710  3368 E ActivityManager: ----- Output from /proc/pressure/cpu -----
04-10 22:29:25.984   710  3368 E ActivityManager: some avg10=81.65 avg60=74.17 avg300=33.36 total=128353114
04-10 22:29:25.984   710  3368 E ActivityManager: full avg10=0.00 avg60=0.00 avg300=0.00 total=0
04-10 22:29:25.984   710  3368 E ActivityManager: ----- End output from /proc/pressure/cpu -----
04-10 22:29:25.984   710  3368 E ActivityManager: ----- Output from /proc/pressure/io -----
04-10 22:29:25.984   710  3368 E ActivityManager: some avg10=39.27 avg60=39.18 avg300=20.26 total=82813814
04-10 22:29:25.984   710  3368 E ActivityManager: full avg10=0.52 avg60=1.12 avg300=1.40 total=7475359
04-10 22:29:25.984   710  3368 E ActivityManager: ----- End output from /proc/pressure/io -----
04-10 22:29:25.984   710  3368 E ActivityManager: 
04-10 22:29:25.984   710  3368 E ActivityManager: CPU usage from 1ms to 21147ms later (2026-04-10 22:29:04.363 to 2026-04-10 22:29:25.508):
04-10 22:29:25.984   710  3368 E ActivityManager:   84% 710/system_server: 47% user + 36% kernel / faults: 15999 minor 114 major
04-10 22:29:25.984   710  3368 E ActivityManager:   17% 3406/zygote64: 11% user + 5.5% kernel / faults: 10154 minor 131 major
04-10 22:29:25.984   710  3368 E ActivityManager:   16% 1060/com.android.systemui: 11% user + 4.5% kernel / faults: 5201 minor 8 major
04-10 22:29:25.984   710  3368 E ActivityManager:   8.2% 54/kcompactd0: 0% user + 8.2% kernel
04-10 22:29:25.984   710  3368 E ActivityManager:   13% 1936/artd: 5.7% user + 7.4% kernel / faults: 5191 minor
04-10 22:29:25.984   710  3368 E ActivityManager:   8% 67/kswapd0: 0% user + 8% kernel
04-10 22:29:25.984   710  3368 E ActivityManager:   8.8% 449/android.hardware.sensors-service.multihal: 3.6% user + 5.1% kernel
04-10 22:29:25.984   710  3368 E ActivityManager:   9.9% 2957/com.google.android.providers.media.module: 6.6% user + 3.2% kernel / faults: 3157 minor 5 major
04-10 22:29:25.984   710  3368 E ActivityManager:   7.9% 505/surfaceflinger: 4.3% user + 3.6% kernel / faults: 36 minor
04-10 22:29:25.984   710  3368 E ActivityManager:   6.8% 458/android.hardware.graphics.composer3-service.ranchu: 2.6% user + 4.1% kernel
04-10 22:29:25.984   710  3368 E ActivityManager: 99% TOTAL: 41% user + 44% kernel + 0% iowait + 12% irq + 1.4% softirq
04-10 22:29:25.984   710  3368 E ActivityManager: CPU usage from 6331ms to 17529ms later (2026-04-10 22:29:10.692 to 2026-04-10 22:29:21.890):
04-10 22:29:25.984   710  3368 E ActivityManager:   121% 710/system_server: 70% user + 51% kernel / faults: 2637 minor 72 major
04-10 22:29:25.984   710  3368 E ActivityManager:     15% 720/HeapTaskDaemon: 12% user + 2.7% kernel
04-10 22:29:25.984   710  3368 E ActivityManager:     13% 3403/AnrAuxiliaryTas: 5.1% user + 7.9% kernel
04-10 22:29:25.984   710  3368 E ActivityManager:     11% 945/audioserver_lif: 3.9% user + 7.1% kernel
04-10 22:29:25.984   710  3368 E ActivityManager:     6.7% 885/NetworkWatchlis: 2.3% user + 4.3% kernel
04-10 22:29:25.984   710  3368 E ActivityManager:     4.7% 747/android.bg: 2.3% user + 2.3% kernel
04-10 22:29:25.984   710  3368 E ActivityManager:     3.5% 895/AccessibilityMa: 2.7% user + 0.7% kernel
04-10 22:29:25.984   710  3368 E ActivityManager:     2.7% 710/system_server: 1.9% user + 0.7% kernel
04-10 22:29:25.984   710  3368 E ActivityManager:     2.7% 1741/RoleControllerS: 1.9% user + 0.7% kernel
04-10 22:29:25.984   710  3368 E ActivityManager:     2.3% 779/PackageManagerB: 1.5% user + 0.7% kernel
04-10 22:29:25.984   710  3368 E ActivityManager:     2.3% 859/eduling.default: 1.1% user + 1.1% kernel
04-10 22:29:25.984   710  3368 E ActivityManager:     2.3% 891/android.imms2: 1.9% user + 0.3% kernel
04-10 22:29:25.984   710  3368 E ActivityManager:     1.9% 725/binder:710_2: 1.1% user + 0.7% kernel
04-10 22:29:25.984   710  3368 E ActivityManager:     1.9% 748/ActivityManager: 1.1% user + 0.7% kernel
04-10 22:29:25.984   710  3368 E ActivityManager:     1.9% 1003/binder:710_6: 1.1% user + 0.7% kernel
04-10 22:29:25.984   710  3368 E ActivityManager:     1.9% 1456/binder:710_E: 1.1% user + 0.7% kernel
04-10 22:29:25.984   710  3368 E ActivityManager:     1.9% 1994/binder:710_1C: 1.5% user + 0.3% kernel
04-10 22:29:25.984   710  3368 E ActivityManager:     1.5% 734/android.fg: 1.1% user + 0.3% kernel
04-10 22:29:25.984   710  3368 E ActivityManager:     1.5% 2489/binder:710_1E: 1.5% user + 0% kernel
04-10 22:29:25.984   710  3368 E ActivityManager:     1.5% 2504/binder:710_1F: 0.7% user + 0.7% kernel
04-10 22:29:25.984   710  3368 E ActivityManager:     1.1% 738/android.display: 1.1% user + 0% kernel
04-10 22:29:25.984   710  3368 E ActivityManager:     1.1% 1455/binder:710_D: 0.7% user + 0.3% kernel
04-10 22:29:25.984   710  3368 E ActivityManager:     1.1% 1766/binder:710_12: 0.3% user + 0.7% kernel
04-10 22:29:25.984   710  3368 E ActivityManager:     1.1% 1991/binder:710_1B: 0.7% user + 0.3% kernel
04-10 22:29:25.984   710  3368 E ActivityManager:     0.7% 737/android.io: 0.3% user + 0.3% kernel
04-10 22:29:25.984   710  3368 E ActivityManager:     0.7% 758/batterystats-ha: 0.3% user + 0.3% kernel
04-10 22:29:25.984   710  3368 E ActivityManager:     0.7% 759/socket_writer_q: 0.3% user + 0.3% kernel
04-10 22:29:25.984   710  3368 E ActivityManager:     0.7% 781/PackageManager: 0.7% user + 0% kernel
04-10 22:29:25.984   710  3368 E ActivityManager:     0.7% 1914/binder:710_15: 0.7% user + 0% kernel
04-10 22:29:25.984   710  3368 E ActivityManager:     0.3% 719/Jit thread pool: 0.3% user + 0% kernel
04-10 22:29:25.984   710  3368 E ActivityManager:     0.3% 735/android.ui: 0.3% user + 0% kernel
04-10 22:29:25.984   710  3368 E ActivityManager:     0.3% 749/ActivityManager: 0.3% user + 0% kernel
04-10 22:29:25.984   710  3368 E ActivityManager:     0.3% 750/ActivityManager: 0% user + 0.3% kernel
04-10 22:29:25.984   710  3368 E ActivityManager:     0.3% 753/ActivityManager: 0.3% user + 0% kernel
04-10 22:29:25.984   710  3368 E ActivityManager:     0.3% 755/OomAdjuster: 0% user + 0.3% kernel
04-10 22:29:25.984   710  3368 E ActivityManager:     0.3% 762/bgres-controlle: 0% user + 0.3% kernel
04-10 22:29:25.984   710  3368 E ActivityManager:     0.3% 763/FileObserver: 0.3% user + 0% kernel
04-10 22:29:25.984   710  3368 E ActivityManager:     0.3% 857/roid.usagestats: 0% user + 0.3% kernel
04-10 22:29:25.984   710  3368 E ActivityManager:     0.3% 860/SensorService: 0% user + 0.3% kernel
04-10 22:29:25.984   710  3368 E ActivityManager:     0.3% 873/oregroundThread: 0.3% user + 0% kernel
04-10 22:29:25.984   710  3368 E ActivityManager:     0.3% 918/tworkPolicy.uid: 0.3% user + 0% kernel
04-10 22:29:25.984   710  3368 E ActivityManager:     0.3% 919/WifiHandlerThre: 0.3% user + 0% kernel
04-10 22:29:25.984   710  3368 E ActivityManager:     0.3% 927/ConnectivitySer: 0% user + 0.3% kernel
04-10 22:29:25.984   710  3368 E ActivityManager:     0.3% 978/shortcut: 0.3% user + 0% kernel
04-10 22:29:25.984   710  3368 E ActivityManager:     0.3% 1012/android.perm: 0% user + 0.3% kernel
04-10 22:29:25.984   710  3368 E ActivityManager:     0.3% 1197/binder:710_A: 0.3% user + 0% kernel
04-10 22:29:25.984   710  3368 E ActivityManager:     0.3% 1224/MobileDataStats: 0.3% user + 0% kernel
04-10 22:29:25.984   710  3368 E ActivityManager:     0.3% 1875/pool-96-thread-: 0.3% user + 0% kernel
04-10 22:29:25.984   710  3368 E ActivityManager:     0.3% 1926/binder:710_18: 0% user + 0.3% kernel
04-10 22:29:25.984   710  3368 E ActivityManager:    +0% 3700/DefaultExecutor: 0% user + 0% kernel
04-10 22:29:25.984   710  3368 E ActivityManager:   19% 54/kcompactd0: 0% user + 19% kernel
04-10 22:29:25.984   710  3368 E ActivityManager:   46% 3406/com.google.android.inputmethod.latin: 28% user + 17% kernel / faults: 8089 minor 128 major
04-10 22:29:25.984   710  3368 E ActivityManager:     14% 3406/putmethod.latin: 11% user + 2.8% kernel
04-10 22:29:25.984   710  3368 E ActivityManager:     6.9% 3680/Back-P10-2: 2.8% user + 4.1% kernel
04-10 22:29:25.984   710  3368 E ActivityManager:     6.4% 3429/HeapTaskDaemon: 3.1% user + 3.3% kernel
04-10 22:29:25.984   710  3368 E ActivityManager:     3.1% 3428/Jit thread pool: 1.8% user + 1.2% kernel
04-10 22:29:25.984   710  3368 E ActivityManager:     2% 3691/Back-P10-3: 1.8% user + 0.2% kernel
04-10 22:29:25.984   710  3368 E ActivityManager:     2% 3692/Light-P0-1: 1.8% user + 0.2% kernel
04-10 22:29:25.984   710  3368 E ActivityManager:     1% 3661/Back-P10-1: 0.7% user + 0.2% kernel
04-10 22:29:25.984   710  3368 E ActivityManager:     0.7% 3556/SharedPreferenc: 0.5% user + 0.2% kernel
04-10 22:29:25.984   710  3368 E ActivityManager:     0.5% 3697/Back-P10-4: 0.5% user + 0% kernel
04-10 22:29:25.984   710  3368 E ActivityManager:    +0% 3807/Light-P0-2: 0% user + 0% kernel
04-10 22:29:25.984   710  3368 E ActivityManager:    +0% 3808/ExeSeq-P10-1: 0% user + 0% kernel
04-10 22:29:25.984   710  3368 E ActivityManager:    +0% 3809/ExeSeq-P0-1: 0% user + 0% kernel
04-10 22:29:25.984   710  3368 E ActivityManager:    +0% 3810/handlerThread: 0% user + 0% kernel
04-10 22:29:25.984   710  3368 E ActivityManager:    +0% 3811/ExeSeq-P10-1: 0% user + 0% kernel
04-10 22:29:25.984   710  3368 E ActivityManager:    +0% 3812/sp-control-1: 0% user + 0% kernel
04-10 22:29:25.984   710  3368 E ActivityManager:    +0% 3813/Block-P11-1: 0% user + 0% kernel
04-10 22:29:25.984   710  3368 E ActivityManager:    +0% 3814/Primes-1: 0% user + 0% kernel
04-10 22:29:25.984   710  3368 E ActivityManager:    +0% 3815/Block-P11-2: 0% user + 0% kernel
04-10 22:29:25.984   710  3368 E ActivityManager:    +0% 3816/GoogleApiHandle: 0% user + 0% kernel
04-10 22:29:25.984   710  3368 E ActivityManager:    +0% 3817/Primes-nativecr: 0% user + 0% kernel
04-10 22:29:25.984   710  3368 E ActivityManager:    +0% 3818/ProcessStablePh: 0% user + 0% kernel
04-10 22:29:25.984   710  3368 E ActivityManager:   8.5% 288/lmkd: 1.4% user + 7% kernel
04-10 22:29:25.984   710  3368 E ActivityManager:     4.6% 288/lmkd: 1.6% user + 3% kernel
04-10 22:29:25.984   710  3368 E ActivityManager:     2.6% 294/lmkd_reaper0: 0% user + 2.6% kernel
04-10 22:29:25.984   710  3368 E ActivityManager:     0.8% 295/lmkd_reaper1: 0% user + 0.8% kernel
04-10 22:29:25.984   710  3368 E ActivityManager:     0.2% 293/lmkd_setprio: 0.2% user + 0% kernel
04-10 22:29:25.984   710  3368 E ActivityManager:   21% 1060/com.android.systemui: 10% user + 10% kernel / faults: 3730 minor 4 major
04-10 22:29:25.984   710  3368 E ActivityManager:     13% 1076/HeapTaskDaemon: 5% user + 8% kernel
04-10 22:29:25.984   710  3368 E ActivityManager:     5% 1060/ndroid.systemui: 4.5% user + 0.5% kernel
04-10 22:29:25.984   710  3368 E ActivityManager:     0.5% 1077/ReferenceQueueD: 0.5% user + 0% kernel
04-10 22:29:25.984   710  3368 E ActivityManager:     0.5% 1196/SystemUIBg-1: 0.5% user + 0% kernel
04-10 22:29:25.984   710  3368 E ActivityManager:     0.5% 1202/SystemUIBg-3: 0% user + 0.5% kernel
04-10 22:29:25.984   710  3368 E ActivityManager:     0.5% 1205/BroadcastRunnin: 0.5% user + 0% kernel
04-10 22:29:25.984   710  3368 E ActivityManager:   9.6% 3155/com.google.android.bluetooth: 5.4% user + 4.1% kernel / faults: 715 minor 2 major
04-10 22:29:25.984   710  3368 E ActivityManager:     2.3% 3155/droid.bluetooth: 1.5% user + 0.7% kernel
04-10 22:29:25.984   710  3368 E ActivityManager:     1.8% 3195/HeapTaskDaemon: 1.3% user + 0.5% kernel
04-10 22:29:25.984   710  3368 E ActivityManager:     1.8% 3407/bt_main_thread: 0.7% user + 1% kernel
04-10 22:29:25.984   710  3368 E ActivityManager:     1% 3433/gd_stack_thread: 0.5% user + 0.5% kernel
04-10 22:29:25.984   710  3368 E ActivityManager:     0.5% 3211/binder:3155_2: 0.5% user + 0% kernel
04-10 22:29:25.984   710  3368 E ActivityManager:     0.2% 3600/BluetoothGatt: 0% user + 0.2% kernel
04-10 22:29:25.984   710  3368 E ActivityManager:    +0% 3731/SharedPreferenc: 0% user + 0% kernel
04-10 22:29:25.984   710  3368 E ActivityManager:    +0% 3768/PbapHandlerThre: 0% user + 0% kernel
04-10 22:29:25.984   710  3368 E ActivityManager:    +0% 3773/Thread-13: 0% user + 0% kernel
04-10 22:29:25.984   710  3368 E ActivityManager:    +0% 3774/Thread-14: 0% user + 0% kernel
04-10 22:29:25.984   710  3368 E ActivityManager:    +0% 3782/pool-4-thread-1: 0% user + 0% kernel
04-10 22:29:25.984   710  3368 E ActivityManager:   10% 2957/com.google.android.providers.media.module: 7.2% user + 3.3% kernel / faults: 961 minor 2 major
04-10 22:29:25.984   710  3368 E ActivityManager:     12% 3522/pool-4-thread-1: 9.2% user + 2.9% kernel
04-10 22:29:25.984   710  3368 E ActivityManager:     2.9% 2976/HeapTaskDaemon: 1.6% user + 1.3% kernel
04-10 22:29:25.984   710  3368 E ActivityManager:     1.6% 2974/Jit thread pool: 0.9% user + 0.6% kernel
04-10 22:29:25.984   710  3368 E ActivityManager:     0.9% 3028/MediaBackground: 0.6% user + 0.3% kernel
04-10 22:29:25.984   710  3368 E ActivityManager:   5.3% 449/android.hardware.sensors-service.multihal: 1.9% user + 3.4% kernel
04-10 22:29:25.984   710  3368 E ActivityManager:     4.4% 473/android.hardwar: 1.7% user + 2.6% kernel
04-10 22:29:25.984   710  3368 E ActivityManager:     0.7% 474/android.hardwar: 0.2% user + 0.4% kernel
04-10 22:29:25.984   710  3368 E ActivityManager:   4.3% 436/zygote64: 0.4% user + 3.9% kernel / faults: 225 minor
04-10 22:29:25.984   710  3368 E ActivityManager:   1.6% 99/kworker/3:2H-kverityd: 0% user + 1.6% kernel
04-10 22:29:25.984   710  3368 E ActivityManager:   4% 3532/com.android.phone: 2.4% user + 1.6% kernel / faults: 521 minor 9 major
04-10 22:29:25.984   710  3368 E ActivityManager:     3.4% 3532/m.android.phone: 2.1% user + 1.3% kernel
04-10 22:29:25.984   710  3368 E ActivityManager:     0.2% 3718/SharedPreferenc: 0.2% user + 0% kernel
04-10 22:29:25.984   710  3368 E ActivityManager:    +0% 3781/queued-work-loo: 0% user + 0% kernel
04-10 22:29:25.984   710  3368 E ActivityManager:    +0% 3805/android.bg: 0% user + 0% kernel
04-10 22:29:25.984   710  3368 E ActivityManager:   1.2% 38/kworker/2:0-virtio_vsock: 0% user + 1.2% kernel
04-10 22:29:25.984   710  3368 E ActivityManager:   2.8% 287/logd: 1% user + 1.8% kernel / faults: 29 minor
04-10 22:29:25.984   710  3368 E ActivityManager:     2.6% 299/logd.writer: 1% user + 1.6% kernel
04-10 22:29:25.984   710  3368 E ActivityManager:   3.5% 458/android.hardware.graphics.composer3-service.ranchu: 1.5% user + 2% kernel
04-10 22:29:25.984   710  3368 E ActivityManager:     3.3% 557/_thread: 1.5% user + 1.7% kernel
04-10 22:29:25.984   710  3368 E ActivityManager:   3.9% 505/surfaceflinger: 1.6% user + 2.2% kernel
04-10 22:29:25.984   710  3368 E ActivityManager:     2.2% 590/binder:505_4: 0.8% user + 1.3% kernel
04-10 22:29:25.984   710  3368 E ActivityManager:     1.1% 588/binder:505_3: 0.5% user + 0.5% kernel
04-10 22:29:25.984   710  3368 E ActivityManager:   0.9% 18/rcu_preempt: 0% user + 0.9% kernel
04-10 22:29:25.984   710  3368 E ActivityManager:   0.8% 67/kswapd0: 0% user + 0.8% kernel
04-10 22:29:25.984   710  3368 E ActivityManager:   3.3% 1214/com.android.networkstack.process: 2.2% user + 1.1% kernel / faults: 371 minor
04-10 22:29:25.984   710  3368 E ActivityManager:     1.8% 1220/HeapTaskDaemon: 1.4% user + 0.3% kernel
04-10 22:29:25.984   710  3368 E ActivityManager:     0.7% 1379/IpClient.wlan0: 0.3% user + 0.3% kernel
04-10 22:29:25.984   710  3368 E ActivityManager:     0.3% 1304/droid.tethering: 0.3% user + 0% kernel
04-10 22:29:25.984   710  3368 E ActivityManager:   1.6% 289/servicemanager: 0.6% user + 1% kernel
04-10 22:29:25.984   710  3368 E ActivityManager:     1.8% 289/servicemanager: 0.6% user + 1.2% kernel
04-10 22:29:25.984   710  3368 E ActivityManager:   3% 589/mediaserver: 1.1% user + 1.8% kernel / faults: 31 minor 68 major
04-10 22:29:25.984   710  3368 E ActivityManager:     1.8% 1100/binder:589_3: 0.7% user + 1.1% kernel
04-10 22:29:25.984   710  3368 E ActivityManager:    +0% 3720/binder:589_5: 0% user + 0% kernel
04-10 22:29:25.984   710  3368 E ActivityManager:   0.6% 46/kworker/3:0-cgroup_bpf_destroy: 0% user + 0.6% kernel
04-10 22:29:25.984   710  3368 E ActivityManager:   0.7% 97/erofs_worker/3: 0% user + 0.7% kernel
04-10 22:29:25.984   710  3368 E ActivityManager:   2% 512/adbd: 0.8% user + 1.1% kernel / faults: 832 minor
04-10 22:29:25.984   710  3368 E ActivityManager:     1.4% 512/adbd: 0.5% user + 0.8% kernel
04-10 22:29:25.984   710  3368 E ActivityManager:    +0% 3742/shell svc 3738: 0% user + 0% kernel
04-10 22:29:25.984   710  3368 E ActivityManager:   0.5% 17/ksoftirqd/0: 0% user + 0.5% kernel
04-10 22:29:25.984   710  3368 E ActivityManager:   0.5% 33/rcuop/1: 0% user + 0.5% kernel
04-10 22:29:25.984   710  3368 E ActivityManager:   0.5% 41/rcuop/2: 0% user + 0.5% kernel
04-10 22:29:25.984   710  3368 E ActivityManager:   0.4% 40/rcuog/2: 0% user + 0.4% kernel
04-10 22:29:25.984   710  3368 E ActivityManager:   0.5% 227/kworker/u16:4-ext4-rsv-conversion: 0% user + 0.5% kernel
04-10 22:29:25.984   710  3368 E ActivityManager:   1.1% 435/statsd: 0.4% user + 0.6% kernel
04-10 22:29:25.984   710  3368 E ActivityManager:     0.6% 439/statsd.writer: 0.2% user + 0.4% kernel
04-10 22:29:25.984   710  3368 E ActivityManager:     0.4% 442/statsd.reader: 0.2% user + 0.2% kernel
04-10 22:29:25.984   710  3368 E ActivityManager:   1.8% 580/media.extractor: 0.3% user + 1.4% kernel / faults: 5 minor 56 major
04-10 22:29:25.984   710  3368 E ActivityManager:     1.1% 2669/binder:580_4: 0.3% user + 0.7% kernel
04-10 22:29:25.984   710  3368 E ActivityManager:   0.3% 48/rcuop/3: 0% user + 0.3% kernel
04-10 22:29:25.984   710  3368 E ActivityManager:   0.2% 1/init: 0.1% user + 0% kernel
04-10 22:29:25.984   710  3368 E ActivityManager:     0.1% 101/init: 0% user + 0% kernel
04-10 22:29:25.984   710  3368 E ActivityManager:     0% 1/init: 0% user + 0% kernel
04-10 22:29:25.984   710  3368 E ActivityManager:   0.2% 19/rcuog/0: 0% user + 0.2% kernel
04-10 22:29:25.984   710  3368 E ActivityManager:   0.2% 23/rcu_exp_gp_kthread_worker: 0% user + 0.2% kernel
04-10 22:29:25.984   710  3368 E ActivityManager:   0.6% 434/netd: 0.4% user + 0.2% kernel
04-10 22:29:25.984   710  3368 E ActivityManager:     0.6% 483/binder:434_2: 0.4% user + 0.2% kernel
04-10 22:29:25.984   710  3368 E ActivityManager:   0.1% 9/kworker/0:0-events_power_efficient: 0% user + 0.1% kernel
04-10 22:29:25.984   710  3368 E ActivityManager:   0.1% 20/rcuop/0: 0% user + 0.1% kernel
04-10 22:29:25.984   710  3368 E ActivityManager:   0.2% 74/kworker/0:1H-kblockd: 0% user + 0.2% kernel
04-10 22:29:25.984   710  3368 E ActivityManager:   0.2% 221/kworker/u16:3-loop40: 0% user + 0.2% kernel
04-10 22:29:25.984   710  3368 E ActivityManager:   0.4% 330/kworker/u17:2-fscrypt_read_queue: 0% user + 0.4% kernel
04-10 22:29:25.984   710  3368 E ActivityManager:   0.4% 331/kworker/u17:3-fscrypt_read_queue: 0% user + 0.4% kernel
04-10 22:29:25.984   710  3368 E ActivityManager:   0.4% 444/android.hardware.audio.service: 0.4% user + 0% kernel / faults: 4 minor
04-10 22:29:25.984   710  3368 E ActivityManager:   0% 21/rcub/0: 0% user + 0% kernel
04-10 22:29:25.984   710  3368 E ActivityManager:   0% 45/ksoftirqd/3: 0% user + 0% kernel
04-10 22:29:25.984   710  3368 E ActivityManager:   0.1% 98/kworker/2:1H-kverityd: 0% user + 0.1% kernel
04-10 22:29:25.984   710  3368 E ActivityManager:   0.2% 340/jbd2/dm-6-8: 0% user + 0.2% kernel
04-10 22:29:25.984   710  3368 E ActivityManager:   0.2% 457/android.hardware.bluetooth-service.default: 0.2% user + 0% kernel
04-10 22:29:25.984   710  3368 E ActivityManager:     0.2% 3475/android.hardwar: 0.2% user + 0% kernel
04-10 22:29:25.984   710  3368 E ActivityManager:   0.2% 475/kworker/2:2-virtio_vsock: 0% user + 0.2% kernel
04-10 22:29:25.984   710  3368 E ActivityManager:   0.2% 476/kworker/2:3-virtio_vsock: 0% user + 0.2% kernel
04-10 22:29:25.984   710  3368 E ActivityManager:   0.2% 497/android.hardware.threadnetwork-service: 0.2% user + 0% kernel
04-10 22:29:25.984   710  3368 E ActivityManager:   0.2% 514/android.hardware.graphics.allocator-service.ranchu: 0% user + 0.2% kernel
04-10 22:29:25.984   710  3368 E ActivityManager:     0.5% 563/binder:514_2: 0% user + 0.5% kernel
04-10 22:29:25.984   710  3368 E ActivityManager:   0.3% 539/drmserver: 0.3% user + 0% kernel / faults: 12 minor
04-10 22:29:25.984   710  3368 E ActivityManager:     0.6% 573/binder:539_1: 0.6% user + 0% kernel
04-10 22:29:25.984   710  3368 E ActivityManager:   0.3% 558/bt_vhci_forwarder: 0% user + 0.3% kernel
04-10 22:29:25.984   710  3368 E ActivityManager:   0.3% 583/media.metrics: 0.3% user + 0% kernel / faults: 2 minor
04-10 22:29:25.984   710  3368 E ActivityManager:     0.3% 583/mediametrics: 0% user + 0.3% kernel
04-10 22:29:25.984   710  3368 E ActivityManager:   0.3% 692/kworker/1:2-events: 0% user + 0.3% kernel
04-10 22:29:25.984   710  3368 E ActivityManager:   0.5% 1021/wpa_supplicant: 0% user + 0.5% kernel
04-10 22:29:25.984   710  3368 E ActivityManager:  +0% 3579/kworker/3:3: 0% user + 0% kernel
04-10 22:29:25.984   710  3368 E ActivityManager:  +0% 3659/com.google.android.gms.persistent: 0% user + 0% kernel
04-10 22:29:25.984   710  3368 E ActivityManager:  +0% 3660/com.google.android.googlequicksearchbox:search: 0% user + 0% kernel
04-10 22:29:25.984   710  3368 E ActivityManager:  +0% 3735/com.google.android.permissioncontroller: 0% user + 0% kernel
04-10 22:29:25.984   710  3368 E ActivityManager: 100% TOTAL: 42% user + 43% kernel + 12% irq + 1.3% softirq
04-10 22:29:28.823   710   960 E AppWidgetServiceImpl: Widget host dead: HostId{user:0, app:10193, hostId:1024, pkg:com.google.android.apps.nexuslauncher}
04-10 22:29:28.823   710   960 E AppWidgetServiceImpl: android.os.DeadObjectException
04-10 22:29:28.823   710   960 E AppWidgetServiceImpl: 	at android.os.BinderProxy.transactNative(Native Method)
04-10 22:29:28.823   710   960 E AppWidgetServiceImpl: 	at android.os.BinderProxy.transact(BinderProxy.java:617)
04-10 22:29:28.823   710   960 E AppWidgetServiceImpl: 	at com.android.internal.appwidget.IAppWidgetHost$Stub$Proxy.providersChanged(IAppWidgetHost.java:230)
04-10 22:29:28.823   710   960 E AppWidgetServiceImpl: 	at com.android.server.appwidget.AppWidgetServiceImpl.handleNotifyProvidersChanged(AppWidgetServiceImpl.java:3458)
04-10 22:29:28.823   710   960 E AppWidgetServiceImpl: 	at com.android.server.appwidget.AppWidgetServiceImpl.-$$Nest$mhandleNotifyProvidersChanged(AppWidgetServiceImpl.java:0)
04-10 22:29:28.823   710   960 E AppWidgetServiceImpl: 	at com.android.server.appwidget.AppWidgetServiceImpl$CallbackHandler.handleMessage(AppWidgetServiceImpl.java:5954)
04-10 22:29:28.823   710   960 E AppWidgetServiceImpl: 	at android.os.Handler.dispatchMessageImpl(Handler.java:142)
04-10 22:29:28.823   710   960 E AppWidgetServiceImpl: 	at android.os.Handler.dispatchMessage(Handler.java:125)
04-10 22:29:28.823   710   960 E AppWidgetServiceImpl: 	at android.os.Looper.loopOnce(Looper.java:292)
04-10 22:29:28.823   710   960 E AppWidgetServiceImpl: 	at android.os.Looper.loop(Looper.java:393)
04-10 22:29:28.823   710   960 E AppWidgetServiceImpl: 	at android.os.HandlerThread.run(HandlerThread.java:139)
04-10 22:29:28.823   710   960 E AppWidgetServiceImpl: 	at com.android.server.ServiceThread.run(ServiceThread.java:46)
04-10 22:29:28.837   710   960 E AppWidgetServiceImpl: Widget host dead: HostId{user:0, app:10193, hostId:1025, pkg:com.google.android.apps.nexuslauncher}
04-10 22:29:28.837   710   960 E AppWidgetServiceImpl: android.os.DeadObjectException
04-10 22:29:28.837   710   960 E AppWidgetServiceImpl: 	at android.os.BinderProxy.transactNative(Native Method)
04-10 22:29:28.837   710   960 E AppWidgetServiceImpl: 	at android.os.BinderProxy.transact(BinderProxy.java:617)
04-10 22:29:28.837   710   960 E AppWidgetServiceImpl: 	at com.android.internal.appwidget.IAppWidgetHost$Stub$Proxy.providersChanged(IAppWidgetHost.java:230)
04-10 22:29:28.837   710   960 E AppWidgetServiceImpl: 	at com.android.server.appwidget.AppWidgetServiceImpl.handleNotifyProvidersChanged(AppWidgetServiceImpl.java:3458)
04-10 22:29:28.837   710   960 E AppWidgetServiceImpl: 	at com.android.server.appwidget.AppWidgetServiceImpl.-$$Nest$mhandleNotifyProvidersChanged(AppWidgetServiceImpl.java:0)
04-10 22:29:28.837   710   960 E AppWidgetServiceImpl: 	at com.android.server.appwidget.AppWidgetServiceImpl$CallbackHandler.handleMessage(AppWidgetServiceImpl.java:5954)
04-10 22:29:28.837   710   960 E AppWidgetServiceImpl: 	at android.os.Handler.dispatchMessageImpl(Handler.java:142)
04-10 22:29:28.837   710   960 E AppWidgetServiceImpl: 	at android.os.Handler.dispatchMessage(Handler.java:125)
04-10 22:29:28.837   710   960 E AppWidgetServiceImpl: 	at android.os.Looper.loopOnce(Looper.java:292)
04-10 22:29:28.837   710   960 E AppWidgetServiceImpl: 	at android.os.Looper.loop(Looper.java:393)
04-10 22:29:28.837   710   960 E AppWidgetServiceImpl: 	at android.os.HandlerThread.run(HandlerThread.java:139)
04-10 22:29:28.837   710   960 E AppWidgetServiceImpl: 	at com.android.server.ServiceThread.run(ServiceThread.java:46)
04-10 22:29:31.136   710  1210 E AppOps  : Bad call made by uid 1000. Package "com.google.android.googlequicksearchbox" does not belong to uid 1000.
04-10 22:29:33.778  3660  3876 E ActivityThread: Failed to find provider info for com.google.android.gms.chimera
--------- beginning of main
04-10 22:29:35.974   710  1741 E RoleControllerServiceImpl: Default/fallback role holder package doesn't qualify for the role, package: com.google.android.gms, role: android.app.role.SYSTEM_DEPENDENCY_INSTALLER, user: 0
04-10 22:29:37.949  1060  1060 E LauncherProxyService: Failed to get launcher proxy for system bar attr change.
04-10 22:29:37.951  1060  1060 E LauncherProxyService: Failed to get launcher proxy for system bar attr change.
04-10 22:29:38.960  3532  3532 E SatelliteController: SatelliteController was not yet initialized.
04-10 22:29:41.772   710   883 E BluetoothSystemServer: BluetoothManagerService: TIMEOUT_BIND: Impossible to bind to Bluetooth service
04-10 22:29:42.040  3828  3840 E NexusCSStateManager: Failed to fetch from AppSearch
04-10 22:29:42.040  3828  3840 E NexusCSStateManager: java.util.NoSuchElementException: No value present
04-10 22:29:42.040  3828  3840 E NexusCSStateManager: 	at java.util.Optional.get(Optional.java:143)
04-10 22:29:42.040  3828  3840 E NexusCSStateManager: 	at p6.l.onResult(go/retraceme 7226a759aa2bb3787a79806f85d80eaad84f1f1e15acd6db988f2df789d1680d:36)
04-10 22:29:42.040  3828  3840 E NexusCSStateManager: 	at android.app.appsearch.SearchSessionUtil$1.lambda$onResult$0(go/retraceme 50c746ee5c32f88f733077ebeb4008935661f54b3d9e8e373e734d129bb80b29:144)
04-10 22:29:42.040  3828  3840 E NexusCSStateManager: 	at android.app.appsearch.SearchSessionUtil$1.$r8$lambda$CEk3q8sDAQVhU3rQwVueB8FAj_M(go/retraceme 50c746ee5c32f88f733077ebeb4008935661f54b3d9e8e373e734d129bb80b29:1)
04-10 22:29:42.040  3828  3840 E NexusCSStateManager: 	at android.app.appsearch.SearchSessionUtil$1$$ExternalSyntheticLambda0.run(go/retraceme 50c746ee5c32f88f733077ebeb4008935661f54b3d9e8e373e734d129bb80b29:22)
04-10 22:29:42.040  3828  3840 E NexusCSStateManager: 	at androidx.appfunctions.internal.e.execute(go/retraceme 7226a759aa2bb3787a79806f85d80eaad84f1f1e15acd6db988f2df789d1680d:0)
04-10 22:29:42.040  3828  3840 E NexusCSStateManager: 	at android.app.appsearch.SearchSessionUtil.safeExecute(go/retraceme 50c746ee5c32f88f733077ebeb4008935661f54b3d9e8e373e734d129bb80b29:21)
04-10 22:29:42.040  3828  3840 E NexusCSStateManager: 	at android.app.appsearch.SearchSessionUtil$1.onResult(go/retraceme 50c746ee5c32f88f733077ebeb4008935661f54b3d9e8e373e734d129bb80b29:18)
04-10 22:29:42.040  3828  3840 E NexusCSStateManager: 	at android.app.appsearch.aidl.IAppSearchBatchResultCallback$Stub.onTransact(go/retraceme 50c746ee5c32f88f733077ebeb4008935661f54b3d9e8e373e734d129bb80b29:50)
04-10 22:29:42.040  3828  3840 E NexusCSStateManager: 	at android.os.Binder.execTransactInternal(Binder.java:1471)
04-10 22:29:42.040  3828  3840 E NexusCSStateManager: 	at android.os.Binder.execTransact(Binder.java:1411)
04-10 22:29:42.761  3828  3921 E ZeroStateWebSuggestDataLoader: Failed to fetch suggestions from AppSearch
04-10 22:29:42.761  3828  3921 E ZeroStateWebSuggestDataLoader: java.util.NoSuchElementException: No value present
04-10 22:29:42.761  3828  3921 E ZeroStateWebSuggestDataLoader: 	at java.util.Optional.get(Optional.java:143)
04-10 22:29:42.761  3828  3921 E ZeroStateWebSuggestDataLoader: 	at d6.j.onResult(go/retraceme 7226a759aa2bb3787a79806f85d80eaad84f1f1e15acd6db988f2df789d1680d:32)
04-10 22:29:42.761  3828  3921 E ZeroStateWebSuggestDataLoader: 	at android.app.appsearch.SearchSessionUtil$1.lambda$onResult$0(go/retraceme 50c746ee5c32f88f733077ebeb4008935661f54b3d9e8e373e734d129bb80b29:144)
04-10 22:29:42.761  3828  3921 E ZeroStateWebSuggestDataLoader: 	at android.app.appsearch.SearchSessionUtil$1.$r8$lambda$CEk3q8sDAQVhU3rQwVueB8FAj_M(go/retraceme 50c746ee5c32f88f733077ebeb4008935661f54b3d9e8e373e734d129bb80b29:1)
04-10 22:29:42.761  3828  3921 E ZeroStateWebSuggestDataLoader: 	at android.app.appsearch.SearchSessionUtil$1$$ExternalSyntheticLambda0.run(go/retraceme 50c746ee5c32f88f733077ebeb4008935661f54b3d9e8e373e734d129bb80b29:22)
04-10 22:29:42.761  3828  3921 E ZeroStateWebSuggestDataLoader: 	at android.os.Handler.handleCallback(Handler.java:1095)
04-10 22:29:42.761  3828  3921 E ZeroStateWebSuggestDataLoader: 	at android.os.Handler.dispatchMessageImpl(Handler.java:135)
04-10 22:29:42.761  3828  3921 E ZeroStateWebSuggestDataLoader: 	at android.os.Handler.dispatchMessage(Handler.java:125)
04-10 22:29:42.761  3828  3921 E ZeroStateWebSuggestDataLoader: 	at android.os.Looper.loopOnce(Looper.java:292)
04-10 22:29:42.761  3828  3921 E ZeroStateWebSuggestDataLoader: 	at android.os.Looper.loop(Looper.java:393)
04-10 22:29:42.761  3828  3921 E ZeroStateWebSuggestDataLoader: 	at android.os.HandlerThread.run(HandlerThread.java:139)
04-10 22:29:42.764   710   883 E BluetoothSystemServer: BluetoothManagerService: Recovery #1 scheduled in 4S
04-10 22:29:43.641  3828  3828 E RecyclerView: Cannot scroll to position a LayoutManager set. Call setLayoutManager with a non-null argument.
04-10 22:29:43.656  3828  3828 E RecyclerView: Cannot scroll to position a LayoutManager set. Call setLayoutManager with a non-null argument.
04-10 22:29:43.752  3937  4114 E droid.deskclock: hiddenapi: Accessing hidden field Ljava/util/Collections$SynchronizedCollection;->mutex:Ljava/lang/Object; (runtime_flags=0, domain=core-platform, api=max-target-o) from Lj$/util/DesugarCollections; (domain=app, TargetSdkVersion=33) using reflection: denied
04-10 22:29:43.752  3937  4114 E droid.deskclock: hiddenapi: Accessing hidden method Ljava/util/Collections$SynchronizedSet;-><init>(Ljava/util/Set;Ljava/lang/Object;)V (runtime_flags=0, domain=core-platform, api=max-target-o) from Lj$/util/DesugarCollections; (domain=app, TargetSdkVersion=33) using reflection: denied
04-10 22:29:43.753  3937  4114 E droid.deskclock: hiddenapi: Accessing hidden method Ljava/util/Collections$SynchronizedCollection;-><init>(Ljava/util/Collection;Ljava/lang/Object;)V (runtime_flags=0, domain=core-platform, api=max-target-o) from Lj$/util/DesugarCollections; (domain=app, TargetSdkVersion=33) using reflection: denied
04-10 22:29:45.675   710  1741 E RoleControllerServiceImpl: Default/fallback role holder package doesn't qualify for the role, package: com.google.android.gms, role: android.app.role.WALLET, user: 0
04-10 22:29:46.182  3660  3867 E ActivityThread: Failed to find provider info for com.google.android.gsf.gservices
04-10 22:29:46.187  3660  3876 E ActivityThread: Failed to find provider info for com.google.android.gms.chimera
04-10 22:29:46.207  3937  3998 E ActivityThread: Failed to find provider info for com.google.android.gms.fonts
04-10 22:29:46.208   710  4079 E ActivityManager: ANR in com.android.phone
04-10 22:29:46.208   710  4079 E ActivityManager: PID: 3532
04-10 22:29:46.208   710  4079 E ActivityManager: Reason: Process ProcessRecord{2290c25 3532:com.android.phone/1001} failed to complete startup
04-10 22:29:46.208   710  4079 E ActivityManager: ErrorId: aaf5f00b-6168-462f-bb42-76f1e5494976
04-10 22:29:46.208   710  4079 E ActivityManager: Frozen: false
04-10 22:29:46.208   710  4079 E ActivityManager: Load: 0.0 / 0.0 / 0.0
04-10 22:29:46.208   710  4079 E ActivityManager: ----- Output from /proc/pressure/memory -----
04-10 22:29:46.208   710  4079 E ActivityManager: some avg10=1.51 avg60=2.50 avg300=1.25 total=5349003
04-10 22:29:46.208   710  4079 E ActivityManager: full avg10=0.74 avg60=1.44 avg300=0.67 total=3121948
04-10 22:29:46.208   710  4079 E ActivityManager: ----- End output from /proc/pressure/memory -----
04-10 22:29:46.208   710  4079 E ActivityManager: ----- Output from /proc/pressure/cpu -----
04-10 22:29:46.208   710  4079 E ActivityManager: some avg10=77.98 avg60=77.84 avg300=39.38 total=160089701
04-10 22:29:46.208   710  4079 E ActivityManager: full avg10=0.00 avg60=0.00 avg300=0.00 total=0
04-10 22:29:46.208   710  4079 E ActivityManager: ----- End output from /proc/pressure/cpu -----
04-10 22:29:46.208   710  4079 E ActivityManager: ----- Output from /proc/pressure/io -----
04-10 22:29:46.208   710  4079 E ActivityManager: some avg10=45.68 avg60=41.04 avg300=23.00 total=99229672
04-10 22:29:46.208   710  4079 E ActivityManager: full avg10=1.54 avg60=0.88 avg300=1.29 total=7689706
04-10 22:29:46.208   710  4079 E ActivityManager: ----- End output from /proc/pressure/io -----
04-10 22:29:46.208   710  4079 E ActivityManager: 
04-10 22:29:46.208   710  4079 E ActivityManager: CPU usage from 17004ms to -162ms ago (2026-04-10 22:29:25.508 to 2026-04-10 22:29:42.675):
04-10 22:29:46.208   710  4079 E ActivityManager:   90% 710/system_server: 49% user + 40% kernel / faults: 14546 minor 22 major
04-10 22:29:46.208   710  4079 E ActivityManager:   18% 3828/com.google.android.apps.nexuslauncher: 9.4% user + 8.6% kernel / faults: 8089 minor 20 major
04-10 22:29:46.208   710  4079 E ActivityManager:   17% 3660/com.google.android.googlequicksearchbox:search: 11% user + 5.9% kernel / faults: 5244 minor 21 major
04-10 22:29:46.208   710  4079 E ActivityManager:   14% 2957/com.google.android.providers.media.module: 9.1% user + 5.5% kernel / faults: 2790 minor
04-10 22:29:46.208   710  4079 E ActivityManager:   15% 54/kcompactd0: 0% user + 15% kernel
04-10 22:29:46.208   710  4079 E ActivityManager:   12% 449/android.hardware.sensors-service.multihal: 5.4% user + 6.6% kernel / faults: 10 minor
04-10 22:29:46.208   710  4079 E ActivityManager:   11% 3532/com.android.phone: 6.4% user + 4.5% kernel / faults: 1377 minor 16 major
04-10 22:29:46.208   710  4079 E ActivityManager:   10% 1936/artd: 4.2% user + 6.1% kernel / faults: 4993 minor
04-10 22:29:46.208   710  4079 E ActivityManager:   9.3% 505/surfaceflinger: 4.4% user + 4.9% kernel / faults: 48 minor
04-10 22:29:46.208   710  4079 E ActivityManager:   7.6% 1060/com.android.systemui: 5.4% user + 2.1% kernel / faults: 780 minor 1 major
04-10 22:29:46.208   710  4079 E ActivityManager: 99% TOTAL: 40% user + 43% kernel + 1.3% iowait + 12% irq + 1.4% softirq
04-10 22:29:46.208   710  4079 E ActivityManager: CPU usage from 238167ms to 238167ms ago (1970-01-01 05:30:00.000 to 1970-01-01 05:30:00.000) with 0% awake:
04-10 22:29:46.208   710  4079 E ActivityManager: 0% TOTAL: 0% user + 0% kernel
04-10 22:29:47.985  3828  3828 E ConsumerBase: [ImageReader-1x1f1u2816m2-3828-1] abandonLocked: ConsumerBase is abandoned!
04-10 22:29:49.237  1060  1060 E LauncherProxyService: Failed to get launcher proxy for system bar attr change.
04-10 22:29:49.341   710  1741 E RoleControllerServiceImpl: Default/fallback role holder package doesn't qualify for the role, package: com.google.android.gms.supervision, role: android.app.role.SYSTEM_SUPERVISION, user: 0
04-10 22:29:49.439   710   750 E libprocessgroup: Failed to write 1 to /sys/fs/cgroup/system/uid_1001/pid_3532/cgroup.kill: No such file or directory
04-10 22:29:49.750  1060  1060 E LauncherProxyService: Failed to get launcher proxy for system bar attr change.
04-10 22:29:50.883   710  1741 E RoleControllerServiceImpl: Default/fallback role holder package doesn't qualify for the role, package: com.google.android.gms, role: android.app.role.SYSTEM_DEPENDENCY_INSTALLER, user: 0
04-10 22:29:52.881  4049  4049 E FeatureFlagsImplExport: android.os.flagging.AconfigStorageReadException: ERROR_PACKAGE_NOT_FOUND: package android.xr cannot be found on the device
04-10 22:29:53.604   710   738 E Transition: #18 readiness timeout. state=1
04-10 22:29:53.621   710   738 E Transition:    met conditions: [{TF WCT Applied}, {Legacy: used=true deferDepth=0 group={Display{#0 state=ON size=720x1280 ROTATION_0}=true}}]
04-10 22:29:53.622   710   738 E Transition:    unmet conditions: [{task-fragment transaction:TaskFragmentTransaction{token=android.os.Binder@779268a changes=[Change{ type=4 },Change{ type=1 }]}}]
04-10 22:29:53.875  3828  3922 E ConsumerBase: [ImageReader-132x132f1u2816m2-3828-2] abandonLocked: ConsumerBase is abandoned!
04-10 22:29:54.464   710  4218 E android.os.Debug: Failed to get binder state info for pid: 3907 status: -2: Success
04-10 22:29:57.071  1060  1060 E LauncherProxyService: Failed to get launcher proxy for system bar attr change.
04-10 22:29:57.131   710  1741 E RoleControllerServiceImpl: Default/fallback role holder package doesn't qualify for the role, package: com.google.android.gms, role: android.app.role.WALLET, user: 0
04-10 22:29:57.444   710  1741 E RoleControllerServiceImpl: Default/fallback role holder package doesn't qualify for the role, package: com.google.android.gms.supervision, role: android.app.role.SYSTEM_SUPERVISION, user: 0
04-10 22:29:57.582   710  1741 E RoleControllerServiceImpl: Default/fallback role holder package doesn't qualify for the role, package: com.google.android.gms, role: android.app.role.SYSTEM_DEPENDENCY_INSTALLER, user: 0
04-10 22:29:57.865  3828  3920 E ConsumerBase: [ImageReader-26x26f1u2816m2-3828-3] abandonLocked: ConsumerBase is abandoned!
04-10 22:29:59.434  3963  3963 E SmsApplication: com.google.android.apps.messaging lost android:read_cell_broadcasts:  (fixing)
04-10 22:29:59.859  3660  3689 E DatabaseUtils: Writing exception to parcel
04-10 22:29:59.859  3660  3689 E DatabaseUtils: java.lang.UnsupportedOperationException
04-10 22:29:59.859  3660  3689 E DatabaseUtils: 	at com.google.android.apps.gsa.staticplugins.publiccontent.GsaPublicContentProvider.query(PG:480)
04-10 22:29:59.859  3660  3689 E DatabaseUtils: 	at android.content.ContentProvider.query(ContentProvider.java:1670)
04-10 22:29:59.859  3660  3689 E DatabaseUtils: 	at android.content.ContentProvider.query(ContentProvider.java:1766)
04-10 22:29:59.859  3660  3689 E DatabaseUtils: 	at android.content.ContentProvider$Transport.query(ContentProvider.java:304)
04-10 22:29:59.859  3660  3689 E DatabaseUtils: 	at android.content.ContentProviderNative.onTransact(ContentProviderNative.java:109)
04-10 22:29:59.859  3660  3689 E DatabaseUtils: 	at android.os.Binder.execTransactInternal(Binder.java:1466)
04-10 22:29:59.859  3660  3689 E DatabaseUtils: 	at android.os.Binder.execTransact(Binder.java:1411)
04-10 22:30:00.108  3828  4108 E DoodleDataLoader: Error fetching doodle
04-10 22:30:00.108  3828  4108 E DoodleDataLoader: java.lang.UnsupportedOperationException
04-10 22:30:00.108  3828  4108 E DoodleDataLoader: 	at android.database.DatabaseUtils.readExceptionFromParcel(DatabaseUtils.java:209)
04-10 22:30:00.108  3828  4108 E DoodleDataLoader: 	at android.database.DatabaseUtils.readExceptionFromParcel(DatabaseUtils.java:177)
04-10 22:30:00.108  3828  4108 E DoodleDataLoader: 	at android.content.ContentProviderProxy.query(ContentProviderNative.java:497)
04-10 22:30:00.108  3828  4108 E DoodleDataLoader: 	at android.content.ContentProviderClient.lambda$query$1(ContentProviderClient.java:330)
04-10 22:30:00.108  3828  4108 E DoodleDataLoader: 	at android.content.ContentProviderClient.$r8$lambda$30ruSb8khJgOcMU3BAg6NHb0qXI(ContentProviderClient.java:0)
04-10 22:30:00.108  3828  4108 E DoodleDataLoader: 	at android.content.ContentProviderClient$$ExternalSyntheticLambda5.apply(D8$$SyntheticClass:0)
04-10 22:30:00.108  3828  4108 E DoodleDataLoader: 	at android.content.ContentProviderClient.execute(ContentProviderClient.java:732)
04-10 22:30:00.108  3828  4108 E DoodleDataLoader: 	at android.content.ContentProviderClient.query(ContentProviderClient.java:329)
04-10 22:30:00.108  3828  4108 E DoodleDataLoader: 	at android.content.ContentProviderClient.query(ContentProviderClient.java:320)
04-10 22:30:00.108  3828  4108 E DoodleDataLoader: 	at android.content.ContentProviderClient.query(ContentProviderClient.java:310)
04-10 22:30:00.108  3828  4108 E DoodleDataLoader: 	at l6.d.d(go/retraceme 7226a759aa2bb3787a79806f85d80eaad84f1f1e15acd6db988f2df789d1680d:23)
04-10 22:30:00.108  3828  4108 E DoodleDataLoader: 	at l6.g.run(go/retraceme 7226a759aa2bb3787a79806f85d80eaad84f1f1e15acd6db988f2df789d1680d:2)
04-10 22:30:00.108  3828  4108 E DoodleDataLoader: 	at android.os.Handler.handleCallback(Handler.java:1095)
04-10 22:30:00.108  3828  4108 E DoodleDataLoader: 	at android.os.Handler.dispatchMessageImpl(Handler.java:135)
04-10 22:30:00.108  3828  4108 E DoodleDataLoader: 	at android.os.Handler.dispatchMessage(Handler.java:125)
04-10 22:30:00.108  3828  4108 E DoodleDataLoader: 	at android.os.Looper.loopOnce(Looper.java:292)
04-10 22:30:00.108  3828  4108 E DoodleDataLoader: 	at android.os.Looper.loop(Looper.java:393)
04-10 22:30:00.108  3828  4108 E DoodleDataLoader: 	at android.os.HandlerThread.run(HandlerThread.java:139)
04-10 22:30:01.746  3963  3963 E SmsApplication: com.google.android.apps.messaging lost android:read_cell_broadcasts:  (fixing)
04-10 22:30:01.841   710   880 E InputDispatcher: channel '[Gesture Monitor] swipe-up' ~ Channel is unrecoverably broken and will be disposed!
04-10 22:30:01.844   710   880 E InputDispatcher: channel '[Gesture Monitor] minus-one' ~ Channel is unrecoverably broken and will be disposed!
04-10 22:30:01.845   710   880 E InputDispatcher: channel '36d5c3f Taskbar' ~ Channel is unrecoverably broken and will be disposed!
04-10 22:30:01.871   710   880 E libbinder.IPCThreadState: Binder transaction failure. id: 113478, cmd: BR_DEAD_REPLY (29189), error: -3 (No such process)
04-10 22:30:01.883   710   880 E libbinder.IPCThreadState: Binder transaction failure. id: 113488, cmd: BR_DEAD_REPLY (29189), error: -3 (No such process)
04-10 22:30:01.899   710   880 E InputDispatcher: channel '7da44c7 com.google.android.apps.nexuslauncher/com.google.android.apps.nexuslauncher.NexusLauncherActivity' ~ Channel is unrecoverably broken and will be disposed!
04-10 22:30:01.950   710  1744 E ContentProviderHelper: Existing provider com.google.android.apps.wellbeing/.api.impl.WellbeingSettingsProvider is crashing; detaching ProcessRecord{2d6b77a 3828:com.google.android.apps.nexuslauncher/u0a193}
04-10 22:30:02.063   505   572 E libbinder.IPCThreadState: Binder transaction failure. id: 113490, cmd: BR_DEAD_REPLY (29189), error: -3 (No such process)
04-10 22:30:02.238   505   505 E BpTransactionCompletedListener: Failed to transact (-32)
04-10 22:30:02.244   505   505 E BpTransactionCompletedListener: Failed to transact (-32)
04-10 22:30:02.440   710  1741 E RoleControllerServiceImpl: Default/fallback role holder package doesn't qualify for the role, package: com.google.android.gms, role: android.app.role.WALLET, user: 0
04-10 22:30:05.012   710   710 E JobServiceContext: Error sending onStart message to 'androidx.work.impl.background.systemjob.SystemJobService' 
04-10 22:30:05.012   710   710 E JobServiceContext: android.os.DeadObjectException
04-10 22:30:05.012   710   710 E JobServiceContext: 	at android.os.BinderProxy.transactNative(Native Method)
04-10 22:30:05.012   710   710 E JobServiceContext: 	at android.os.BinderProxy.transact(BinderProxy.java:617)
04-10 22:30:05.012   710   710 E JobServiceContext: 	at android.app.job.IJobService$Stub$Proxy.startJob(IJobService.java:190)
04-10 22:30:05.012   710   710 E JobServiceContext: 	at com.android.server.job.JobServiceContext.handleServiceBoundLocked(JobServiceContext.java:1361)
04-10 22:30:05.012   710   710 E JobServiceContext: 	at com.android.server.job.JobServiceContext.doServiceBoundLocked(JobServiceContext.java:1270)
04-10 22:30:05.012   710   710 E JobServiceContext: 	at com.android.server.job.JobServiceContext.onServiceConnected(JobServiceContext.java:1124)
04-10 22:30:05.012   710   710 E JobServiceContext: 	at android.content.ServiceConnection.onServiceConnected(ServiceConnection.java:75)
04-10 22:30:05.012   710   710 E JobServiceContext: 	at android.app.LoadedApk$ServiceDispatcher.doConnected(LoadedApk.java:2453)
04-10 22:30:05.012   710   710 E JobServiceContext: 	at android.app.LoadedApk$ServiceDispatcher$RunConnection.run(LoadedApk.java:2489)
04-10 22:30:05.012   710   710 E JobServiceContext: 	at android.os.Handler.handleCallback(Handler.java:1095)
04-10 22:30:05.012   710   710 E JobServiceContext: 	at android.os.Handler.dispatchMessageImpl(Handler.java:135)
04-10 22:30:05.012   710   710 E JobServiceContext: 	at android.os.Handler.dispatchMessage(Handler.java:125)
04-10 22:30:05.012   710   710 E JobServiceContext: 	at android.os.Looper.loopOnce(Looper.java:292)
04-10 22:30:05.012   710   710 E JobServiceContext: 	at android.os.Looper.loop(Looper.java:393)
04-10 22:30:05.012   710   710 E JobServiceContext: 	at com.android.server.SystemServer.run(SystemServer.java:1092)
04-10 22:30:05.012   710   710 E JobServiceContext: 	at com.android.server.SystemServer.main(SystemServer.java:721)
04-10 22:30:05.012   710   710 E JobServiceContext: 	at java.lang.reflect.Method.invoke(Native Method)
04-10 22:30:05.012   710   710 E JobServiceContext: 	at com.android.internal.os.RuntimeInit$MethodAndArgsCaller.run(RuntimeInit.java:575)
04-10 22:30:05.012   710   710 E JobServiceContext: 	at com.android.internal.os.ZygoteInit.main(ZygoteInit.java:917)
04-10 22:30:05.917  4120  4257 E ActivityThread: Failed to find provider info for com.google.android.gms.chimera
04-10 22:30:06.235  4056  4056 E LibraryModuleRegistry: LibraryModuleRegistry.register():48 Module mobilebert_classifier_android_jni has already been registered to integrated_shared_object
04-10 22:30:07.829   710  4219 E ActivityManager: ANR in com.google.android.as
04-10 22:30:07.829   710  4219 E ActivityManager: PID: 3907
04-10 22:30:07.829   710  4219 E ActivityManager: Reason: Process ProcessRecord{cb1fbd7 3907:com.google.android.as/u0a147} failed to complete startup
04-10 22:30:07.829   710  4219 E ActivityManager: ErrorId: 132e21f4-a64d-413e-a42c-9d164578f1b7
04-10 22:30:07.829   710  4219 E ActivityManager: Frozen: false
04-10 22:30:07.829   710  4219 E ActivityManager: Load: 0.0 / 0.0 / 0.0
04-10 22:30:07.829   710  4219 E ActivityManager: ----- Output from /proc/pressure/memory -----
04-10 22:30:07.829   710  4219 E ActivityManager: some avg10=2.38 avg60=2.48 avg300=1.29 total=5670162
04-10 22:30:07.829   710  4219 E ActivityManager: full avg10=1.23 avg60=1.40 avg300=0.69 total=3313377
04-10 22:30:07.829   710  4219 E ActivityManager: ----- End output from /proc/pressure/memory -----
04-10 22:30:07.829   710  4219 E ActivityManager: ----- Output from /proc/pressure/cpu -----
04-10 22:30:07.829   710  4219 E ActivityManager: some avg10=86.77 avg60=80.23 avg300=41.72 total=172193380
04-10 22:30:07.829   710  4219 E ActivityManager: full avg10=0.00 avg60=0.00 avg300=0.00 total=0
04-10 22:30:07.829   710  4219 E ActivityManager: ----- End output from /proc/pressure/cpu -----
04-10 22:30:07.829   710  4219 E ActivityManager: ----- Output from /proc/pressure/io -----
04-10 22:30:07.829   710  4219 E ActivityManager: some avg10=43.41 avg60=41.41 avg300=23.93 total=105082006
04-10 22:30:07.829   710  4219 E ActivityManager: full avg10=0.37 avg60=0.70 avg300=1.22 total=7689832
04-10 22:30:07.829   710  4219 E ActivityManager: ----- End output from /proc/pressure/io -----
04-10 22:30:07.829   710  4219 E ActivityManager: 
04-10 22:30:07.829   710  4219 E ActivityManager: CPU usage from 196ms to 7498ms later (2026-04-10 22:29:55.490 to 2026-04-10 22:30:02.792):
04-10 22:30:07.829   710  4219 E ActivityManager:   75% 710/system_server: 39% user + 35% kernel / faults: 2670 minor 8 major
04-10 22:30:07.829   710  4219 E ActivityManager:   14% 505/surfaceflinger: 6.6% user + 7.8% kernel / faults: 10 minor
04-10 22:30:07.829   710  4219 E ActivityManager:   10% 1936/artd: 4.3% user + 6.2% kernel / faults: 2546 minor
04-10 22:30:07.829   710  4219 E ActivityManager:   9.9% 458/android.hardware.graphics.composer3-service.ranchu: 3.5% user + 6.4% kernel / faults: 1 minor
04-10 22:30:07.829   710  4219 E ActivityManager:   9.7% 449/android.hardware.sensors-service.multihal: 4.1% user + 5.6% kernel / faults: 1 minor
04-10 22:30:07.829   710  4219 E ActivityManager:   10% 4120/com.google.android.googlequicksearchbox:googleapp: 4.9% user + 5.4% kernel / faults: 1739 minor 3 major
04-10 22:30:07.829   710  4219 E ActivityManager:   9.5% 3907/com.google.android.as: 5% user + 4.5% kernel / faults: 1944 minor 12 major
04-10 22:30:07.829   710  4219 E ActivityManager:   8.4% 1060/com.android.systemui: 4.9% user + 3.4% kernel / faults: 2133 minor
04-10 22:30:07.829   710  4219 E ActivityManager:   9.4% 4056/com.google.android.inputmethod.latin: 6.3% user + 3.1% kernel / faults: 937 minor
04-10 22:30:07.829   710  4219 E ActivityManager:   9.1% 67/kswapd0: 0% user + 9.1% kernel
04-10 22:30:07.829   710  4219 E ActivityManager: 99% TOTAL: 35% user + 47% kernel + 15% irq + 1.9% softirq
04-10 22:30:07.829   710  4219 E ActivityManager: CPU usage from 250949ms to 250949ms ago (1970-01-01 05:30:00.000 to 1970-01-01 05:30:00.000) with 0% awake:
04-10 22:30:07.829   710  4219 E ActivityManager: 0% TOTAL: 0% user + 0% kernel
04-10 22:30:07.984   710   738 E Transition: Playing a Transition which hasn't started! #20 This will likely cause an exception in Shell
04-10 22:30:08.624   457   457 E android.hardware.bluetooth.service.default: unable to open /dev/rfkill: Permission denied
04-10 22:30:08.624   457   457 E android.hardware.bluetooth.service.default: rfkill unavailable
04-10 22:30:09.872   710  4416 E android.os.Debug: Failed to get binder state info for pid: 4056 status: -2: Success
04-10 22:30:10.757  1060  1060 E LauncherProxyService: Failed to get launcher proxy for system bar attr change.
04-10 22:30:11.163  4038  4038 E bluetooth: system/gd/hal/socket_hal_impl_android.cc:98 SocketHalImpl: Socket service is not declared (checked for android.hardware.bluetooth.socket.IBluetoothSocket/lpp and android.hardware.bluetooth.socket.IBluetoothSocket/default)
04-10 22:30:11.173  4038  4038 E bluetooth: system/gd/hal/gatt_hal_impl_android.cc:107 GattHalImpl: The service android.hardware.bluetooth.gatt.IBluetoothGatt/default is not declared
04-10 22:30:12.784   710  1197 E WindowOrganizerController: Trying to start a transition that isn't collecting. This probably means Shell took too long to respond to a request. WM State may be incorrect now, please file a bug
04-10 22:30:12.837  1060  1060 E LauncherProxyService: Failed to call onInitialize()
04-10 22:30:12.837  1060  1060 E LauncherProxyService: android.os.DeadObjectException
04-10 22:30:12.837  1060  1060 E LauncherProxyService: 	at android.os.BinderProxy.transactNative(Native Method)
04-10 22:30:12.837  1060  1060 E LauncherProxyService: 	at android.os.BinderProxy.transact(BinderProxy.java:617)
04-10 22:30:12.837  1060  1060 E LauncherProxyService: 	at com.android.systemui.LauncherProxyService$4.onServiceConnected(go/retraceme 2b9555e93469c570fe1eba6e00ba55c641998f0b05ea4e8d6000e443e74ca7fc:134)
04-10 22:30:12.837  1060  1060 E LauncherProxyService: 	at android.content.ServiceConnection.onServiceConnected(ServiceConnection.java:75)
04-10 22:30:12.837  1060  1060 E LauncherProxyService: 	at android.app.LoadedApk$ServiceDispatcher.doConnected(LoadedApk.java:2453)
04-10 22:30:12.837  1060  1060 E LauncherProxyService: 	at android.app.LoadedApk$ServiceDispatcher$RunConnection.run(LoadedApk.java:2489)
04-10 22:30:12.837  1060  1060 E LauncherProxyService: 	at android.os.Handler.handleCallback(Handler.java:1095)
04-10 22:30:12.837  1060  1060 E LauncherProxyService: 	at android.os.Handler.dispatchMessageImpl(Handler.java:135)
04-10 22:30:12.837  1060  1060 E LauncherProxyService: 	at android.os.Handler.dispatchMessage(Handler.java:125)
04-10 22:30:12.837  1060  1060 E LauncherProxyService: 	at android.os.Looper.loopOnce(Looper.java:292)
04-10 22:30:12.837  1060  1060 E LauncherProxyService: 	at android.os.Looper.loop(Looper.java:393)
04-10 22:30:12.837  1060  1060 E LauncherProxyService: 	at android.app.ActivityThread.main(ActivityThread.java:9486)
04-10 22:30:12.837  1060  1060 E LauncherProxyService: 	at java.lang.reflect.Method.invoke(Native Method)
04-10 22:30:12.837  1060  1060 E LauncherProxyService: 	at com.android.internal.os.RuntimeInit$MethodAndArgsCaller.run(RuntimeInit.java:575)
04-10 22:30:12.837  1060  1060 E LauncherProxyService: 	at com.android.internal.os.ZygoteInit.main(ZygoteInit.java:939)
04-10 22:30:12.944  1060  1060 E LauncherProxyService: Failed to notify sysui state change
04-10 22:30:12.944  1060  1060 E LauncherProxyService: android.os.DeadObjectException
04-10 22:30:12.944  1060  1060 E LauncherProxyService: 	at android.os.BinderProxy.transactNative(Native Method)
04-10 22:30:12.944  1060  1060 E LauncherProxyService: 	at android.os.BinderProxy.transact(BinderProxy.java:617)
04-10 22:30:12.944  1060  1060 E LauncherProxyService: 	at com.android.systemui.LauncherProxyService.notifySystemUiStateFlags(go/retraceme 2b9555e93469c570fe1eba6e00ba55c641998f0b05ea4e8d6000e443e74ca7fc:29)
04-10 22:30:12.944  1060  1060 E LauncherProxyService: 	at com.android.systemui.LauncherProxyService.notifySysUiStateFlagsForAllDisplays(go/retraceme 2b9555e93469c570fe1eba6e00ba55c641998f0b05ea4e8d6000e443e74ca7fc:50)
04-10 22:30:12.944  1060  1060 E LauncherProxyService: 	at com.android.systemui.LauncherProxyService$4.onServiceConnected(go/retraceme 2b9555e93469c570fe1eba6e00ba55c641998f0b05ea4e8d6000e443e74ca7fc:305)
04-10 22:30:12.944  1060  1060 E LauncherProxyService: 	at android.content.ServiceConnection.onServiceConnected(ServiceConnection.java:75)
04-10 22:30:12.944  1060  1060 E LauncherProxyService: 	at android.app.LoadedApk$ServiceDispatcher.doConnected(LoadedApk.java:2453)
04-10 22:30:12.944  1060  1060 E LauncherProxyService: 	at android.app.LoadedApk$ServiceDispatcher$RunConnection.run(LoadedApk.java:2489)
04-10 22:30:12.944  1060  1060 E LauncherProxyService: 	at android.os.Handler.handleCallback(Handler.java:1095)
04-10 22:30:12.944  1060  1060 E LauncherProxyService: 	at android.os.Handler.dispatchMessageImpl(Handler.java:135)
04-10 22:30:12.944  1060  1060 E LauncherProxyService: 	at android.os.Handler.dispatchMessage(Handler.java:125)
04-10 22:30:12.944  1060  1060 E LauncherProxyService: 	at android.os.Looper.loopOnce(Looper.java:292)
04-10 22:30:12.944  1060  1060 E LauncherProxyService: 	at android.os.Looper.loop(Looper.java:393)
04-10 22:30:12.944  1060  1060 E LauncherProxyService: 	at android.app.ActivityThread.main(ActivityThread.java:9486)
04-10 22:30:12.944  1060  1060 E LauncherProxyService: 	at java.lang.reflect.Method.invoke(Native Method)
04-10 22:30:12.944  1060  1060 E LauncherProxyService: 	at com.android.internal.os.RuntimeInit$MethodAndArgsCaller.run(RuntimeInit.java:575)
04-10 22:30:12.944  1060  1060 E LauncherProxyService: 	at com.android.internal.os.ZygoteInit.main(ZygoteInit.java:939)
04-10 22:30:13.779  3983  4399 E native_loader: Java_hotLoad not found!
04-10 22:30:13.790  3983  4399 E NativeHotLoader: Failed to hotload library '/data/app/~~ZcGfAzgJinPFs3ubKWxgUA==/com.google.android.gms-HyXQiO6os206Or8mn8m9jQ==/base.apk!/lib/x86_64/libgmscore.so'. [CONTEXT service_id=447 ]
04-10 22:30:14.791  1060  1060 E TaskbarDelegate: updateWallpaperVisibility() failed, visible: true
04-10 22:30:14.791  1060  1060 E TaskbarDelegate: android.os.DeadObjectException
04-10 22:30:14.791  1060  1060 E TaskbarDelegate: 	at android.os.BinderProxy.transactNative(Native Method)
04-10 22:30:14.791  1060  1060 E TaskbarDelegate: 	at android.os.BinderProxy.transact(BinderProxy.java:617)
04-10 22:30:14.791  1060  1060 E TaskbarDelegate: 	at com.android.systemui.navigationbar.TaskbarDelegate$1.updateWallpaperVisibility(go/retraceme 2b9555e93469c570fe1eba6e00ba55c641998f0b05ea4e8d6000e443e74ca7fc:34)
04-10 22:30:14.791  1060  1060 E TaskbarDelegate: 	at com.android.systemui.navigationbar.NavBarHelper$2$$ExternalSyntheticLambda0.run(go/retraceme 2b9555e93469c570fe1eba6e00ba55c641998f0b05ea4e8d6000e443e74ca7fc:28)
04-10 22:30:14.791  1060  1060 E TaskbarDelegate: 	at android.os.Handler.handleCallback(Handler.java:1095)
04-10 22:30:14.791  1060  1060 E TaskbarDelegate: 	at android.os.Handler.dispatchMessageImpl(Handler.java:135)
04-10 22:30:14.791  1060  1060 E TaskbarDelegate: 	at android.os.Handler.dispatchMessage(Handler.java:125)
04-10 22:30:14.791  1060  1060 E TaskbarDelegate: 	at android.os.Looper.loopOnce(Looper.java:292)
04-10 22:30:14.791  1060  1060 E TaskbarDelegate: 	at android.os.Looper.loop(Looper.java:393)
04-10 22:30:14.791  1060  1060 E TaskbarDelegate: 	at android.app.ActivityThread.main(ActivityThread.java:9486)
04-10 22:30:14.791  1060  1060 E TaskbarDelegate: 	at java.lang.reflect.Method.invoke(Native Method)
04-10 22:30:14.791  1060  1060 E TaskbarDelegate: 	at com.android.internal.os.RuntimeInit$MethodAndArgsCaller.run(RuntimeInit.java:575)
04-10 22:30:14.791  1060  1060 E TaskbarDelegate: 	at com.android.internal.os.ZygoteInit.main(ZygoteInit.java:939)
04-10 22:30:14.835  4178  4178 E CarrierIdProvider: read carrier list from ota pb failure: java.io.FileNotFoundException: /data/misc/carrierid/carrier_list.pb: open failed: ENOENT (No such file or directory)
04-10 22:30:16.335   710  4417 E ActivityManager: ANR in com.google.android.inputmethod.latin
04-10 22:30:16.335   710  4417 E ActivityManager: PID: 4056
04-10 22:30:16.335   710  4417 E ActivityManager: Reason: Process ProcessRecord{dbee21c 4056:com.google.android.inputmethod.latin/u0a168} failed to complete startup
04-10 22:30:16.335   710  4417 E ActivityManager: ErrorId: f004d061-fe1f-4fcd-b554-365e3b913706
04-10 22:30:16.335   710  4417 E ActivityManager: Frozen: false
04-10 22:30:16.335   710  4417 E ActivityManager: Load: 0.0 / 0.0 / 0.0
04-10 22:30:16.335   710  4417 E ActivityManager: ----- Output from /proc/pressure/memory -----
04-10 22:30:16.335   710  4417 E ActivityManager: some avg10=1.30 avg60=2.25 avg300=1.31 total=5991978
04-10 22:30:16.335   710  4417 E ActivityManager: full avg10=0.64 avg60=1.23 avg300=0.70 total=3497245
04-10 22:30:16.335   710  4417 E ActivityManager: ----- End output from /proc/pressure/memory -----
04-10 22:30:16.335   710  4417 E ActivityManager: ----- Output from /proc/pressure/cpu -----
04-10 22:30:16.335   710  4417 E ActivityManager: some avg10=79.52 avg60=80.42 avg300=43.84 total=185681196
04-10 22:30:16.335   710  4417 E ActivityManager: full avg10=0.00 avg60=0.00 avg300=0.00 total=0
04-10 22:30:16.335   710  4417 E ActivityManager: ----- End output from /proc/pressure/cpu -----
04-10 22:30:16.335   710  4417 E ActivityManager: ----- Output from /proc/pressure/io -----
04-10 22:30:16.335   710  4417 E ActivityManager: some avg10=40.74 avg60=41.15 avg300=24.81 total=111688617
04-10 22:30:16.335   710  4417 E ActivityManager: full avg10=0.43 avg60=0.60 avg300=1.17 total=7738780
04-10 22:30:16.335   710  4417 E ActivityManager: ----- End output from /proc/pressure/io -----
04-10 22:30:16.335   710  4417 E ActivityManager: 
04-10 22:30:16.335   710  4417 E ActivityManager: CPU usage from 10422ms to -548ms ago (2026-04-10 22:30:02.792 to 2026-04-10 22:30:13.762):
04-10 22:30:16.335   710  4417 E ActivityManager:   59% 710/system_server: 31% user + 28% kernel / faults: 9192 minor 6 major
04-10 22:30:16.335   710  4417 E ActivityManager:   51% 3983/com.google.android.gms: 29% user + 22% kernel / faults: 3562 minor 171 major
04-10 22:30:16.335   710  4417 E ActivityManager:   26% 54/kcompactd0: 0% user + 26% kernel
04-10 22:30:16.335   710  4417 E ActivityManager:   20% 4120/com.google.android.googlequicksearchbox:googleapp: 12% user + 7.9% kernel / faults: 2124 minor 19 major
04-10 22:30:16.335   710  4417 E ActivityManager:   19% 4056/com.google.android.inputmethod.latin: 10% user + 9.6% kernel / faults: 3583 minor 135 major
04-10 22:30:16.335   710  4417 E ActivityManager:   16% 1060/com.android.systemui: 8.6% user + 7.3% kernel / faults: 2904 minor 1 major
04-10 22:30:16.335   710  4417 E ActivityManager:   14% 449/android.hardware.sensors-service.multihal: 6% user + 8.2% kernel
04-10 22:30:16.335   710  4417 E ActivityManager:   12% 1936/artd: 4.9% user + 7.2% kernel / faults: 2546 minor
04-10 22:30:16.335   710  4417 E ActivityManager:   8.2% 4038/com.google.android.bluetooth: 4% user + 4.2% kernel / faults: 561 minor 4 major
04-10 22:30:16.335   710  4417 E ActivityManager:   7.4% 458/android.hardware.graphics.composer3-service.ranchu: 3% user + 4.3% kernel
04-10 22:30:16.335   710  4417 E ActivityManager: 99% TOTAL: 32% user + 45% kernel + 0.5% iowait + 18% irq + 2.1% softirq
04-10 22:30:16.335   710  4417 E ActivityManager: CPU usage from 268869ms to 268869ms ago (1970-01-01 05:30:00.000 to 1970-01-01 05:30:00.000) with 0% awake:
04-10 22:30:16.335   710  4417 E ActivityManager: 0% TOTAL: 0% user + 0% kernel
04-10 22:30:16.643  4329  4329 E ConsumerBase: [ImageReader-132x132f1u2816m2-4329-0] abandonLocked: ConsumerBase is abandoned!
04-10 22:30:18.223   710  1986 E AppOps  : Bad call made by uid 1000. Package "com.google.android.googlequicksearchbox" does not belong to uid 1000.
04-10 22:30:18.675  4329  4367 E NexusCSStateManager: Failed to fetch from AppSearch
04-10 22:30:18.675  4329  4367 E NexusCSStateManager: java.util.NoSuchElementException: No value present
04-10 22:30:18.675  4329  4367 E NexusCSStateManager: 	at java.util.Optional.get(Optional.java:143)
04-10 22:30:18.675  4329  4367 E NexusCSStateManager: 	at p6.l.onResult(go/retraceme 7226a759aa2bb3787a79806f85d80eaad84f1f1e15acd6db988f2df789d1680d:36)
04-10 22:30:18.675  4329  4367 E NexusCSStateManager: 	at android.app.appsearch.SearchSessionUtil$1.lambda$onResult$0(go/retraceme 50c746ee5c32f88f733077ebeb4008935661f54b3d9e8e373e734d129bb80b29:144)
04-10 22:30:18.675  4329  4367 E NexusCSStateManager: 	at android.app.appsearch.SearchSessionUtil$1.$r8$lambda$CEk3q8sDAQVhU3rQwVueB8FAj_M(go/retraceme 50c746ee5c32f88f733077ebeb4008935661f54b3d9e8e373e734d129bb80b29:1)
04-10 22:30:18.675  4329  4367 E NexusCSStateManager: 	at android.app.appsearch.SearchSessionUtil$1$$ExternalSyntheticLambda0.run(go/retraceme 50c746ee5c32f88f733077ebeb4008935661f54b3d9e8e373e734d129bb80b29:22)
04-10 22:30:18.675  4329  4367 E NexusCSStateManager: 	at androidx.appfunctions.internal.e.execute(go/retraceme 7226a759aa2bb3787a79806f85d80eaad84f1f1e15acd6db988f2df789d1680d:0)
04-10 22:30:18.675  4329  4367 E NexusCSStateManager: 	at android.app.appsearch.SearchSessionUtil.safeExecute(go/retraceme 50c746ee5c32f88f733077ebeb4008935661f54b3d9e8e373e734d129bb80b29:21)
04-10 22:30:18.675  4329  4367 E NexusCSStateManager: 	at android.app.appsearch.SearchSessionUtil$1.onResult(go/retraceme 50c746ee5c32f88f733077ebeb4008935661f54b3d9e8e373e734d129bb80b29:18)
04-10 22:30:18.675  4329  4367 E NexusCSStateManager: 	at android.app.appsearch.aidl.IAppSearchBatchResultCallback$Stub.onTransact(go/retraceme 50c746ee5c32f88f733077ebeb4008935661f54b3d9e8e373e734d129bb80b29:50)
04-10 22:30:18.675  4329  4367 E NexusCSStateManager: 	at android.os.Binder.execTransactInternal(Binder.java:1471)
04-10 22:30:18.675  4329  4367 E NexusCSStateManager: 	at android.os.Binder.execTransact(Binder.java:1411)
04-10 22:30:18.812   444   451 E libbinder.IPCThreadState: binder thread pool (1 threads) starved for 143 ms
04-10 22:30:19.176   444   451 E libbinder.IPCThreadState: binder thread pool (1 threads) starved for 363 ms
04-10 22:30:19.711  4329  4447 E ZeroStateWebSuggestDataLoader: Failed to fetch suggestions from AppSearch
04-10 22:30:19.711  4329  4447 E ZeroStateWebSuggestDataLoader: java.util.NoSuchElementException: No value present
04-10 22:30:19.711  4329  4447 E ZeroStateWebSuggestDataLoader: 	at java.util.Optional.get(Optional.java:143)
04-10 22:30:19.711  4329  4447 E ZeroStateWebSuggestDataLoader: 	at d6.j.onResult(go/retraceme 7226a759aa2bb3787a79806f85d80eaad84f1f1e15acd6db988f2df789d1680d:32)
04-10 22:30:19.711  4329  4447 E ZeroStateWebSuggestDataLoader: 	at android.app.appsearch.SearchSessionUtil$1.lambda$onResult$0(go/retraceme 50c746ee5c32f88f733077ebeb4008935661f54b3d9e8e373e734d129bb80b29:144)
04-10 22:30:19.711  4329  4447 E ZeroStateWebSuggestDataLoader: 	at android.app.appsearch.SearchSessionUtil$1.$r8$lambda$CEk3q8sDAQVhU3rQwVueB8FAj_M(go/retraceme 50c746ee5c32f88f733077ebeb4008935661f54b3d9e8e373e734d129bb80b29:1)
04-10 22:30:19.711  4329  4447 E ZeroStateWebSuggestDataLoader: 	at android.app.appsearch.SearchSessionUtil$1$$ExternalSyntheticLambda0.run(go/retraceme 50c746ee5c32f88f733077ebeb4008935661f54b3d9e8e373e734d129bb80b29:22)
04-10 22:30:19.711  4329  4447 E ZeroStateWebSuggestDataLoader: 	at android.os.Handler.handleCallback(Handler.java:1095)
04-10 22:30:19.711  4329  4447 E ZeroStateWebSuggestDataLoader: 	at android.os.Handler.dispatchMessageImpl(Handler.java:135)
04-10 22:30:19.711  4329  4447 E ZeroStateWebSuggestDataLoader: 	at android.os.Handler.dispatchMessage(Handler.java:125)
04-10 22:30:19.711  4329  4447 E ZeroStateWebSuggestDataLoader: 	at android.os.Looper.loopOnce(Looper.java:292)
04-10 22:30:19.711  4329  4447 E ZeroStateWebSuggestDataLoader: 	at android.os.Looper.loop(Looper.java:393)
04-10 22:30:19.711  4329  4447 E ZeroStateWebSuggestDataLoader: 	at android.os.HandlerThread.run(HandlerThread.java:139)
04-10 22:30:21.790  3983  4545 E gle.android.gms: hiddenapi: Accessing hidden method Landroid/net/ConnectivityManager;->isNetworkTypeMobile(I)Z (runtime_flags=0, domain=platform, api=max-target-p) from Lbzxz; (domain=app, TargetSdkVersion=37) using reflection: denied
04-10 22:30:21.793  3983  4545 E gle.android.gms: hiddenapi: Accessing hidden method Landroid/os/PowerManager;->isLightDeviceIdleMode()Z (runtime_flags=0, domain=platform, api=max-target-s) from Lbzxz; (domain=app, TargetSdkVersion=37) using reflection: denied
04-10 22:30:22.508  4374  4550 E droid.deskclock: hiddenapi: Accessing hidden field Ljava/util/Collections$SynchronizedCollection;->mutex:Ljava/lang/Object; (runtime_flags=0, domain=core-platform, api=max-target-o) from Lj$/util/DesugarCollections; (domain=app, TargetSdkVersion=33) using reflection: denied
04-10 22:30:22.508  4374  4550 E droid.deskclock: hiddenapi: Accessing hidden method Ljava/util/Collections$SynchronizedSet;-><init>(Ljava/util/Set;Ljava/lang/Object;)V (runtime_flags=0, domain=core-platform, api=max-target-o) from Lj$/util/DesugarCollections; (domain=app, TargetSdkVersion=33) using reflection: denied
04-10 22:30:22.510  4374  4550 E droid.deskclock: hiddenapi: Accessing hidden method Ljava/util/Collections$SynchronizedCollection;-><init>(Ljava/util/Collection;Ljava/lang/Object;)V (runtime_flags=0, domain=core-platform, api=max-target-o) from Lj$/util/DesugarCollections; (domain=app, TargetSdkVersion=33) using reflection: denied
04-10 22:30:22.932  4329  4329 E RecyclerView: Cannot scroll to position a LayoutManager set. Call setLayoutManager with a non-null argument.
04-10 22:30:22.956   710  1012 E PermissionControllerManager: Error updating user_sensitive flags for uid 1002
04-10 22:30:22.956   710  1012 E PermissionControllerManager: java.util.concurrent.TimeoutException
04-10 22:30:22.956   710  1012 E PermissionControllerManager: 	at com.android.internal.infra.AndroidFuture.triggerTimeout(AndroidFuture.java:289)
04-10 22:30:22.956   710  1012 E PermissionControllerManager: 	at com.android.internal.infra.AndroidFuture$$ExternalSyntheticLambda2.run(D8$$SyntheticClass:0)
04-10 22:30:22.956   710  1012 E PermissionControllerManager: 	at android.os.Handler.handleCallback(Handler.java:1095)
04-10 22:30:22.956   710  1012 E PermissionControllerManager: 	at android.os.Handler.dispatchMessageImpl(Handler.java:135)
04-10 22:30:22.956   710  1012 E PermissionControllerManager: 	at android.os.Handler.dispatchMessage(Handler.java:125)
04-10 22:30:22.956   710  1012 E PermissionControllerManager: 	at android.os.Looper.loopOnce(Looper.java:292)
04-10 22:30:22.956   710  1012 E PermissionControllerManager: 	at android.os.Looper.loop(Looper.java:393)
04-10 22:30:22.956   710  1012 E PermissionControllerManager: 	at android.os.HandlerThread.run(HandlerThread.java:139)
04-10 22:30:22.956   710  1012 E PermissionControllerManager: 	at com.android.server.ServiceThread.run(ServiceThread.java:46)
04-10 22:30:22.972  4038  4038 E BluetoothHeadsetServiceJni: android/app/jni/com_android_bluetooth_hfp.cpp:785 enableSwbNative: Failed to disable
04-10 22:30:22.976  4329  4329 E RecyclerView: Cannot scroll to position a LayoutManager set. Call setLayoutManager with a non-null argument.
04-10 22:30:23.504  1060  1060 E TaskbarDelegate: appTransitionPending() failed, pending: true
04-10 22:30:23.504  1060  1060 E TaskbarDelegate: android.os.DeadObjectException
04-10 22:30:23.504  1060  1060 E TaskbarDelegate: 	at android.os.BinderProxy.transactNative(Native Method)
04-10 22:30:23.504  1060  1060 E TaskbarDelegate: 	at android.os.BinderProxy.transact(BinderProxy.java:617)
04-10 22:30:23.504  1060  1060 E TaskbarDelegate: 	at com.android.systemui.navigationbar.TaskbarDelegate.appTransitionPending(go/retraceme 2b9555e93469c570fe1eba6e00ba55c641998f0b05ea4e8d6000e443e74ca7fc:29)
04-10 22:30:23.504  1060  1060 E TaskbarDelegate: 	at com.android.systemui.navigationbar.TaskbarDelegate.appTransitionPending(go/retraceme 2b9555e93469c570fe1eba6e00ba55c641998f0b05ea4e8d6000e443e74ca7fc:62)
04-10 22:30:23.504  1060  1060 E TaskbarDelegate: 	at com.android.systemui.statusbar.CommandQueue$H.handleMessage(go/retraceme 2b9555e93469c570fe1eba6e00ba55c641998f0b05ea4e8d6000e443e74ca7fc:2276)
04-10 22:30:23.504  1060  1060 E TaskbarDelegate: 	at android.os.Handler.dispatchMessageImpl(Handler.java:142)
04-10 22:30:23.504  1060  1060 E TaskbarDelegate: 	at android.os.Handler.dispatchMessage(Handler.java:125)
04-10 22:30:23.504  1060  1060 E TaskbarDelegate: 	at android.os.Looper.loopOnce(Looper.java:292)
04-10 22:30:23.504  1060  1060 E TaskbarDelegate: 	at android.os.Looper.loop(Looper.java:393)
04-10 22:30:23.504  1060  1060 E TaskbarDelegate: 	at android.app.ActivityThread.main(ActivityThread.java:9486)
04-10 22:30:23.504  1060  1060 E TaskbarDelegate: 	at java.lang.reflect.Method.invoke(Native Method)
04-10 22:30:23.504  1060  1060 E TaskbarDelegate: 	at com.android.internal.os.RuntimeInit$MethodAndArgsCaller.run(RuntimeInit.java:575)
04-10 22:30:23.504  1060  1060 E TaskbarDelegate: 	at com.android.internal.os.ZygoteInit.main(ZygoteInit.java:939)
04-10 22:30:23.575  1060  1060 E TaskbarDelegate: appTransitionPending() failed, pending: false
04-10 22:30:23.575  1060  1060 E TaskbarDelegate: android.os.DeadObjectException
04-10 22:30:23.575  1060  1060 E TaskbarDelegate: 	at android.os.BinderProxy.transactNative(Native Method)
04-10 22:30:23.575  1060  1060 E TaskbarDelegate: 	at android.os.BinderProxy.transact(BinderProxy.java:617)
04-10 22:30:23.575  1060  1060 E TaskbarDelegate: 	at com.android.systemui.navigationbar.TaskbarDelegate.appTransitionPending(go/retraceme 2b9555e93469c570fe1eba6e00ba55c641998f0b05ea4e8d6000e443e74ca7fc:29)
04-10 22:30:23.575  1060  1060 E TaskbarDelegate: 	at com.android.systemui.navigationbar.TaskbarDelegate.appTransitionStarting(go/retraceme 2b9555e93469c570fe1eba6e00ba55c641998f0b05ea4e8d6000e443e74ca7fc:1)
04-10 22:30:23.575  1060  1060 E TaskbarDelegate: 	at com.android.systemui.statusbar.CommandQueue$H.handleMessage(go/retraceme 2b9555e93469c570fe1eba6e00ba55c641998f0b05ea4e8d6000e443e74ca7fc:2217)
04-10 22:30:23.575  1060  1060 E TaskbarDelegate: 	at android.os.Handler.dispatchMessageImpl(Handler.java:142)
04-10 22:30:23.575  1060  1060 E TaskbarDelegate: 	at android.os.Handler.dispatchMessage(Handler.java:125)
04-10 22:30:23.575  1060  1060 E TaskbarDelegate: 	at android.os.Looper.loopOnce(Looper.java:292)
04-10 22:30:23.575  1060  1060 E TaskbarDelegate: 	at android.os.Looper.loop(Looper.java:393)
04-10 22:30:23.575  1060  1060 E TaskbarDelegate: 	at android.app.ActivityThread.main(ActivityThread.java:9486)
04-10 22:30:23.575  1060  1060 E TaskbarDelegate: 	at java.lang.reflect.Method.invoke(Native Method)
04-10 22:30:23.575  1060  1060 E TaskbarDelegate: 	at com.android.internal.os.RuntimeInit$MethodAndArgsCaller.run(RuntimeInit.java:575)
04-10 22:30:23.575  1060  1060 E TaskbarDelegate: 	at com.android.internal.os.ZygoteInit.main(ZygoteInit.java:939)
04-10 22:30:23.587  1060  1060 E TaskbarDelegate: appTransitionPending() failed, pending: true
04-10 22:30:23.587  1060  1060 E TaskbarDelegate: android.os.DeadObjectException
04-10 22:30:23.587  1060  1060 E TaskbarDelegate: 	at android.os.BinderProxy.transactNative(Native Method)
04-10 22:30:23.587  1060  1060 E TaskbarDelegate: 	at android.os.BinderProxy.transact(BinderProxy.java:617)
04-10 22:30:23.587  1060  1060 E TaskbarDelegate: 	at com.android.systemui.navigationbar.TaskbarDelegate.appTransitionPending(go/retraceme 2b9555e93469c570fe1eba6e00ba55c641998f0b05ea4e8d6000e443e74ca7fc:29)
04-10 22:30:23.587  1060  1060 E TaskbarDelegate: 	at com.android.systemui.navigationbar.TaskbarDelegate.appTransitionPending(go/retraceme 2b9555e93469c570fe1eba6e00ba55c641998f0b05ea4e8d6000e443e74ca7fc:62)
04-10 22:30:23.587  1060  1060 E TaskbarDelegate: 	at com.android.systemui.statusbar.CommandQueue$H.handleMessage(go/retraceme 2b9555e93469c570fe1eba6e00ba55c641998f0b05ea4e8d6000e443e74ca7fc:2276)
04-10 22:30:23.587  1060  1060 E TaskbarDelegate: 	at android.os.Handler.dispatchMessageImpl(Handler.java:142)
04-10 22:30:23.587  1060  1060 E TaskbarDelegate: 	at android.os.Handler.dispatchMessage(Handler.java:125)
04-10 22:30:23.587  1060  1060 E TaskbarDelegate: 	at android.os.Looper.loopOnce(Looper.java:292)
04-10 22:30:23.587  1060  1060 E TaskbarDelegate: 	at android.os.Looper.loop(Looper.java:393)
04-10 22:30:23.587  1060  1060 E TaskbarDelegate: 	at android.app.ActivityThread.main(ActivityThread.java:9486)
04-10 22:30:23.587  1060  1060 E TaskbarDelegate: 	at java.lang.reflect.Method.invoke(Native Method)
04-10 22:30:23.587  1060  1060 E TaskbarDelegate: 	at com.android.internal.os.RuntimeInit$MethodAndArgsCaller.run(RuntimeInit.java:575)
04-10 22:30:23.587  1060  1060 E TaskbarDelegate: 	at com.android.internal.os.ZygoteInit.main(ZygoteInit.java:939)
04-10 22:30:23.588  1060  1060 E TaskbarDelegate: appTransitionPending() failed, pending: false
04-10 22:30:23.588  1060  1060 E TaskbarDelegate: android.os.DeadObjectException
04-10 22:30:23.588  1060  1060 E TaskbarDelegate: 	at android.os.BinderProxy.transactNative(Native Method)
04-10 22:30:23.588  1060  1060 E TaskbarDelegate: 	at android.os.BinderProxy.transact(BinderProxy.java:617)
04-10 22:30:23.588  1060  1060 E TaskbarDelegate: 	at com.android.systemui.navigationbar.TaskbarDelegate.appTransitionPending(go/retraceme 2b9555e93469c570fe1eba6e00ba55c641998f0b05ea4e8d6000e443e74ca7fc:29)
04-10 22:30:23.588  1060  1060 E TaskbarDelegate: 	at com.android.systemui.navigationbar.TaskbarDelegate.appTransitionStarting(go/retraceme 2b9555e93469c570fe1eba6e00ba55c641998f0b05ea4e8d6000e443e74ca7fc:1)
04-10 22:30:23.588  1060  1060 E TaskbarDelegate: 	at com.android.systemui.statusbar.CommandQueue$H.handleMessage(go/retraceme 2b9555e93469c570fe1eba6e00ba55c641998f0b05ea4e8d6000e443e74ca7fc:2217)
04-10 22:30:23.588  1060  1060 E TaskbarDelegate: 	at android.os.Handler.dispatchMessageImpl(Handler.java:142)
04-10 22:30:23.588  1060  1060 E TaskbarDelegate: 	at android.os.Handler.dispatchMessage(Handler.java:125)
04-10 22:30:23.588  1060  1060 E TaskbarDelegate: 	at android.os.Looper.loopOnce(Looper.java:292)
04-10 22:30:23.588  1060  1060 E TaskbarDelegate: 	at android.os.Looper.loop(Looper.java:393)
04-10 22:30:23.588  1060  1060 E TaskbarDelegate: 	at android.app.ActivityThread.main(ActivityThread.java:9486)
04-10 22:30:23.588  1060  1060 E TaskbarDelegate: 	at java.lang.reflect.Method.invoke(Native Method)
04-10 22:30:23.588  1060  1060 E TaskbarDelegate: 	at com.android.internal.os.RuntimeInit$MethodAndArgsCaller.run(RuntimeInit.java:575)
04-10 22:30:23.588  1060  1060 E TaskbarDelegate: 	at com.android.internal.os.ZygoteInit.main(ZygoteInit.java:939)
04-10 22:30:24.130  4374  4478 E ActivityThread: Failed to find provider info for com.google.android.gms.fonts
04-10 22:30:24.244  3983  4007 E ActivityThread: Failed to find provider info for com.google.android.gms.phenotype
04-10 22:30:24.515  4329  4329 E ConsumerBase: [ImageReader-1x1f1u2816m2-4329-1] abandonLocked: ConsumerBase is abandoned!
04-10 22:30:24.610  3983  4007 E libbinder.IPCThreadState: Binder transaction failure. id: 119303, cmd: BR_DEAD_REPLY (29189), error: -22 (Invalid argument)
04-10 22:30:25.165  4393  4594 E cr_ChromiumAndroidLinker: AndroidDlopenExt: android_dlopen_ext: dlopen failed: reserved address space 17711104 smaller than 219037696 bytes needed for "/data/app/~~x3YFQnTN1CAaAqJEfcc9Vg==/com.google.android.trichromelibrary_763204538-4rf3lNwmBJHjF-b4wp8jRg==/TrichromeLibrary.apk!/lib/x86_64/libmonochrome_64.so"
04-10 22:30:25.165  4393  4594 E cr_ChromiumAndroidLinker: LoadWithDlopenExt: android_dlopen_ext() error
04-10 22:30:25.165  4393  4594 E cr_ChromiumAndroidLinker: LoadLibrary: Failed to load native library: libmonochrome_64.so
04-10 22:30:25.165  4393  4594 E cr_Linker: Unable to load with Linker, using the system linker instead
04-10 22:30:27.413   710  1912 E libbinder.IPCThreadState: Binder transaction failure. id: 120066, cmd: BR_DEAD_REPLY (29189), error: -22 (Invalid argument)
04-10 22:30:28.233   710   710 E JobServiceContext: Error sending onStart message to '.module.WallpaperInitializationJobService' 
04-10 22:30:28.233   710   710 E JobServiceContext: android.os.DeadObjectException
04-10 22:30:28.233   710   710 E JobServiceContext: 	at android.os.BinderProxy.transactNative(Native Method)
04-10 22:30:28.233   710   710 E JobServiceContext: 	at android.os.BinderProxy.transact(BinderProxy.java:617)
04-10 22:30:28.233   710   710 E JobServiceContext: 	at android.app.job.IJobService$Stub$Proxy.startJob(IJobService.java:190)
04-10 22:30:28.233   710   710 E JobServiceContext: 	at com.android.server.job.JobServiceContext.handleServiceBoundLocked(JobServiceContext.java:1361)
04-10 22:30:28.233   710   710 E JobServiceContext: 	at com.android.server.job.JobServiceContext.doServiceBoundLocked(JobServiceContext.java:1270)
04-10 22:30:28.233   710   710 E JobServiceContext: 	at com.android.server.job.JobServiceContext.onServiceConnected(JobServiceContext.java:1124)
04-10 22:30:28.233   710   710 E JobServiceContext: 	at android.content.ServiceConnection.onServiceConnected(ServiceConnection.java:75)
04-10 22:30:28.233   710   710 E JobServiceContext: 	at android.app.LoadedApk$ServiceDispatcher.doConnected(LoadedApk.java:2453)
04-10 22:30:28.233   710   710 E JobServiceContext: 	at android.app.LoadedApk$ServiceDispatcher$RunConnection.run(LoadedApk.java:2489)
04-10 22:30:28.233   710   710 E JobServiceContext: 	at android.os.Handler.handleCallback(Handler.java:1095)
04-10 22:30:28.233   710   710 E JobServiceContext: 	at android.os.Handler.dispatchMessageImpl(Handler.java:135)
04-10 22:30:28.233   710   710 E JobServiceContext: 	at android.os.Handler.dispatchMessage(Handler.java:125)
04-10 22:30:28.233   710   710 E JobServiceContext: 	at android.os.Looper.loopOnce(Looper.java:292)
04-10 22:30:28.233   710   710 E JobServiceContext: 	at android.os.Looper.loop(Looper.java:393)
04-10 22:30:28.233   710   710 E JobServiceContext: 	at com.android.server.SystemServer.run(SystemServer.java:1092)
04-10 22:30:28.233   710   710 E JobServiceContext: 	at com.android.server.SystemServer.main(SystemServer.java:721)
04-10 22:30:28.233   710   710 E JobServiceContext: 	at java.lang.reflect.Method.invoke(Native Method)
04-10 22:30:28.233   710   710 E JobServiceContext: 	at com.android.internal.os.RuntimeInit$MethodAndArgsCaller.run(RuntimeInit.java:575)
04-10 22:30:28.233   710   710 E JobServiceContext: 	at com.android.internal.os.ZygoteInit.main(ZygoteInit.java:917)
04-10 22:30:28.571   710  4589 E ActivityManager: ANR in com.android.phone
04-10 22:30:28.571   710  4589 E ActivityManager: PID: 4178
04-10 22:30:28.571   710  4589 E ActivityManager: Reason: Process ProcessRecord{2290c25 4178:com.android.phone/1001} failed to complete startup
04-10 22:30:28.571   710  4589 E ActivityManager: ErrorId: c65dccdc-54fe-4913-9a2b-ea8e83d32ecf
04-10 22:30:28.571   710  4589 E ActivityManager: Frozen: false
04-10 22:30:28.571   710  4589 E ActivityManager: Load: 0.0 / 0.0 / 0.0
04-10 22:30:28.571   710  4589 E ActivityManager: ----- Output from /proc/pressure/memory -----
04-10 22:30:28.571   710  4589 E ActivityManager: some avg10=1.02 avg60=1.99 avg300=1.29 total=6138604
04-10 22:30:28.571   710  4589 E ActivityManager: full avg10=0.62 avg60=1.10 avg300=0.69 total=3587468
04-10 22:30:28.571   710  4589 E ActivityManager: ----- End output from /proc/pressure/memory -----
04-10 22:30:28.571   710  4589 E ActivityManager: ----- Output from /proc/pressure/cpu -----
04-10 22:30:28.571   710  4589 E ActivityManager: some avg10=82.72 avg60=81.17 avg300=45.49 total=196276370
04-10 22:30:28.571   710  4589 E ActivityManager: full avg10=0.00 avg60=0.00 avg300=0.00 total=0
04-10 22:30:28.571   710  4589 E ActivityManager: ----- End output from /proc/pressure/cpu -----
04-10 22:30:28.571   710  4589 E ActivityManager: ----- Output from /proc/pressure/io -----
04-10 22:30:28.571   710  4589 E ActivityManager: some avg10=35.25 avg60=39.52 avg300=25.10 total=115921041
04-10 22:30:28.571   710  4589 E ActivityManager: full avg10=0.13 avg60=0.49 avg300=1.12 total=7739759
04-10 22:30:28.571   710  4589 E ActivityManager: ----- End output from /proc/pressure/io -----
04-10 22:30:28.571   710  4589 E ActivityManager: 
04-10 22:30:28.571   710  4589 E ActivityManager: CPU usage from 10704ms to -95ms ago (2026-04-10 22:30:13.762 to 2026-04-10 22:30:24.562):
04-10 22:30:28.571   710  4589 E ActivityManager:   79% 710/system_server: 44% user + 34% kernel / faults: 4415 minor 6 major
04-10 22:30:28.571   710  4589 E ActivityManager:   17% 1060/com.android.systemui: 13% user + 4% kernel / faults: 3173 minor 1 major
04-10 22:30:28.571   710  4589 E ActivityManager:   17% 1936/artd: 7.1% user + 10% kernel / faults: 4454 minor
04-10 22:30:28.571   710  4589 E ActivityManager:   11% 4393/com.android.chrome: 4.3% user + 6.7% kernel / faults: 3297 minor 187 major
04-10 22:30:28.571   710  4589 E ActivityManager:   10% 449/android.hardware.sensors-service.multihal: 4.7% user + 5.6% kernel
04-10 22:30:28.571   710  4589 E ActivityManager:   9% 4178/com.android.phone: 5.5% user + 3.5% kernel / faults: 1726 minor 30 major
04-10 22:30:28.571   710  4589 E ActivityManager:   8% 4038/com.google.android.bluetooth: 5% user + 2.9% kernel / faults: 774 minor 8 major
04-10 22:30:28.571   710  4589 E ActivityManager:   7.4% 505/surfaceflinger: 4% user + 3.4% kernel / faults: 3 minor
04-10 22:30:28.571   710  4589 E ActivityManager:   3.7% 67/kswapd0: 0% user + 3.7% kernel
04-10 22:30:28.571   710  4589 E ActivityManager:   6.2% 458/android.hardware.graphics.composer3-service.ranchu: 2.3% user + 3.9% kernel
04-10 22:30:28.571   710  4589 E ActivityManager: 100% TOTAL: 45% user + 40% kernel + 13% irq + 1.2% softirq
04-10 22:30:28.571   710  4589 E ActivityManager: CPU usage from 280121ms to 280121ms ago (1970-01-01 05:30:00.000 to 1970-01-01 05:30:00.000) with 0% awake:
04-10 22:30:28.571   710  4589 E ActivityManager: 0% TOTAL: 0% user + 0% kernel
04-10 22:30:28.679   710  1741 E RoleControllerServiceImpl: Default/fallback role holder package doesn't qualify for the role, package: com.google.android.gms.supervision, role: android.app.role.SYSTEM_SUPERVISION, user: 0
04-10 22:30:28.694   710   925 E Nl80211Native: getChannelsMhzForBand: Wiphy index not recorded for band 8
04-10 22:30:28.694   710   925 E Nl80211Native: getChannelsMhzForBand: Wiphy index not recorded for band 16
04-10 22:30:28.801  4038  4038 E BluetoothAdapterState: TURNING_ON : BREDR_START_TIMEOUT
04-10 22:30:28.942   710  1741 E RoleControllerServiceImpl: Default/fallback role holder package doesn't qualify for the role, package: com.google.android.gms, role: android.app.role.SYSTEM_DEPENDENCY_INSTALLER, user: 0
04-10 22:30:30.297   710  1986 E libbinder.IPCThreadState: binder thread pool (31 threads) starved for 618 ms
04-10 22:30:30.634   710   750 E libprocessgroup: Failed to write 1 to /sys/fs/cgroup/system/uid_1001/pid_4178/cgroup.kill: No such file or directory
04-10 22:30:30.879   710  1012 E PermissionControllerManager: Error updating user_sensitive flags for uid 1002
04-10 22:30:30.879   710  1012 E PermissionControllerManager: java.util.concurrent.TimeoutException
04-10 22:30:30.879   710  1012 E PermissionControllerManager: 	at com.android.internal.infra.AndroidFuture.triggerTimeout(AndroidFuture.java:289)
04-10 22:30:30.879   710  1012 E PermissionControllerManager: 	at com.android.internal.infra.AndroidFuture$$ExternalSyntheticLambda2.run(D8$$SyntheticClass:0)
04-10 22:30:30.879   710  1012 E PermissionControllerManager: 	at android.os.Handler.handleCallback(Handler.java:1095)
04-10 22:30:30.879   710  1012 E PermissionControllerManager: 	at android.os.Handler.dispatchMessageImpl(Handler.java:135)
04-10 22:30:30.879   710  1012 E PermissionControllerManager: 	at android.os.Handler.dispatchMessage(Handler.java:125)
04-10 22:30:30.879   710  1012 E PermissionControllerManager: 	at android.os.Looper.loopOnce(Looper.java:292)
04-10 22:30:30.879   710  1012 E PermissionControllerManager: 	at android.os.Looper.loop(Looper.java:393)
04-10 22:30:30.879   710  1012 E PermissionControllerManager: 	at android.os.HandlerThread.run(HandlerThread.java:139)
04-10 22:30:30.879   710  1012 E PermissionControllerManager: 	at com.android.server.ServiceThread.run(ServiceThread.java:46)
04-10 22:30:31.174  1060  1060 E LauncherProxyService: Failed to get launcher proxy for system bar attr change.
04-10 22:30:33.915   710  1741 E RoleControllerServiceImpl: Default/fallback role holder package doesn't qualify for the role, package: com.google.android.gms, role: android.app.role.WALLET, user: 0
04-10 22:30:34.013   710  1012 E PermissionControllerManager: Error updating user_sensitive flags for uid 1002
04-10 22:30:34.013   710  1012 E PermissionControllerManager: java.util.concurrent.TimeoutException
04-10 22:30:34.013   710  1012 E PermissionControllerManager: 	at com.android.internal.infra.AndroidFuture.triggerTimeout(AndroidFuture.java:289)
04-10 22:30:34.013   710  1012 E PermissionControllerManager: 	at com.android.internal.infra.AndroidFuture$$ExternalSyntheticLambda2.run(D8$$SyntheticClass:0)
04-10 22:30:34.013   710  1012 E PermissionControllerManager: 	at android.os.Handler.handleCallback(Handler.java:1095)
04-10 22:30:34.013   710  1012 E PermissionControllerManager: 	at android.os.Handler.dispatchMessageImpl(Handler.java:135)
04-10 22:30:34.013   710  1012 E PermissionControllerManager: 	at android.os.Handler.dispatchMessage(Handler.java:125)
04-10 22:30:34.013   710  1012 E PermissionControllerManager: 	at android.os.Looper.loopOnce(Looper.java:292)
04-10 22:30:34.013   710  1012 E PermissionControllerManager: 	at android.os.Looper.loop(Looper.java:393)
04-10 22:30:34.013   710  1012 E PermissionControllerManager: 	at android.os.HandlerThread.run(HandlerThread.java:139)
04-10 22:30:34.013   710  1012 E PermissionControllerManager: 	at com.android.server.ServiceThread.run(ServiceThread.java:46)
04-10 22:30:34.076   710  1012 E PermissionControllerManager: Error updating user_sensitive flags for uid 1002
04-10 22:30:34.076   710  1012 E PermissionControllerManager: java.util.concurrent.TimeoutException
04-10 22:30:34.076   710  1012 E PermissionControllerManager: 	at com.android.internal.infra.AndroidFuture.triggerTimeout(AndroidFuture.java:289)
04-10 22:30:34.076   710  1012 E PermissionControllerManager: 	at com.android.internal.infra.AndroidFuture$$ExternalSyntheticLambda2.run(D8$$SyntheticClass:0)
04-10 22:30:34.076   710  1012 E PermissionControllerManager: 	at android.os.Handler.handleCallback(Handler.java:1095)
04-10 22:30:34.076   710  1012 E PermissionControllerManager: 	at android.os.Handler.dispatchMessageImpl(Handler.java:135)
04-10 22:30:34.076   710  1012 E PermissionControllerManager: 	at android.os.Handler.dispatchMessage(Handler.java:125)
04-10 22:30:34.076   710  1012 E PermissionControllerManager: 	at android.os.Looper.loopOnce(Looper.java:292)
04-10 22:30:34.076   710  1012 E PermissionControllerManager: 	at android.os.Looper.loop(Looper.java:393)
04-10 22:30:34.076   710  1012 E PermissionControllerManager: 	at android.os.HandlerThread.run(HandlerThread.java:139)
04-10 22:30:34.076   710  1012 E PermissionControllerManager: 	at com.android.server.ServiceThread.run(ServiceThread.java:46)
04-10 22:30:35.303   710  1012 E PermissionControllerManager: Error updating user_sensitive flags for uid 1002
04-10 22:30:35.303   710  1012 E PermissionControllerManager: java.util.concurrent.TimeoutException
04-10 22:30:35.303   710  1012 E PermissionControllerManager: 	at com.android.internal.infra.AndroidFuture.triggerTimeout(AndroidFuture.java:289)
04-10 22:30:35.303   710  1012 E PermissionControllerManager: 	at com.android.internal.infra.AndroidFuture$$ExternalSyntheticLambda2.run(D8$$SyntheticClass:0)
04-10 22:30:35.303   710  1012 E PermissionControllerManager: 	at android.os.Handler.handleCallback(Handler.java:1095)
04-10 22:30:35.303   710  1012 E PermissionControllerManager: 	at android.os.Handler.dispatchMessageImpl(Handler.java:135)
04-10 22:30:35.303   710  1012 E PermissionControllerManager: 	at android.os.Handler.dispatchMessage(Handler.java:125)
04-10 22:30:35.303   710  1012 E PermissionControllerManager: 	at android.os.Looper.loopOnce(Looper.java:292)
04-10 22:30:35.303   710  1012 E PermissionControllerManager: 	at android.os.Looper.loop(Looper.java:393)
04-10 22:30:35.303   710  1012 E PermissionControllerManager: 	at android.os.HandlerThread.run(HandlerThread.java:139)
04-10 22:30:35.303   710  1012 E PermissionControllerManager: 	at com.android.server.ServiceThread.run(ServiceThread.java:46)
04-10 22:30:36.705  4038  4365 E gatt_api: system/stack/gatt/gatt_api.cc:370 is_active_service: Active Service Found: 00001849-0000-1000-8000-00805f9b34fb
04-10 22:30:36.727  4038  4365 E bluetooth: system/bta/gatt/bta_gatts_act.cc:251 bta_gatts_delete_service: can't delete service - no srvc_cb found
04-10 22:30:36.777  4038  4495 E bluetooth: bluetooth_private_gatt::gatt::ffi: failed to remove GATT service AttHandle(40) for server ServerId(47) with error: server ServerId(47) not opened
04-10 22:30:38.040   710  1741 E RoleControllerServiceImpl: Default/fallback role holder package doesn't qualify for the role, package: com.google.android.gms.supervision, role: android.app.role.SYSTEM_SUPERVISION, user: 0
04-10 22:30:38.113  4626  4626 E ConsumerBase: [ImageReader-132x132f1u2816m2-4626-0] abandonLocked: ConsumerBase is abandoned!
04-10 22:30:38.383   288   294 E lowmemorykiller: process_mrelease 4664 failed: No such process
04-10 22:30:38.447  4626  4736 E NexusCSStateManager: Failed to fetch from AppSearch
04-10 22:30:38.447  4626  4736 E NexusCSStateManager: java.util.NoSuchElementException: No value present
04-10 22:30:38.447  4626  4736 E NexusCSStateManager: 	at java.util.Optional.get(Optional.java:143)
04-10 22:30:38.447  4626  4736 E NexusCSStateManager: 	at p6.l.onResult(go/retraceme 7226a759aa2bb3787a79806f85d80eaad84f1f1e15acd6db988f2df789d1680d:36)
04-10 22:30:38.447  4626  4736 E NexusCSStateManager: 	at android.app.appsearch.SearchSessionUtil$1.lambda$onResult$0(go/retraceme 50c746ee5c32f88f733077ebeb4008935661f54b3d9e8e373e734d129bb80b29:144)
04-10 22:30:38.447  4626  4736 E NexusCSStateManager: 	at android.app.appsearch.SearchSessionUtil$1.$r8$lambda$CEk3q8sDAQVhU3rQwVueB8FAj_M(go/retraceme 50c746ee5c32f88f733077ebeb4008935661f54b3d9e8e373e734d129bb80b29:1)
04-10 22:30:38.447  4626  4736 E NexusCSStateManager: 	at android.app.appsearch.SearchSessionUtil$1$$ExternalSyntheticLambda0.run(go/retraceme 50c746ee5c32f88f733077ebeb4008935661f54b3d9e8e373e734d129bb80b29:22)
04-10 22:30:38.447  4626  4736 E NexusCSStateManager: 	at androidx.appfunctions.internal.e.execute(go/retraceme 7226a759aa2bb3787a79806f85d80eaad84f1f1e15acd6db988f2df789d1680d:0)
04-10 22:30:38.447  4626  4736 E NexusCSStateManager: 	at android.app.appsearch.SearchSessionUtil.safeExecute(go/retraceme 50c746ee5c32f88f733077ebeb4008935661f54b3d9e8e373e734d129bb80b29:21)
04-10 22:30:38.447  4626  4736 E NexusCSStateManager: 	at android.app.appsearch.SearchSessionUtil$1.onResult(go/retraceme 50c746ee5c32f88f733077ebeb4008935661f54b3d9e8e373e734d129bb80b29:18)
04-10 22:30:38.447  4626  4736 E NexusCSStateManager: 	at android.app.appsearch.aidl.IAppSearchBatchResultCallback$Stub.onTransact(go/retraceme 50c746ee5c32f88f733077ebeb4008935661f54b3d9e8e373e734d129bb80b29:50)
04-10 22:30:38.447  4626  4736 E NexusCSStateManager: 	at android.os.Binder.execTransactInternal(Binder.java:1471)
04-10 22:30:38.447  4626  4736 E NexusCSStateManager: 	at android.os.Binder.execTransact(Binder.java:1411)
04-10 22:30:38.485  1060  1060 E LauncherProxyService: Failed to get launcher proxy for system bar attr change.
04-10 22:30:38.536  1060  1060 E LauncherProxyService: Failed to get launcher proxy for system bar attr change.
04-10 22:30:38.574  4626  4746 E ZeroStateWebSuggestDataLoader: Failed to fetch suggestions from AppSearch
04-10 22:30:38.574  4626  4746 E ZeroStateWebSuggestDataLoader: java.util.NoSuchElementException: No value present
04-10 22:30:38.574  4626  4746 E ZeroStateWebSuggestDataLoader: 	at java.util.Optional.get(Optional.java:143)
04-10 22:30:38.574  4626  4746 E ZeroStateWebSuggestDataLoader: 	at d6.j.onResult(go/retraceme 7226a759aa2bb3787a79806f85d80eaad84f1f1e15acd6db988f2df789d1680d:32)
04-10 22:30:38.574  4626  4746 E ZeroStateWebSuggestDataLoader: 	at android.app.appsearch.SearchSessionUtil$1.lambda$onResult$0(go/retraceme 50c746ee5c32f88f733077ebeb4008935661f54b3d9e8e373e734d129bb80b29:144)
04-10 22:30:38.574  4626  4746 E ZeroStateWebSuggestDataLoader: 	at android.app.appsearch.SearchSessionUtil$1.$r8$lambda$CEk3q8sDAQVhU3rQwVueB8FAj_M(go/retraceme 50c746ee5c32f88f733077ebeb4008935661f54b3d9e8e373e734d129bb80b29:1)
04-10 22:30:38.574  4626  4746 E ZeroStateWebSuggestDataLoader: 	at android.app.appsearch.SearchSessionUtil$1$$ExternalSyntheticLambda0.run(go/retraceme 50c746ee5c32f88f733077ebeb4008935661f54b3d9e8e373e734d129bb80b29:22)
04-10 22:30:38.574  4626  4746 E ZeroStateWebSuggestDataLoader: 	at android.os.Handler.handleCallback(Handler.java:1095)
04-10 22:30:38.574  4626  4746 E ZeroStateWebSuggestDataLoader: 	at android.os.Handler.dispatchMessageImpl(Handler.java:135)
04-10 22:30:38.574  4626  4746 E ZeroStateWebSuggestDataLoader: 	at android.os.Handler.dispatchMessage(Handler.java:125)
04-10 22:30:38.574  4626  4746 E ZeroStateWebSuggestDataLoader: 	at android.os.Looper.loopOnce(Looper.java:292)
04-10 22:30:38.574  4626  4746 E ZeroStateWebSuggestDataLoader: 	at android.os.Looper.loop(Looper.java:393)
04-10 22:30:38.574  4626  4746 E ZeroStateWebSuggestDataLoader: 	at android.os.HandlerThread.run(HandlerThread.java:139)
04-10 22:30:38.640   710  1741 E RoleControllerServiceImpl: Default/fallback role holder package doesn't qualify for the role, package: com.google.android.gms, role: android.app.role.SYSTEM_DEPENDENCY_INSTALLER, user: 0
04-10 22:30:39.175  4038  4038 E BluetoothAdapterState: TURNING_OFF : BREDR_STOP_TIMEOUT
04-10 22:30:39.579  4626  4626 E RecyclerView: Cannot scroll to position a LayoutManager set. Call setLayoutManager with a non-null argument.
04-10 22:30:39.592  4626  4626 E RecyclerView: Cannot scroll to position a LayoutManager set. Call setLayoutManager with a non-null argument.
04-10 22:30:39.763   710   859 E JobScheduler.Quota: <0>com.android.chrome has 0 EJ quota without running anything
04-10 22:30:39.832   710   859 E JobScheduler.Quota: <0>com.android.chrome has 0 EJ quota without running anything
04-10 22:30:39.881   710   859 E JobScheduler.Quota: <0>com.android.chrome has 0 EJ quota without running anything
04-10 22:30:40.059   710  1741 E RoleControllerServiceImpl: Default/fallback role holder package doesn't qualify for the role, package: com.google.android.gms, role: android.app.role.WALLET, user: 0
04-10 22:30:40.124  4038  4038 E bt_l2cap: system/stack/l2cap/l2c_api.cc:279 L2CA_FreeLePSM: Invalid PSM=39 value!
04-10 22:30:40.408   710  1741 E RoleControllerServiceImpl: Default/fallback role holder package doesn't qualify for the role, package: com.google.android.gms.supervision, role: android.app.role.SYSTEM_SUPERVISION, user: 0
04-10 22:30:40.492   710  1741 E RoleControllerServiceImpl: Default/fallback role holder package doesn't qualify for the role, package: com.google.android.gms, role: android.app.role.SYSTEM_DEPENDENCY_INSTALLER, user: 0
04-10 22:30:40.570  4626  4626 E ConsumerBase: [ImageReader-1x1f1u2816m2-4626-1] abandonLocked: ConsumerBase is abandoned!
04-10 22:30:40.648   457   457 E android.hardware.bluetooth.service.default: unable to open /dev/rfkill: Permission denied
04-10 22:30:40.648   457   457 E android.hardware.bluetooth.service.default: rfkill unavailable
04-10 22:30:40.916   710  1741 E RoleControllerServiceImpl: Default/fallback role holder package doesn't qualify for the role, package: com.google.android.gms, role: android.app.role.WALLET, user: 0
04-10 22:30:41.069  3660  3892 E egij    : (REDACTED) Failed to recover geofences for LBT Routines using Geller data
04-10 22:30:41.069  3660  3892 E egij    : com.google.android.libraries.geller.portable.GellerException: Code: INVALID_ARGUMENT, Message: Account name is null.
04-10 22:30:41.069  3660  3892 E egij    : 	at dqup.a(PG:89)
04-10 22:30:41.069  3660  3892 E egij    : 	at eiaz.a(PG:17)
04-10 22:30:41.069  3660  3892 E egij    : 	at erbx.a(PG:3)
04-10 22:30:41.069  3660  3892 E egij    : 	at erdn.run(PG:19)
04-10 22:30:41.069  3660  3892 E egij    : 	at cmvb.run(PG:5)
04-10 22:30:41.069  3660  3892 E egij    : 	at epyt.run(PG:46)
04-10 22:30:41.069  3660  3892 E egij    : 	at cmun.run(PG:81)
04-10 22:30:41.069  3660  3892 E egij    : 	at java.lang.Thread.run(Thread.java:1572)
04-10 22:30:41.069  3660  3892 E egij    : 	at cmwf.run(PG:63)
04-10 22:30:41.072   710  1741 E RoleControllerServiceImpl: Default/fallback role holder package doesn't qualify for the role, package: com.google.android.gms.supervision, role: android.app.role.SYSTEM_SUPERVISION, user: 0
04-10 22:30:41.405  4685  4685 E FeatureFlagsImplExport: android.os.flagging.AconfigStorageReadException: ERROR_PACKAGE_NOT_FOUND: package android.xr cannot be found on the device
04-10 22:30:41.668  4626  4747 E ConsumerBase: [ImageReader-132x132f1u2816m2-4626-2] abandonLocked: ConsumerBase is abandoned!
04-10 22:30:43.276   710  1741 E RoleControllerServiceImpl: Default/fallback role holder package doesn't qualify for the role, package: com.google.android.gms, role: android.app.role.SYSTEM_DEPENDENCY_INSTALLER, user: 0
04-10 22:30:43.870  1060  1060 E DateSmartspaceView: No tap action can be set up
04-10 22:30:44.433  1060  1060 E DateSmartspaceView: No tap action can be set up
04-10 22:30:44.899  4714  4714 E CarrierIdProvider: read carrier list from ota pb failure: java.io.FileNotFoundException: /data/misc/carrierid/carrier_list.pb: open failed: ENOENT (No such file or directory)
04-10 22:30:45.754   710   844 E libbinder.IPCThreadState: binder thread pool (31 threads) starved for 295 ms
04-10 22:30:46.087  4626  4745 E ConsumerBase: [ImageReader-26x26f1u2816m2-4626-3] abandonLocked: ConsumerBase is abandoned!
04-10 22:30:46.181  3660  4604 E DatabaseUtils: Writing exception to parcel
04-10 22:30:46.181  3660  4604 E DatabaseUtils: java.lang.UnsupportedOperationException
04-10 22:30:46.181  3660  4604 E DatabaseUtils: 	at com.google.android.apps.gsa.staticplugins.publiccontent.GsaPublicContentProvider.query(PG:480)
04-10 22:30:46.181  3660  4604 E DatabaseUtils: 	at android.content.ContentProvider.query(ContentProvider.java:1670)
04-10 22:30:46.181  3660  4604 E DatabaseUtils: 	at android.content.ContentProvider.query(ContentProvider.java:1766)
04-10 22:30:46.181  3660  4604 E DatabaseUtils: 	at android.content.ContentProvider$Transport.query(ContentProvider.java:304)
04-10 22:30:46.181  3660  4604 E DatabaseUtils: 	at android.content.ContentProviderNative.onTransact(ContentProviderNative.java:109)
04-10 22:30:46.181  3660  4604 E DatabaseUtils: 	at android.os.Binder.execTransactInternal(Binder.java:1466)
04-10 22:30:46.181  3660  4604 E DatabaseUtils: 	at android.os.Binder.execTransact(Binder.java:1411)
04-10 22:30:46.260  4626  4790 E DoodleDataLoader: Error fetching doodle
04-10 22:30:46.260  4626  4790 E DoodleDataLoader: java.lang.UnsupportedOperationException
04-10 22:30:46.260  4626  4790 E DoodleDataLoader: 	at android.database.DatabaseUtils.readExceptionFromParcel(DatabaseUtils.java:209)
04-10 22:30:46.260  4626  4790 E DoodleDataLoader: 	at android.database.DatabaseUtils.readExceptionFromParcel(DatabaseUtils.java:177)
04-10 22:30:46.260  4626  4790 E DoodleDataLoader: 	at android.content.ContentProviderProxy.query(ContentProviderNative.java:497)
04-10 22:30:46.260  4626  4790 E DoodleDataLoader: 	at android.content.ContentProviderClient.lambda$query$1(ContentProviderClient.java:330)
04-10 22:30:46.260  4626  4790 E DoodleDataLoader: 	at android.content.ContentProviderClient.$r8$lambda$30ruSb8khJgOcMU3BAg6NHb0qXI(ContentProviderClient.java:0)
04-10 22:30:46.260  4626  4790 E DoodleDataLoader: 	at android.content.ContentProviderClient$$ExternalSyntheticLambda5.apply(D8$$SyntheticClass:0)
04-10 22:30:46.260  4626  4790 E DoodleDataLoader: 	at android.content.ContentProviderClient.execute(ContentProviderClient.java:732)
04-10 22:30:46.260  4626  4790 E DoodleDataLoader: 	at android.content.ContentProviderClient.query(ContentProviderClient.java:329)
04-10 22:30:46.260  4626  4790 E DoodleDataLoader: 	at android.content.ContentProviderClient.query(ContentProviderClient.java:320)
04-10 22:30:46.260  4626  4790 E DoodleDataLoader: 	at android.content.ContentProviderClient.query(ContentProviderClient.java:310)
04-10 22:30:46.260  4626  4790 E DoodleDataLoader: 	at l6.d.d(go/retraceme 7226a759aa2bb3787a79806f85d80eaad84f1f1e15acd6db988f2df789d1680d:23)
04-10 22:30:46.260  4626  4790 E DoodleDataLoader: 	at l6.g.run(go/retraceme 7226a759aa2bb3787a79806f85d80eaad84f1f1e15acd6db988f2df789d1680d:2)
04-10 22:30:46.260  4626  4790 E DoodleDataLoader: 	at android.os.Handler.handleCallback(Handler.java:1095)
04-10 22:30:46.260  4626  4790 E DoodleDataLoader: 	at android.os.Handler.dispatchMessageImpl(Handler.java:135)
04-10 22:30:46.260  4626  4790 E DoodleDataLoader: 	at android.os.Handler.dispatchMessage(Handler.java:125)
04-10 22:30:46.260  4626  4790 E DoodleDataLoader: 	at android.os.Looper.loopOnce(Looper.java:292)
04-10 22:30:46.260  4626  4790 E DoodleDataLoader: 	at android.os.Looper.loop(Looper.java:393)
04-10 22:30:46.260  4626  4790 E DoodleDataLoader: 	at android.os.HandlerThread.run(HandlerThread.java:139)
04-10 22:30:46.548   710  1741 E RoleControllerServiceImpl: Default/fallback role holder package doesn't qualify for the role, package: com.google.android.gms, role: android.app.role.WALLET, user: 0
04-10 22:30:46.633   710   883 E BluetoothSystemServer: BluetoothManagerService: TIMEOUT_BIND: Impossible to bind to Bluetooth service
04-10 22:30:46.722  4504  4661 E Ambient : Installed publisher verification failed
04-10 22:30:46.722  4504  4661 E Ambient : Installed publisher verification failed
04-10 22:30:46.767   710   883 E BluetoothSystemServer: BluetoothManagerService: Recovery #1 scheduled in 4S
04-10 22:30:47.921  1060  1060 E LauncherProxyService: Failed to get launcher proxy for system bar attr change.
04-10 22:30:48.093   710   880 E InputDispatcher: channel '[Gesture Monitor] swipe-up' ~ Channel is unrecoverably broken and will be disposed!
04-10 22:30:48.586  4626  4747 E ConsumerBase: [ImageReader-132x132f1u2816m2-4626-4] abandonLocked: ConsumerBase is abandoned!
04-10 22:30:50.240   710  1741 E RoleControllerServiceImpl: Default/fallback role holder package doesn't qualify for the role, package: com.google.android.gms.supervision, role: android.app.role.SYSTEM_SUPERVISION, user: 0
04-10 22:30:51.788   710  1741 E RoleControllerServiceImpl: Default/fallback role holder package doesn't qualify for the role, package: com.google.android.gms, role: android.app.role.SYSTEM_DEPENDENCY_INSTALLER, user: 0
04-10 22:30:52.327   288   295 E lowmemorykiller: process_mrelease 4502 failed: No such process
04-10 22:30:52.712   288   295 E lowmemorykiller: process_mrelease 4393 failed: No such process
04-10 22:30:58.771  4626  4747 E Launcher.Model: Loader task completed, name: [addCallbacksAndLoad], mIsCommitted=true
04-10 22:31:00.240   710  1147 E libbinder.IPCThreadState: Binder transaction failure. id: 130899, cmd: BR_DEAD_REPLY (29189), error: -3 (No such process)
04-10 22:31:00.557  4626  4988 E OneSearchSuggestProvider: Unable to get suggestions from AGA for zero state
04-10 22:31:00.557  4626  4988 E OneSearchSuggestProvider: io.grpc.StatusRuntimeException: UNAVAILABLE: binderDied
04-10 22:31:00.557  4626  4988 E OneSearchSuggestProvider: 	at i9.g.a(go/retraceme 7226a759aa2bb3787a79806f85d80eaad84f1f1e15acd6db988f2df789d1680d:36)
04-10 22:31:00.557  4626  4988 E OneSearchSuggestProvider: 	at g9.n.b(go/retraceme 7226a759aa2bb3787a79806f85d80eaad84f1f1e15acd6db988f2df789d1680d:27)
04-10 22:31:00.557  4626  4988 E OneSearchSuggestProvider: 	at g9.n.a(go/retraceme 7226a759aa2bb3787a79806f85d80eaad84f1f1e15acd6db988f2df789d1680d:13)
04-10 22:31:00.557  4626  4988 E OneSearchSuggestProvider: 	at g9.z.run(go/retraceme 7226a759aa2bb3787a79806f85d80eaad84f1f1e15acd6db988f2df789d1680d:6)
04-10 22:31:00.557  4626  4988 E OneSearchSuggestProvider: 	at g9.k5.run(go/retraceme 7226a759aa2bb3787a79806f85d80eaad84f1f1e15acd6db988f2df789d1680d:18)
04-10 22:31:00.557  4626  4988 E OneSearchSuggestProvider: 	at java.util.concurrent.ThreadPoolExecutor.runWorker(ThreadPoolExecutor.java:1100)
04-10 22:31:00.557  4626  4988 E OneSearchSuggestProvider: 	at java.util.concurrent.ThreadPoolExecutor$Worker.run(ThreadPoolExecutor.java:624)
04-10 22:31:00.557  4626  4988 E OneSearchSuggestProvider: 	at java.lang.Thread.run(Thread.java:1572)
04-10 22:31:00.600   710  1745 E AppOps  : Bad call made by uid 1000. Package "com.google.android.googlequicksearchbox" does not belong to uid 1000.
04-10 22:31:00.629  3660  3892 E WM-ListenableWorkerImpl: Unable to execute
04-10 22:31:00.629  3660  3892 E WM-ListenableWorkerImpl: java.lang.RuntimeException: Binder died
04-10 22:31:00.629  3660  3892 E WM-ListenableWorkerImpl: 	at nmo.binderDied(PG:5)
04-10 22:31:00.629  3660  3892 E WM-ListenableWorkerImpl: 	at android.os.IBinder$DeathRecipient.binderDied(IBinder.java:341)
04-10 22:31:00.629  3660  3892 E WM-ListenableWorkerImpl: 	at android.os.BinderProxy.sendDeathNotice(BinderProxy.java:839)
04-10 22:31:00.688   710  1741 E RoleControllerServiceImpl: Default/fallback role holder package doesn't qualify for the role, package: com.google.android.gms, role: android.app.role.WALLET, user: 0
04-10 22:31:00.762  3660  3867 E WM-ListenableWorkerImpl: Unable to execute
04-10 22:31:00.762  3660  3867 E WM-ListenableWorkerImpl: java.lang.RuntimeException: Binder died
04-10 22:31:00.762  3660  3867 E WM-ListenableWorkerImpl: 	at nmo.binderDied(PG:5)
04-10 22:31:00.762  3660  3867 E WM-ListenableWorkerImpl: 	at android.os.IBinder$DeathRecipient.binderDied(IBinder.java:341)
04-10 22:31:00.762  3660  3867 E WM-ListenableWorkerImpl: 	at android.os.BinderProxy.sendDeathNotice(BinderProxy.java:839)
04-10 22:31:03.104   710   883 E BluetoothSystemServer: BluetoothManagerService: TIMEOUT_BIND: Impossible to bind to Bluetooth service
04-10 22:31:06.940   710   750 E libprocessgroup: Unable to remove cgroup /sys/fs/cgroup/apps/uid_10146/pid_5026: Device or resource busy
04-10 22:31:07.063  4626  5013 E ActivityThread: Failed to find provider info for com.google.android.apps.wellbeing.api
04-10 22:31:07.617   710  5115 E system_server: libdebuggerd_client: tombstoned reported failure: 
04-10 22:31:08.592   710   883 E BluetoothSystemServer: BluetoothManagerService: Recovery #2 scheduled in 8S
04-10 22:31:09.184   710   748 E ActivityManager: Timeout waiting for provider com.google.android.apps.wellbeing/10160 for provider com.google.android.apps.wellbeing.api caller=ProcessRecord{9c11776 4626:com.google.android.apps.nexuslauncher/u0a193}
04-10 22:31:09.195   710  5126 E system_server: libdebuggerd_client: tombstoned reported failure: 
04-10 22:31:09.304  3660  3892 E WM-WorkerWrapper: Work [ id=14ab2e2c-cc5b-429b-8da4-deb22cec1483, tags={ com.google.apps.tiktok.contrib.work.TikTokListenableWorker,GNP_SDK_JOB,TikTokWorker#com.google.android.libraries.notifications.platform.plugins.tiktokworker.GnpTikTokWorker } ] failed because it threw an exception/error
04-10 22:31:09.304  3660  3892 E WM-WorkerWrapper: java.lang.RuntimeException: Binder died
04-10 22:31:09.304  3660  3892 E WM-WorkerWrapper: 	at nmo.binderDied(PG:5)
04-10 22:31:09.304  3660  3892 E WM-WorkerWrapper: 	at android.os.IBinder$DeathRecipient.binderDied(IBinder.java:341)
04-10 22:31:09.304  3660  3892 E WM-WorkerWrapper: 	at android.os.BinderProxy.sendDeathNotice(BinderProxy.java:839)
04-10 22:31:09.337  3660  3867 E WM-WorkerWrapper: Work [ id=ddd4a745-530e-4663-8e46-d42b3808d64a, tags={ com.google.apps.tiktok.contrib.work.TikTokListenableWorker,GNP_SDK_JOB,TikTokWorker#com.google.android.libraries.notifications.platform.plugins.tiktokworker.GnpTikTokWorker } ] failed because it threw an exception/error
04-10 22:31:09.337  3660  3867 E WM-WorkerWrapper: java.lang.RuntimeException: Binder died
04-10 22:31:09.337  3660  3867 E WM-WorkerWrapper: 	at nmo.binderDied(PG:5)
04-10 22:31:09.337  3660  3867 E WM-WorkerWrapper: 	at android.os.IBinder$DeathRecipient.binderDied(IBinder.java:341)
04-10 22:31:09.337  3660  3867 E WM-WorkerWrapper: 	at android.os.BinderProxy.sendDeathNotice(BinderProxy.java:839)
04-10 22:31:10.086   710  5115 E system_server: libdebuggerd_client: failed to read status response from tombstoned: Try again
04-10 22:31:10.111   710  5115 E ActivityManager: Aborted stack trace dump (current primary pid=1060); deadline exceeded.
04-10 22:31:11.389   710  5116 E ActivityManager: ANR in com.android.systemui
04-10 22:31:11.389   710  5116 E ActivityManager: PID: 1060
04-10 22:31:11.389   710  5116 E ActivityManager: Reason: Input dispatching timed out ([Gesture Monitor] edge-swipe is not responding. Waited 5003ms for MotionEvent).
04-10 22:31:11.389   710  5116 E ActivityManager: ErrorId: 7cd33002-62e9-4f14-b2af-be38245921df
04-10 22:31:11.389   710  5116 E ActivityManager: Frozen: false
04-10 22:31:11.389   710  5116 E ActivityManager: Load: 43.36 / 22.74 / 9.36
04-10 22:31:11.389   710  5116 E ActivityManager: ----- Output from /proc/pressure/memory -----
04-10 22:31:11.389   710  5116 E ActivityManager: some avg10=1.05 avg60=1.77 avg300=1.32 total=6804711
04-10 22:31:11.389   710  5116 E ActivityManager: full avg10=0.69 avg60=1.06 avg300=0.73 total=4051684
04-10 22:31:11.389   710  5116 E ActivityManager: ----- End output from /proc/pressure/memory -----
04-10 22:31:11.389   710  5116 E ActivityManager: ----- Output from /proc/pressure/cpu -----
04-10 22:31:11.389   710  5116 E ActivityManager: some avg10=84.80 avg60=82.09 avg300=49.82 total=226486747
04-10 22:31:11.389   710  5116 E ActivityManager: full avg10=0.00 avg60=0.00 avg300=0.00 total=0
04-10 22:31:11.389   710  5116 E ActivityManager: ----- End output from /proc/pressure/cpu -----
04-10 22:31:11.389   710  5116 E ActivityManager: ----- Output from /proc/pressure/io -----
04-10 22:31:11.389   710  5116 E ActivityManager: some avg10=39.07 avg60=39.43 avg300=26.76 total=130301070
04-10 22:31:11.389   710  5116 E ActivityManager: full avg10=0.17 avg60=0.57 avg300=1.08 total=8057995
04-10 22:31:11.389   710  5116 E ActivityManager: ----- End output from /proc/pressure/io -----
04-10 22:31:11.389   710  5116 E ActivityManager: 
04-10 22:31:11.389   710  5116 E ActivityManager: CPU usage from 429ms to 9315ms later (2026-04-10 22:31:02.248 to 2026-04-10 22:31:11.133):
04-10 22:31:11.389   710  5116 E ActivityManager:   121% 710/system_server: 55% user + 66% kernel / faults: 4391 minor 59 major
04-10 22:31:11.389   710  5116 E ActivityManager:   17% 1936/artd: 7.9% user + 10% kernel / faults: 2936 minor
04-10 22:31:11.389   710  5116 E ActivityManager:   15% 67/kswapd0: 0% user + 15% kernel
04-10 22:31:11.389   710  5116 E ActivityManager:   14% 4739/com.google.android.gms: 9.5% user + 5.3% kernel / faults: 1100 minor 36 major
04-10 22:31:11.389   710  5116 E ActivityManager:   14% 1060/com.android.systemui: 7.4% user + 7% kernel / faults: 3555 minor 1 major
04-10 22:31:11.389   710  5116 E ActivityManager:   12% 5045/com.android.vending: 3.9% user + 8% kernel / faults: 4674 minor 2 major
04-10 22:31:11.389   710  5116 E ActivityManager:   10% 449/android.hardware.sensors-service.multihal: 4% user + 6.6% kernel
04-10 22:31:11.389   710  5116 E ActivityManager:   10% 4504/com.google.android.as: 6.9% user + 3.8% kernel / faults: 1638 minor 1 major
04-10 22:31:11.389   710  5116 E ActivityManager:   9.3% 54/kcompactd0: 0% user + 9.3% kernel
04-10 22:31:11.389   710  5116 E ActivityManager:   9.3% 458/android.hardware.graphics.composer3-service.ranchu: 3.1% user + 6.2% kernel
04-10 22:31:11.389   710  5116 E ActivityManager: 100% TOTAL: 33% user + 45% kernel + 0% iowait + 17% irq + 2.9% softirq
04-10 22:31:11.389   710  5116 E ActivityManager: CPU usage from 852ms to 7892ms later (2026-04-10 22:31:02.670 to 2026-04-10 22:31:09.710):
04-10 22:31:11.389   710  5116 E ActivityManager:   115% 710/system_server: 55% user + 59% kernel / faults: 1416 minor 43 major
04-10 22:31:11.389   710  5116 E ActivityManager:     22% 5136/AnrAuxiliaryTas: 9% user + 13% kernel
04-10 22:31:11.389   710  5116 E ActivityManager:     12% 717/Signal Catcher: 6.4% user + 5.9% kernel
04-10 22:31:11.389   710  5116 E ActivityManager:     7.4% 5115/AnrMainProcessD: 2% user + 5.4% kernel
04-10 22:31:11.389   710  5116 E ActivityManager:     5.1% 1912/binder:710_14: 2.8% user + 2.3% kernel
04-10 22:31:11.389   710  5116 E ActivityManager:     4.6% 748/ActivityManager: 3.6% user + 1% kernel
04-10 22:31:11.389   710  5116 E ActivityManager:     3.8% 860/SensorService: 1.8% user + 2% kernel
04-10 22:31:11.389   710  5116 E ActivityManager:     3.3% 720/HeapTaskDaemon: 1.8% user + 1.5% kernel
04-10 22:31:11.389   710  5116 E ActivityManager:     3% 710/system_server: 2% user + 1% kernel
04-10 22:31:11.389   710  5116 E ActivityManager:     2.5% 5126/AnrMainProcessD: 1.5% user + 1% kernel
04-10 22:31:11.389   710  5116 E ActivityManager:     2.3% 1168/binder:710_9: 1% user + 1.2% kernel
04-10 22:31:11.389   710  5116 E ActivityManager:     1.8% 859/eduling.default: 1% user + 0.7% kernel
04-10 22:31:11.389   710  5116 E ActivityManager:     1.8% 957/ConnectivityThr: 1.2% user + 0.5% kernel
04-10 22:31:11.389   710  5116 E ActivityManager:     1.8% 1986/binder:710_19: 1% user + 0.7% kernel
04-10 22:31:11.389   710  5116 E ActivityManager:     1.5% 735/android.ui: 0.7% user + 0.7% kernel
04-10 22:31:11.389   710  5116 E ActivityManager:     1.5% 737/android.io: 0.5% user + 1% kernel
04-10 22:31:11.389   710  5116 E ActivityManager:     1.5% 919/WifiHandlerThre: 0.7% user + 0.7% kernel
04-10 22:31:11.389   710  5116 E ActivityManager:     1.2% 1210/binder:710_B: 0.7% user + 0.5% kernel
04-10 22:31:11.389   710  5116 E ActivityManager:     1% 1926/binder:710_18: 0.7% user + 0.2% kernel
04-10 22:31:11.389   710  5116 E ActivityManager:     0.7% 740/android.anim: 0.5% user + 0.2% kernel
04-10 22:31:11.389   710  5116 E ActivityManager:     0.7% 890/android.imms: 0.5% user + 0.2% kernel
04-10 22:31:11.389   710  5116 E ActivityManager:     0.7% 918/tworkPolicy.uid: 0.5% user + 0.2% kernel
04-10 22:31:11.389   710  5116 E ActivityManager:     0.7% 1454/binder:710_C: 0.5% user + 0.2% kernel
04-10 22:31:11.389   710  5116 E ActivityManager:     0.5% 724/binder:710_1: 0.2% user + 0.2% kernel
04-10 22:31:11.389   710  5116 E ActivityManager:     0.5% 734/android.fg: 0.2% user + 0.2% kernel
04-10 22:31:11.389   710  5116 E ActivityManager:     0.5% 749/ActivityManager: 0.2% user + 0.2% kernel
04-10 22:31:11.389   710  5116 E ActivityManager:     0.5% 750/ActivityManager: 0% user + 0.5% kernel
04-10 22:31:11.389   710  5116 E ActivityManager:     0.5% 758/batterystats-ha: 0.2% user + 0.2% kernel
04-10 22:31:11.389   710  5116 E ActivityManager:     0.5% 759/socket_writer_q: 0.2% user + 0.2% kernel
04-10 22:31:11.389   710  5116 E ActivityManager:     0.5% 844/binder:710_3: 0.2% user + 0.2% kernel
04-10 22:31:11.389   710  5116 E ActivityManager:     0.5% 883/BluetoothSystem: 0.2% user + 0.2% kernel
04-10 22:31:11.389   710  5116 E ActivityManager:     0.5% 1456/binder:710_E: 0% user + 0.5% kernel
04-10 22:31:11.389   710  5116 E ActivityManager:     0.5% 1745/binder:710_10: 0.5% user + 0% kernel
04-10 22:31:11.389   710  5116 E ActivityManager:     0.2% 755/OomAdjuster: 0.2% user + 0% kernel
04-10 22:31:11.389   710  5116 E ActivityManager:     0.2% 756/Thread-77: 0.2% user + 0% kernel
04-10 22:31:11.389   710  5116 E ActivityManager:     0.2% 762/bgres-controlle: 0.2% user + 0% kernel
04-10 22:31:11.389   710  5116 E ActivityManager:     0.2% 769/Thread-3: 0.2% user + 0% kernel
04-10 22:31:11.389   710  5116 E ActivityManager:     0.2% 771/Thread-6: 0% user + 0.2% kernel
04-10 22:31:11.389   710  5116 E ActivityManager:     0.2% 780/DefaultPermGran: 0.2% user + 0% kernel
04-10 22:31:11.389   710  5116 E ActivityManager:     0.2% 842/PackageInstalle: 0% user + 0.2% kernel
04-10 22:31:11.389   710  5116 E ActivityManager:     0.2% 845/binder:710_4: 0.2% user + 0% kernel
04-10 22:31:11.389   710  5116 E ActivityManager:     0.2% 846/binder:710_5: 0.2% user + 0% kernel
04-10 22:31:11.389   710  5116 E ActivityManager:     0.2% 885/NetworkWatchlis: 0% user + 0.2% kernel
04-10 22:31:11.389   710  5116 E ActivityManager:     0.2% 917/NetworkPolicy: 0.2% user + 0% kernel
04-10 22:31:11.389   710  5116 E ActivityManager:     0.2% 945/audioserver_lif: 0.2% user + 0% kernel
04-10 22:31:11.389   710  5116 E ActivityManager:     0.2% 1012/android.perm: 0% user + 0.2% kernel
04-10 22:31:11.389   710  5116 E ActivityManager:     0.2% 1147/binder:710_8: 0.2% user + 0% kernel
04-10 22:31:11.389   710  5116 E ActivityManager:     0.2% 1224/MobileDataStats: 0.2% user + 0% kernel
04-10 22:31:11.389   710  5116 E ActivityManager:     0.2% 1746/binder:710_11: 0% user + 0.2% kernel
04-10 22:31:11.389   710  5116 E ActivityManager:     0.2% 2489/binder:710_1E: 0% user + 0.2% kernel
04-10 22:31:11.389   710  5116 E ActivityManager:     0.2% 5116/AnrConsumer: 0.2% user + 0% kernel
04-10 22:31:11.389   710  5116 E ActivityManager:    +0% 5151/pool-395-thread: 0% user + 0% kernel
04-10 22:31:11.389   710  5116 E ActivityManager:    +0% 5182/DefaultExecutor: 0% user + 0% kernel
04-10 22:31:11.389   710  5116 E ActivityManager:    +0% 5204/system_server: 0% user + 0% kernel
04-10 22:31:11.389   710  5116 E ActivityManager:   18% 67/kswapd0: 0% user + 18% kernel
04-10 22:31:11.389   710  5116 E ActivityManager:   11% 54/kcompactd0: 0% user + 11% kernel
04-10 22:31:11.389   710  5116 E ActivityManager:   22% 1060/com.android.systemui: 10% user + 12% kernel / faults: 1970 minor 1 major
04-10 22:31:11.389   710  5116 E ActivityManager:     5% 1071/Signal Catcher: 1.9% user + 3% kernel
04-10 22:31:11.389   710  5116 E ActivityManager:     2.8% 1076/HeapTaskDaemon: 1.6% user + 1.1% kernel
04-10 22:31:11.389   710  5116 E ActivityManager:     2.5% 1075/Jit thread pool: 1.6% user + 0.8% kernel
04-10 22:31:11.389   710  5116 E ActivityManager:     1.4% 1077/ReferenceQueueD: 1.1% user + 0.2% kernel
04-10 22:31:11.389   710  5116 E ActivityManager:     1.4% 1199/SysUiBg: 0.8% user + 0.5% kernel
04-10 22:31:11.389   710  5116 E ActivityManager:     0.5% 1060/ndroid.systemui: 0.2% user + 0.2% kernel
04-10 22:31:11.389   710  5116 E ActivityManager:     0.5% 1078/FinalizerDaemon: 0.5% user + 0% kernel
04-10 22:31:11.389   710  5116 E ActivityManager:     0.2% 1089/binder:1060_3: 0% user + 0.2% kernel
04-10 22:31:11.389   710  5116 E ActivityManager:     0.2% 1191/DefaultDispatch: 0% user + 0.2% kernel
04-10 22:31:11.389   710  5116 E ActivityManager:     0.2% 1202/SystemUIBg-3: 0.2% user + 0% kernel
04-10 22:31:11.389   710  5116 E ActivityManager:     0.2% 1205/BroadcastRunnin: 0% user + 0.2% kernel
04-10 22:31:11.389   710  5116 E ActivityManager:     0.2% 1341/WifiPickerTrack: 0.2% user + 0% kernel
04-10 22:31:11.389   710  5116 E ActivityManager:     0.2% 2820/binder:1060_C: 0% user + 0.2% kernel
04-10 22:31:11.389   710  5116 E ActivityManager:     0.2% 3041/binder:1060_E: 0.2% user + 0% kernel
04-10 22:31:11.389   710  5116 E ActivityManager:    +0% 5147/ndroid.systemui: 0% user + 0% kernel
04-10 22:31:11.389   710  5116 E ActivityManager:   11% 449/android.hardware.sensors-service.multihal: 4.3% user + 7.6% kernel
04-10 22:31:11.389   710  5116 E ActivityManager:     7.4% 473/android.hardwar: 2.6% user + 4.7% kernel
04-10 22:31:11.389   710  5116 E ActivityManager:     4.3% 474/android.hardwar: 1.3% user + 3% kernel
04-10 22:31:11.389   710  5116 E ActivityManager:   8.8% 458/android.hardware.graphics.composer3-service.ranchu: 3% user + 5.7% kernel
04-10 22:31:11.389   710  5116 E ActivityManager:     4.8% 557/_thread: 1.3% user + 3.5% kernel
04-10 22:31:11.389   710  5116 E ActivityManager:     3.9% 1370/binder:458_2: 1.5% user + 2.4% kernel
04-10 22:31:11.389   710  5116 E ActivityManager:   5.7% 288/lmkd: 1.8% user + 3.8% kernel
04-10 22:31:11.389   710  5116 E ActivityManager:     5.3% 288/lmkd: 2.4% user + 2.9% kernel
04-10 22:31:11.389   710  5116 E ActivityManager:     0.1% 293/lmkd_setprio: 0% user + 0.1% kernel
04-10 22:31:11.389   710  5116 E ActivityManager:     0.1% 294/lmkd_reaper0: 0% user + 0.1% kernel
04-10 22:31:11.389   710  5116 E ActivityManager:   13% 4739/com.google.android.gms: 8.3% user + 5% kernel / faults: 494 minor 24 major
04-10 22:31:11.389   710  5116 E ActivityManager:     3.2% 5144/highpool[1]: 1.3% user + 1.8% kernel
04-10 22:31:11.389   710  5116 E ActivityManager:     1.8% 4739/gle.android.gms: 1.3% user + 0.4% kernel
04-10 22:31:11.389   710  5116 E ActivityManager:     0.9% 5092/binder:4739_4: 0.9% user + 0% kernel
04-10 22:31:11.389   710  5116 E ActivityManager:     0.4% 4758/binder:4739_2: 0.4% user + 0% kernel
04-10 22:31:11.389   710  5116 E ActivityManager:     0.4% 4776/binder:4739_3: 0.4% user + 0% kernel
04-10 22:31:11.389   710  5116 E ActivityManager:    +0% 5152/highpool[2]: 0% user + 0% kernel
04-10 22:31:11.389   710  5116 E ActivityManager:    +0% 5156/ice] processing: 0% user + 0% kernel
04-10 22:31:11.389   710  5116 E ActivityManager:    +0% 5211/peration loader: 0% user + 0% kernel
04-10 22:31:11.389   710  5116 E ActivityManager:    +0% 5212/_BOOT_COMPLETED: 0% user + 0% kernel
04-10 22:31:11.389   710  5116 E ActivityManager:   5.7% 436/zygote64: 0.8% user + 4.8% kernel / faults: 225 minor
04-10 22:31:11.389   710  5116 E ActivityManager:   12% 4714/com.android.phone: 7.7% user + 4.5% kernel / faults: 797 minor 4 major
04-10 22:31:11.389   710  5116 E ActivityManager:     7.7% 4718/Signal Catcher: 4.5% user + 3.2% kernel
04-10 22:31:11.389   710  5116 E ActivityManager:     3.6% 4714/m.android.phone: 2.7% user + 0.9% kernel
04-10 22:31:11.389   710  5116 E ActivityManager:   3.7% 221/kworker/u16:3-events_unbound: 0% user + 3.7% kernel
04-10 22:31:11.389   710  5116 E ActivityManager:   9.7% 4504/com.google.android.as: 5.4% user + 4.2% kernel / faults: 1130 minor
04-10 22:31:11.389   710  5116 E ActivityManager:     5.8% 4518/HeapTaskDaemon: 2.7% user + 3.1% kernel
04-10 22:31:11.389   710  5116 E ActivityManager:     1.5% 4838/aiai-normal-sha: 1.5% user + 0% kernel
04-10 22:31:11.389   710  5116 E ActivityManager:     0.3% 4504/ogle.android.as: 0% user + 0.3% kernel
04-10 22:31:11.389   710  5116 E ActivityManager:    +0% 5149/aiai-pecan-0: 0% user + 0% kernel
04-10 22:31:11.389   710  5116 E ActivityManager:    +0% 5153/SharedPreferenc: 0% user + 0% kernel
04-10 22:31:11.389   710  5116 E ActivityManager:    +0% 5155/aiai-chronicle-: 0% user + 0% kernel
04-10 22:31:11.389   710  5116 E ActivityManager:   9.6% 4603/com.google.android.gms.persistent: 6.4% user + 3.2% kernel / faults: 100 minor 14 major
04-10 22:31:11.389   710  5116 E ActivityManager:     6.4% 4603/.gms.persistent: 3.6% user + 2.8% kernel
04-10 22:31:11.389   710  5116 E ActivityManager:     0.8% 4811/highpool[3]: 0.4% user + 0.4% kernel
04-10 22:31:11.389   710  5116 E ActivityManager:     0.8% 5016/FlpThread: 0.8% user + 0% kernel
04-10 22:31:11.389   710  5116 E ActivityManager:     0.4% 4785/binder:4603_6: 0.4% user + 0% kernel
04-10 22:31:11.389   710  5116 E ActivityManager:     0.4% 4832/lowpool[1]: 0.4% user + 0% kernel
04-10 22:31:11.389   710  5116 E ActivityManager:   4.8% 505/surfaceflinger: 2% user + 2.7% kernel
04-10 22:31:11.389   710  5116 E ActivityManager:     1.1% 505/surfaceflinger: 0.4% user + 0.6% kernel
04-10 22:31:11.389   710  5116 E ActivityManager:     0.6% 521/binder:505_1: 0.2% user + 0.4% kernel
04-10 22:31:11.389   710  5116 E ActivityManager:     0.6% 534/RenderEngine: 0.2% user + 0.4% kernel
04-10 22:31:11.389   710  5116 E ActivityManager:     0.4% 522/binder:505_2: 0.2% user + 0.2% kernel
04-10 22:31:11.389   710  5116 E ActivityManager:     0.4% 590/binder:505_4: 0.2% user + 0.2% kernel
04-10 22:31:11.390   710  5116 E ActivityManager:     0.4% 603/binder:505_5: 0.2% user + 0.2% kernel
04-10 22:31:11.390   710  5116 E ActivityManager:     0.2% 569/TimerDispatch: 0.2% user + 0% kernel
04-10 22:31:11.390   710  5116 E ActivityManager:     0.2% 570/app: 0% user + 0.2% kernel
04-10 22:31:11.390   710  5116 E ActivityManager:     0.2% 572/RegionSampling: 0.2% user + 0% kernel
04-10 22:31:11.390   710  5116 E ActivityManager:     0.2% 877/BckgrndExec WL: 0% user + 0.2% kernel
04-10 22:31:11.390   710  5116 E ActivityManager:   3.7% 287/logd: 0.7% user + 2.9% kernel / faults: 11 minor
04-10 22:31:11.390   710  5116 E ActivityManager:     2.9% 299/logd.writer: 0.7% user + 2.2% kernel
04-10 22:31:11.390   710  5116 E ActivityManager:     0.5% 301/logd.auditd: 0% user + 0.5% kernel
04-10 22:31:11.390   710  5116 E ActivityManager:   6.9% 1936/artd: 3.6% user + 3.2% kernel / faults: 556 minor
04-10 22:31:11.390   710  5116 E ActivityManager:     6.5% 1964/binder:1936_2: 3.2% user + 3.2% kernel
04-10 22:31:11.390   710  5116 E ActivityManager:   6.5% 3660/com.google.android.googlequicksearchbox:search: 5% user + 1.5% kernel / faults: 136 minor 3 major
04-10 22:31:11.390   710  5116 E ActivityManager:     2.6% 3867/BG Thread #1: 1.5% user + 1.1% kernel
04-10 22:31:11.390   710  5116 E ActivityManager:     1.5% 3892/BG Thread #2: 1.5% user + 0% kernel
04-10 22:31:11.390   710  5116 E ActivityManager:     1.1% 3864/BG Thread #0: 0.7% user + 0.3% kernel
04-10 22:31:11.390   710  5116 E ActivityManager:     0.7% 3660/earchbox:search: 0.3% user + 0.3% kernel
04-10 22:31:11.390   710  5116 E ActivityManager:     0.7% 3669/Jit thread pool: 0.3% user + 0.3% kernel
04-10 22:31:11.390   710  5116 E ActivityManager:     0.3% 3876/GoogleApiHandle: 0.3% user + 0% kernel
04-10 22:31:11.390   710  5116 E ActivityManager:   6.4% 4880/com.google.android.calendar: 3.2% user + 3.2% kernel / faults: 222 minor 9 major
04-10 22:31:11.390   710  5116 E ActivityManager:     3.2% 4880/ndroid.calendar: 1.3% user + 1.8% kernel
04-10 22:31:11.390   710  5116 E ActivityManager:     2.7% 5150/ProcessStablePh: 1.3% user + 1.3% kernel
04-10 22:31:11.390   710  5116 E ActivityManager:    +0% 5183/SharedPreferenc: 0% user + 0% kernel
04-10 22:31:11.390   710  5116 E ActivityManager:    +0% 5186/GoogleApiHandle: 0% user + 0% kernel
04-10 22:31:11.390   710  5116 E ActivityManager:   6.1% 5045/com.android.vending: 3% user + 3% kernel / faults: 528 minor 1 major
04-10 22:31:11.390   710  5116 E ActivityManager:     4% 5045/android.vending: 2% user + 2% kernel
04-10 22:31:11.390   710  5116 E ActivityManager:    +0% 5177/Profile Saver: 0% user + 0% kernel
04-10 22:31:11.390   710  5116 E ActivityManager:   1.4% 46/kworker/3:0-events: 0% user + 1.4% kernel
04-10 22:31:11.390   710  5116 E ActivityManager:   5% 5105/com.google.android.adservices.api: 1.1% user + 3.9% kernel / faults: 160 minor 5 major
04-10 22:31:11.390   710  5116 E ActivityManager:     4.4% 5105/.adservices.api: 1.1% user + 3.3% kernel
04-10 22:31:11.390   710  5116 E ActivityManager:   1.1% 18/rcu_preempt: 0% user + 1.1% kernel
04-10 22:31:11.390   710  5116 E ActivityManager:   1.5% 1214/com.android.networkstack.process: 1.2% user + 0.3% kernel / faults: 49 minor
04-10 22:31:11.390   710  5116 E ActivityManager:     1.5% 1379/IpClient.wlan0: 1.2% user + 0.3% kernel
04-10 22:31:11.390   710  5116 E ActivityManager:   0.5% 23/rcu_exp_gp_kthread_worker: 0% user + 0.5% kernel
04-10 22:31:11.390   710  5116 E ActivityManager:   0.5% 99/kworker/3:2H-kblockd: 0% user + 0.5% kernel
04-10 22:31:11.390   710  5116 E ActivityManager:   0.4% 19/rcuog/0: 0% user + 0.4% kernel
04-10 22:31:11.390   710  5116 E ActivityManager:   0.4% 33/rcuop/1: 0% user + 0.4% kernel
04-10 22:31:11.390   710  5116 E ActivityManager:   0.4% 65/kworker/1:1-kdmflush/254:6: 0% user + 0.4% kernel
04-10 22:31:11.390   710  5116 E ActivityManager:   0.5% 340/jbd2/dm-6-8: 0% user + 0.5% kernel
04-10 22:31:11.390   710  5116 E ActivityManager:   0.5% 347/tombstoned: 0.1% user + 0.3% kernel
04-10 22:31:11.390   710  5116 E ActivityManager:   0.6% 512/adbd: 0% user + 0.6% kernel / faults: 27 minor
04-10 22:31:11.390   710  5116 E ActivityManager:     0.2% 512/adbd: 0% user + 0.2% kernel
04-10 22:31:11.390   710  5116 E ActivityManager:     0.2% 543/adbd: 0% user + 0.2% kernel
04-10 22:31:11.390   710  5116 E ActivityManager:   0.2% 30/ksoftirqd/1: 0% user + 0.2% kernel
04-10 22:31:11.390   710  5116 E ActivityManager:   0.2% 40/rcuog/2: 0% user + 0.2% kernel
04-10 22:31:11.390   710  5116 E ActivityManager:   0.2% 216/kworker/u16:2-events_unbound: 0% user + 0.2% kernel
04-10 22:31:11.390   710  5116 E ActivityManager:   0.3% 289/servicemanager: 0.1% user + 0.1% kernel
04-10 22:31:11.390   710  5116 E ActivityManager:   0.4% 435/statsd: 0.2% user + 0.2% kernel
04-10 22:31:11.390   710  5116 E ActivityManager:     0.4% 439/statsd.writer: 0.2% user + 0.2% kernel
04-10 22:31:11.390   710  5116 E ActivityManager:     0.2% 442/statsd.reader: 0.2% user + 0% kernel
04-10 22:31:11.390   710  5116 E ActivityManager:   0.8% 4626/com.google.android.apps.nexuslauncher: 0.4% user + 0.4% kernel / faults: 10 minor
04-10 22:31:11.390   710  5116 E ActivityManager:   0.1% 20/rcuop/0: 0% user + 0.1% kernel
04-10 22:31:11.390   710  5116 E ActivityManager:   0.1% 41/rcuop/2: 0% user + 0.1% kernel
04-10 22:31:11.390   710  5116 E ActivityManager:   0.1% 48/rcuop/3: 0% user + 0.1% kernel
04-10 22:31:11.390   710  5116 E ActivityManager:   0.1% 74/kworker/0:1H-kblockd: 0% user + 0.1% kernel
04-10 22:31:11.390   710  5116 E ActivityManager:   0.1% 227/kworker/u16:4-kvfree_rcu_reclaim: 0% user + 0.1% kernel
04-10 22:31:11.390   710  5116 E ActivityManager:   0.1% 291/qemu-props: 0.1% user + 0% kernel
04-10 22:31:11.390   710  5116 E ActivityManager:   0.1% 292/psimon: 0% user + 0.1% kernel
04-10 22:31:11.390   710  5116 E ActivityManager:   0.1% 434/netd: 0.1% user + 0% kernel / faults: 1 minor 1 major
04-10 22:31:11.390   710  5116 E ActivityManager:     0.1% 485/binder:434_3: 0.1% user + 0% kernel
04-10 22:31:11.390   710  5116 E ActivityManager:   0.2% 450/iptables-restore: 0.2% user + 0% kernel
04-10 22:31:11.390   710  5116 E ActivityManager:   0.2% 453/ip6tables-restore: 0.2% user + 0% kernel
04-10 22:31:11.390   710  5116 E ActivityManager:   0.2% 456/android.hardware.wifi-service: 0.2% user + 0% kernel
04-10 22:31:11.390   710  5116 E ActivityManager:     0.2% 465/binder:456_1: 0.2% user + 0% kernel
04-10 22:31:11.390   710  5116 E ActivityManager:   0.2% 501/audioserver: 0.2% user + 0% kernel
04-10 22:31:11.390   710  5116 E ActivityManager:     0.2% 951/binder:501_4: 0.2% user + 0% kernel
04-10 22:31:11.390   710  5116 E ActivityManager:   0.2% 535/kworker/0:2-events: 0% user + 0.2% kernel
04-10 22:31:11.390   710  5116 E ActivityManager:   0.2% 562/cameraserver: 0.2% user + 0% kernel
04-10 22:31:11.390   710  5116 E ActivityManager:     0.2% 667/binder:562_2: 0.2% user + 0% kernel
04-10 22:31:11.390   710  5116 E ActivityManager:  +0% 5146/kworker/2:1-virtio_vsock: 0% user + 0% kernel
04-10 22:31:11.390   710  5116 E ActivityManager:  +0% 5154/<pre-initialized>: 0% user + 0% kernel
04-10 22:31:11.390   710  5116 E ActivityManager:  +0% 5157/<pre-initialized>: 0% user + 0% kernel
04-10 22:31:11.390   710  5116 E ActivityManager:  +0% 5158/<pre-initialized>: 0% user + 0% kernel
04-10 22:31:11.390   710  5116 E ActivityManager: 100% TOTAL: 31% user + 43% kernel + 21% irq + 3.9% softirq
04-10 22:31:12.124  4739  5212 E native_loader: Java_hotLoad not found!
04-10 22:31:12.141  4739  5212 E NativeHotLoader: Failed to hotload library '/data/app/~~ZcGfAzgJinPFs3ubKWxgUA==/com.google.android.gms-HyXQiO6os206Or8mn8m9jQ==/base.apk!/lib/x86_64/libgmscore.so'. [CONTEXT service_id=447 ]
04-10 22:31:12.409   710  5126 E system_server: libdebuggerd_client: failed to read status response from tombstoned: Try again
04-10 22:31:12.423   710  5126 E ActivityManager: Aborted stack trace dump (current primary pid=710); deadline exceeded.
04-10 22:31:13.599   347   347 E tombstoned: failed to get crash output for type kDebuggerdNativeBacktrace
04-10 22:31:13.602  5248  5248 E libc    : failed to read response to DumpRequest packet: No message of desired type
04-10 22:31:14.820   347   347 E tombstoned: Traces for pid 1060 written to: trace_04
04-10 22:31:15.412   710   724 E libbinder.IPCThreadState: binder thread pool (31 threads) starved for 186 ms
04-10 22:31:15.751   710   844 E libbinder.IPCThreadState: binder thread pool (31 threads) starved for 226 ms
04-10 22:31:16.031   710  1454 E libbinder.IPCThreadState: binder thread pool (31 threads) starved for 204 ms
04-10 22:31:16.080   347   347 E tombstoned: failed to get crash output for type kDebuggerdNativeBacktrace
04-10 22:31:16.096  5225  5225 E libc    : failed to read response to DumpRequest packet: No message of desired type
04-10 22:31:16.247   710   846 E libbinder.IPCThreadState: binder thread pool (31 threads) starved for 213 ms
04-10 22:31:17.008   710   880 E InputDispatcher: channel '[Gesture Monitor] swipe-up' ~ Channel is unrecoverably broken and will be disposed!
04-10 22:31:17.543   710  5115 E android.os.Debug: Failed to get binder state info for pid: 5026 status: -2: Success
04-10 22:31:17.544   710  5115 E system_server: libdebuggerd_client: failed to get process tids
04-10 22:31:17.544   710  5115 E system_server: libdebuggerd_client: failed to get process info: failed to open /proc/5026: No such file or directory
04-10 22:31:17.575   710  5115 E android.os.Debug: Failed to get binder state info for pid: 5026 status: -2: Success
04-10 22:31:17.576   710  5115 E system_server: libdebuggerd_client: failed to get process tids
04-10 22:31:17.580   710  5115 E system_server: libdebuggerd_client: failed to send signal to pid 5026: No such process
04-10 22:31:17.801  1060  1060 E LauncherProxyService: Failed to get launcher proxy for system bar attr change.
04-10 22:31:17.852  1060  1060 E ShadeCarrierGroup: Invalid SIM slot index for subscription: 1
04-10 22:31:17.856  1060  1060 E ShadeCarrierGroup: Invalid SIM slot index for subscription: 1
04-10 22:31:17.857  1060  1060 E ShadeCarrierGroup: Invalid SIM slot index for subscription: 1
04-10 22:31:17.875  1060  1060 E ShadeCarrierGroup: Invalid SIM slot index for subscription: 1
04-10 22:31:17.906  1060  1060 E ShadeCarrierGroup: Invalid SIM slot index for subscription: 1
04-10 22:31:17.944  4626  5013 E ActivityThread: Failed to find provider info for com.google.android.apps.wellbeing.api
04-10 22:31:19.415   288   295 E lowmemorykiller: process_mrelease 5105 failed: No such process
04-10 22:31:21.492   710  1766 E libbinder.IPCThreadState: binder thread pool (31 threads) starved for 1870 ms
04-10 22:31:21.765   710  1454 E AppOps  : Bad call made by uid 1000. Package "com.google.android.googlequicksearchbox" does not belong to uid 1000.
04-10 22:31:22.052   710  1912 E libbinder.IPCThreadState: Binder transaction failure. id: 135863, cmd: BR_DEAD_REPLY (29189), error: -22 (Invalid argument)
04-10 22:31:22.229   710   883 E BluetoothSystemServer: BluetoothManagerService: TIMEOUT_BIND: Impossible to bind to Bluetooth service
04-10 22:31:22.261  4714  4714 E SatelliteController: SatelliteController was not yet initialized.
04-10 22:31:24.168   710   883 E BluetoothSystemServer: BluetoothManagerService: Recovery #3 scheduled in 12S
04-10 22:31:24.634   710   958 E system_server: poll() failed: Interrupted system call, sleeping 100ms
04-10 22:31:25.094   288   295 E lowmemorykiller: process_mrelease 5154 failed: No such process
04-10 22:31:25.624   710   880 E InputDispatcher: channel '[Gesture Monitor] swipe-up' ~ Channel is unrecoverably broken and will be disposed!
04-10 22:31:26.178   710   710 E libbinder.IPCThreadState: Binder transaction failure. id: 137237, cmd: BR_DEAD_REPLY (29189), error: -3 (No such process)
04-10 22:31:26.525   710  5116 E ActivityManager: ANR in system
04-10 22:31:26.525   710  5116 E ActivityManager: PID: 710
04-10 22:31:26.525   710  5116 E ActivityManager: Reason: Input dispatching timed out (9c94fb8 Application Not Responding: com.android.systemui is not responding. Waited 5001ms for MotionEvent).
04-10 22:31:26.525   710  5116 E ActivityManager: ErrorId: 3f02bd4e-cbab-4e17-83b6-d067c1e1f88c
04-10 22:31:26.525   710  5116 E ActivityManager: Frozen: false
04-10 22:31:26.525   710  5116 E ActivityManager: Load: 40.83 / 23.14 / 9.71
04-10 22:31:26.525   710  5116 E ActivityManager: ----- Output from /proc/pressure/memory -----
04-10 22:31:26.525   710  5116 E ActivityManager: some avg10=6.31 avg60=3.22 avg300=1.69 total=8341354
04-10 22:31:26.525   710  5116 E ActivityManager: full avg10=3.71 avg60=1.91 avg300=0.95 total=4995619
04-10 22:31:26.525   710  5116 E ActivityManager: ----- End output from /proc/pressure/memory -----
04-10 22:31:26.525   710  5116 E ActivityManager: ----- Output from /proc/pressure/cpu -----
04-10 22:31:26.525   710  5116 E ActivityManager: some avg10=75.16 avg60=81.12 avg300=51.78 total=241800307
04-10 22:31:26.525   710  5116 E ActivityManager: full avg10=0.00 avg60=0.00 avg300=0.00 total=0
04-10 22:31:26.525   710  5116 E ActivityManager: ----- End output from /proc/pressure/cpu -----
04-10 22:31:26.525   710  5116 E ActivityManager: ----- Output from /proc/pressure/io -----
04-10 22:31:26.525   710  5116 E ActivityManager: some avg10=41.64 avg60=40.08 avg300=27.75 total=138615572
04-10 22:31:26.525   710  5116 E ActivityManager: full avg10=0.20 avg60=0.44 avg300=1.01 total=8116289
04-10 22:31:26.525   710  5116 E ActivityManager: ----- End output from /proc/pressure/io -----
04-10 22:31:26.525   710  5116 E ActivityManager: 
04-10 22:31:26.525   710  5116 E ActivityManager: CPU usage from 10ms to 8252ms later (2026-04-10 22:31:18.169 to 2026-04-10 22:31:26.411):
04-10 22:31:26.525   710  5116 E ActivityManager:   101% 710/system_server: 41% user + 59% kernel / faults: 12028 minor 49 major
04-10 22:31:26.525   710  5116 E ActivityManager:   22% 67/kswapd0: 0% user + 22% kernel
04-10 22:31:26.525   710  5116 E ActivityManager:   23% 5225/crash_dump64: 13% user + 9.5% kernel / faults: 2829 minor 51 major
04-10 22:31:26.525   710  5116 E ActivityManager:   12% 5045/com.android.vending: 6.5% user + 6% kernel / faults: 1543 minor 117 major
04-10 22:31:26.525   710  5116 E ActivityManager:   12% 505/surfaceflinger: 5.5% user + 6.7% kernel / faults: 5 minor 2 major
04-10 22:31:26.525   710  5116 E ActivityManager:   10% 1060/com.android.systemui: 5.7% user + 4.4% kernel / faults: 1305 minor 31 major
04-10 22:31:26.525   710  5116 E ActivityManager:   7.2% 458/android.hardware.graphics.composer3-service.ranchu: 3.7% user + 3.5% kernel
04-10 22:31:26.525   710  5116 E ActivityManager:   6.6% 449/android.hardware.sensors-service.multihal: 3.1% user + 3.5% kernel
04-10 22:31:26.525   710  5116 E ActivityManager:   6.5% 4880/com.google.android.calendar: 3.6% user + 2.8% kernel / faults: 1255 minor 22 major
04-10 22:31:26.525   710  5116 E ActivityManager:   6.1% 4603/com.google.android.gms.persistent: 4.7% user + 1.3% kernel / faults: 379 minor 3 major
04-10 22:31:26.525   710  5116 E ActivityManager: 99% TOTAL: 35% user + 54% kernel + 0.5% iowait + 7.7% irq + 0.7% softirq
04-10 22:31:26.525   710  5116 E ActivityManager: CPU usage from 3525ms to 6738ms later (2026-04-10 22:31:21.684 to 2026-04-10 22:31:24.898):
04-10 22:31:26.525   710  5116 E ActivityManager:   104% 710/system_server: 48% user + 56% kernel / faults: 1264 minor 22 major
04-10 22:31:26.525   710  5116 E ActivityManager:     29% 5136/AnrAuxiliaryTas: 14% user + 15% kernel
04-10 22:31:26.525   710  5116 E ActivityManager:     6.1% 945/audioserver_lif: 2.8% user + 3.3% kernel
04-10 22:31:26.525   710  5116 E ActivityManager:     5.7% 735/android.ui: 2.8% user + 2.8% kernel
04-10 22:31:26.525   710  5116 E ActivityManager:     5.2% 859/eduling.default: 2.8% user + 2.3% kernel
04-10 22:31:26.525   710  5116 E ActivityManager:     4.2% 717/Signal Catcher: 1.9% user + 2.3% kernel
04-10 22:31:26.525   710  5116 E ActivityManager:     4.2% 885/NetworkWatchlis: 0.9% user + 3.3% kernel
04-10 22:31:26.525   710  5116 E ActivityManager:     3.8% 710/system_server: 2.3% user + 1.4% kernel
04-10 22:31:26.525   710  5116 E ActivityManager:     3.8% 721/ReferenceQueueD: 0.9% user + 2.8% kernel
04-10 22:31:26.525   710  5116 E ActivityManager:     2.3% 722/FinalizerDaemon: 0.4% user + 1.9% kernel
04-10 22:31:26.525   710  5116 E ActivityManager:     2.3% 740/android.anim: 0.9% user + 1.4% kernel
04-10 22:31:26.525   710  5116 E ActivityManager:     2.3% 1454/binder:710_C: 1.4% user + 0.9% kernel
04-10 22:31:26.525   710  5116 E ActivityManager:     2.3% 1994/binder:710_1C: 1.4% user + 0.9% kernel
04-10 22:31:26.525   710  5116 E ActivityManager:     1.9% 758/batterystats-ha: 1.4% user + 0.4% kernel
04-10 22:31:26.525   710  5116 E ActivityManager:     1.9% 2504/binder:710_1F: 0.9% user + 0.9% kernel
04-10 22:31:26.525   710  5116 E ActivityManager:     1.4% 1003/binder:710_6: 0.4% user + 0.9% kernel
04-10 22:31:26.525   710  5116 E ActivityManager:     1.4% 1210/binder:710_B: 0.9% user + 0.4% kernel
04-10 22:31:26.525   710  5116 E ActivityManager:     1.4% 1456/binder:710_E: 0.9% user + 0.4% kernel
04-10 22:31:26.525   710  5116 E ActivityManager:     1.4% 1700/RenderThread: 0% user + 1.4% kernel
04-10 22:31:26.525   710  5116 E ActivityManager:     0.9% 719/Jit thread pool: 0.4% user + 0.4% kernel
04-10 22:31:26.525   710  5116 E ActivityManager:     0.9% 734/android.fg: 0.4% user + 0.4% kernel
04-10 22:31:26.525   710  5116 E ActivityManager:     0.9% 738/android.display: 0.4% user + 0.4% kernel
04-10 22:31:26.525   710  5116 E ActivityManager:     0.9% 749/ActivityManager: 0.4% user + 0.4% kernel
04-10 22:31:26.525   710  5116 E ActivityManager:     0.9% 750/ActivityManager: 0.4% user + 0.4% kernel
04-10 22:31:26.525   710  5116 E ActivityManager:     0.9% 759/socket_writer_q: 0.4% user + 0.4% kernel
04-10 22:31:26.525   710  5116 E ActivityManager:     0.9% 1766/binder:710_12: 0.4% user + 0.4% kernel
04-10 22:31:26.525   710  5116 E ActivityManager:     0.9% 1858/binder:710_13: 0.4% user + 0.4% kernel
04-10 22:31:26.525   710  5116 E ActivityManager:     0.9% 1914/binder:710_15: 0% user + 0.9% kernel
04-10 22:31:26.525   710  5116 E ActivityManager:     0.9% 1991/binder:710_1B: 0.4% user + 0.4% kernel
04-10 22:31:26.525   710  5116 E ActivityManager:     0.9% 2002/binder:710_1D: 0% user + 0.9% kernel
04-10 22:31:26.525   710  5116 E ActivityManager:     0.4% 724/binder:710_1: 0.4% user + 0% kernel
04-10 22:31:26.525   710  5116 E ActivityManager:     0.4% 748/ActivityManager: 0% user + 0.4% kernel
04-10 22:31:26.525   710  5116 E ActivityManager:     0.4% 753/ActivityManager: 0.4% user + 0% kernel
04-10 22:31:26.525   710  5116 E ActivityManager:     0.4% 755/OomAdjuster: 0.4% user + 0% kernel
04-10 22:31:26.525   710  5116 E ActivityManager:     0.4% 762/bgres-controlle: 0.4% user + 0% kernel
04-10 22:31:26.525   710  5116 E ActivityManager:     0.4% 844/binder:710_3: 0% user + 0.4% kernel
04-10 22:31:26.525   710  5116 E ActivityManager:     0.4% 845/binder:710_4: 0.4% user + 0% kernel
04-10 22:31:26.525   710  5116 E ActivityManager:     0.4% 858/SensorEventAckR: 0.4% user + 0% kernel
04-10 22:31:26.525   710  5116 E ActivityManager:     0.4% 860/SensorService: 0% user + 0.4% kernel
04-10 22:31:26.525   710  5116 E ActivityManager:     0.4% 880/InputDispatcher: 0% user + 0.4% kernel
04-10 22:31:26.526   710  5116 E ActivityManager:     0.4% 918/tworkPolicy.uid: 0.4% user + 0% kernel
04-10 22:31:26.526   710  5116 E ActivityManager:     0.4% 927/ConnectivitySer: 0.4% user + 0% kernel
04-10 22:31:26.526   710  5116 E ActivityManager:     0.4% 948/AudioPortEventH: 0% user + 0.4% kernel
04-10 22:31:26.526   710  5116 E ActivityManager:     0.4% 958/UEventObserver: 0% user + 0.4% kernel
04-10 22:31:26.526   710  5116 E ActivityManager:     0.4% 959/backup: 0% user + 0.4% kernel
04-10 22:31:26.526   710  5116 E ActivityManager:     0.4% 965/BlobStore: 0% user + 0.4% kernel
04-10 22:31:26.526   710  5116 E ActivityManager:     0.4% 1105/binder:710_7: 0% user + 0.4% kernel
04-10 22:31:26.526   710  5116 E ActivityManager:     0.4% 1147/binder:710_8: 0% user + 0.4% kernel
04-10 22:31:26.526   710  5116 E ActivityManager:     0.4% 1168/binder:710_9: 0% user + 0.4% kernel
04-10 22:31:26.526   710  5116 E ActivityManager:     0.4% 1455/binder:710_D: 0.4% user + 0% kernel
04-10 22:31:26.526   710  5116 E ActivityManager:     0.4% 1746/binder:710_11: 0% user + 0.4% kernel
04-10 22:31:26.526   710  5116 E ActivityManager:     0.4% 1912/binder:710_14: 0.4% user + 0% kernel
04-10 22:31:26.526   710  5116 E ActivityManager:     0.4% 1916/binder:710_16: 0% user + 0.4% kernel
04-10 22:31:26.526   710  5116 E ActivityManager:     0.4% 1919/binder:710_17: 0% user + 0.4% kernel
04-10 22:31:26.526   710  5116 E ActivityManager:     0.4% 1926/binder:710_18: 0.4% user + 0% kernel
04-10 22:31:26.526   710  5116 E ActivityManager:     0.4% 2489/binder:710_1E: 0.4% user + 0% kernel
04-10 22:31:26.526   710  5116 E ActivityManager:     0.4% 2506/binder:710_20: 0% user + 0.4% kernel
04-10 22:31:26.526   710  5116 E ActivityManager:    +0% 5337/AnrMainProcessD: 0% user + 0% kernel
04-10 22:31:26.526   710  5116 E ActivityManager:   36% 67/kswapd0: 0% user + 36% kernel
04-10 22:31:26.526   710  5116 E ActivityManager:   16% 1060/com.android.systemui: 8.2% user + 7.8% kernel / faults: 630 minor 28 major
04-10 22:31:26.526   710  5116 E ActivityManager:     5.7% 1238/RenderThread: 1.6% user + 4.1% kernel
04-10 22:31:26.526   710  5116 E ActivityManager:     4.9% 1060/ndroid.systemui: 3.7% user + 1.2% kernel
04-10 22:31:26.526   710  5116 E ActivityManager:     1.2% 1075/Jit thread pool: 0.8% user + 0.4% kernel
04-10 22:31:26.526   710  5116 E ActivityManager:     0.8% 1199/SysUiBg: 0.4% user + 0.4% kernel
04-10 22:31:26.526   710  5116 E ActivityManager:     0.8% 1202/SystemUIBg-3: 0.4% user + 0.4% kernel
04-10 22:31:26.526   710  5116 E ActivityManager:     0.4% 1076/HeapTaskDaemon: 0% user + 0.4% kernel
04-10 22:31:26.526   710  5116 E ActivityManager:     0.4% 1165/wmshell.main: 0% user + 0.4% kernel
04-10 22:31:26.526   710  5116 E ActivityManager:     0.4% 1196/SystemUIBg-1: 0.4% user + 0% kernel
04-10 22:31:26.526   710  5116 E ActivityManager:     0.4% 1200/SystemUIBg-2: 0% user + 0.4% kernel
04-10 22:31:26.526   710  5116 E ActivityManager:     0.4% 1677/TimeTick: 0.4% user + 0% kernel
04-10 22:31:26.526   710  5116 E ActivityManager:     0.4% 4324/binder:1060_F: 0.4% user + 0% kernel
04-10 22:31:26.526   710  5116 E ActivityManager:   18% 4880/com.google.android.calendar: 9.6% user + 8.7% kernel / faults: 1074 minor 21 major
04-10 22:31:26.526   710  5116 E ActivityManager:     7.7% 4880/ndroid.calendar: 4.3% user + 3.3% kernel
04-10 22:31:26.526   710  5116 E ActivityManager:     3.8% 4890/Signal Catcher: 1.9% user + 1.9% kernel
04-10 22:31:26.526   710  5116 E ActivityManager:     1.4% 4912/HeapTaskDaemon: 0.9% user + 0.4% kernel
04-10 22:31:26.526   710  5116 E ActivityManager:     0.4% 4892/Jit thread pool: 0% user + 0.4% kernel
04-10 22:31:26.526   710  5116 E ActivityManager:    +0% 5341/Primes-1: 0% user + 0% kernel
04-10 22:31:26.526   710  5116 E ActivityManager:    +0% 5342/Primes-nativecr: 0% user + 0% kernel
04-10 22:31:26.526   710  5116 E ActivityManager:    +0% 5344/BACKGROUND_1: 0% user + 0% kernel
04-10 22:31:26.526   710  5116 E ActivityManager:    +0% 5348/SharedPreferenc: 0% user + 0% kernel
04-10 22:31:26.526   710  5116 E ActivityManager:   10% 505/surfaceflinger: 4.2% user + 6.2% kernel / faults: 2 minor
04-10 22:31:26.526   710  5116 E ActivityManager:     2.3% 505/surfaceflinger: 0.9% user + 1.4% kernel
04-10 22:31:26.526   710  5116 E ActivityManager:     2.3% 590/binder:505_4: 1.9% user + 0.4% kernel
04-10 22:31:26.526   710  5116 E ActivityManager:     1.4% 588/binder:505_3: 0.4% user + 0.9% kernel
04-10 22:31:26.526   710  5116 E ActivityManager:     0.9% 569/TimerDispatch: 0.4% user + 0.4% kernel
04-10 22:31:26.526   710  5116 E ActivityManager:     0.4% 521/binder:505_1: 0% user + 0.4% kernel
04-10 22:31:26.526   710  5116 E ActivityManager:     0.4% 534/RenderEngine: 0% user + 0.4% kernel
04-10 22:31:26.526   710  5116 E ActivityManager:     0.4% 570/app: 0% user + 0.4% kernel
04-10 22:31:26.526   710  5116 E ActivityManager:     0.4% 572/RegionSampling: 0% user + 0.4% kernel
04-10 22:31:26.526   710  5116 E ActivityManager:     0.4% 574/RegSampIdle: 0% user + 0.4% kernel
04-10 22:31:26.526   710  5116 E ActivityManager:     0.4% 579/BckgrndExec HP: 0.4% user + 0% kernel
04-10 22:31:26.526   710  5116 E ActivityManager:     0.4% 877/BckgrndExec WL: 0% user + 0.4% kernel
04-10 22:31:26.526   710  5116 E ActivityManager:   9.9% 4603/com.google.android.gms.persistent: 8.1% user + 1.8% kernel / faults: 180 minor 1 major
04-10 22:31:26.526   710  5116 E ActivityManager:     5.8% 4608/HeapTaskDaemon: 5.4% user + 0.4% kernel
04-10 22:31:26.526   710  5116 E ActivityManager:     0.9% 4603/.gms.persistent: 0.4% user + 0.4% kernel
04-10 22:31:26.526   710  5116 E ActivityManager:     0.9% 5145/highpool[4]: 0.4% user + 0.4% kernel
04-10 22:31:26.526   710  5116 E ActivityManager:     0.4% 4832/lowpool[1]: 0.4% user + 0% kernel
04-10 22:31:26.526   710  5116 E ActivityManager:     0.4% 5016/FlpThread: 0% user + 0.4% kernel
04-10 22:31:26.526   710  5116 E ActivityManager:    +0% 5359/pool-103-thread: 0% user + 0% kernel
04-10 22:31:26.526   710  5116 E ActivityManager:   11% 5225/crash_dump64: 6.5% user + 4.5% kernel / faults: 141 minor 8 major
04-10 22:31:26.526   710  5116 E ActivityManager:   8.1% 4626/com.google.android.apps.nexuslauncher: 3.1% user + 5% kernel / faults: 24 minor
04-10 22:31:26.526   710  5116 E ActivityManager:     4% 4734/RenderThread: 1.8% user + 2.2% kernel
04-10 22:31:26.526   710  5116 E ActivityManager:     2.2% 4626/s.nexuslauncher: 0.9% user + 1.3% kernel
04-10 22:31:26.526   710  5116 E ActivityManager:     0.9% 4663/binder:4626_3: 0.4% user + 0.4% kernel
04-10 22:31:26.526   710  5116 E ActivityManager:     0.4% 5133/binder:4626_7: 0.4% user + 0% kernel
04-10 22:31:26.526   710  5116 E ActivityManager:   8.7% 5045/com.android.vending: 5.3% user + 3.3% kernel / faults: 82 minor 24 major
04-10 22:31:26.526   710  5116 E ActivityManager:     3.3% 5045/android.vending: 1.4% user + 1.9% kernel
04-10 22:31:26.526   710  5116 E ActivityManager:     3.3% 5078/HeapTaskDaemon: 2.9% user + 0.4% kernel
04-10 22:31:26.526   710  5116 E ActivityManager:     0.9% 5316/ValueStore-0: 0.4% user + 0.4% kernel
04-10 22:31:26.526   710  5116 E ActivityManager:     0.4% 5309/LightweightExec: 0% user + 0.4% kernel
04-10 22:31:26.526   710  5116 E ActivityManager:    +0% 5347/Scheduler Threa: 0% user + 0% kernel
04-10 22:31:26.526   710  5116 E ActivityManager:   8.8% 5158/com.google.android.apps.wallpaper: 4.9% user + 3.9% kernel / faults: 353 minor 14 major
04-10 22:31:26.526   710  5116 E ActivityManager:     2.4% 5295/DefaultDispatch: 1.4% user + 0.9% kernel
04-10 22:31:26.526   710  5116 E ActivityManager:     1.4% 5209/binder:5158_1: 0.9% user + 0.4% kernel
04-10 22:31:26.526   710  5116 E ActivityManager:     0.9% 5296/DefaultDispatch: 0.4% user + 0.4% kernel
04-10 22:31:26.526   710  5116 E ActivityManager:     0.9% 5302/DefaultDispatch: 0.4% user + 0.4% kernel
04-10 22:31:26.526   710  5116 E ActivityManager:     0.4% 5292/DefaultDispatch: 0% user + 0.4% kernel
04-10 22:31:26.526   710  5116 E ActivityManager:     0.4% 5293/DefaultDispatch: 0.4% user + 0% kernel
04-10 22:31:26.526   710  5116 E ActivityManager:     0.4% 5294/DefaultDispatch: 0.4% user + 0% kernel
04-10 22:31:26.526   710  5116 E ActivityManager:     0.4% 5304/DefaultDispatch: 0.4% user + 0% kernel
04-10 22:31:26.526   710  5116 E ActivityManager:    +0% 5343/pool-9-thread-1: 0% user + 0% kernel
04-10 22:31:26.526   710  5116 E ActivityManager:    +0% 5349/DefaultDispatch: 0% user + 0% kernel
04-10 22:31:26.526   710  5116 E ActivityManager:    +0% 5351/DefaultDispatch: 0% user + 0% kernel
04-10 22:31:26.526   710  5116 E ActivityManager:    +0% 5364/grpc-timer-0: 0% user + 0% kernel
04-10 22:31:26.526   710  5116 E ActivityManager:   5.6% 449/android.hardware.sensors-service.multihal: 2.6% user + 3% kernel
04-10 22:31:26.526   710  5116 E ActivityManager:     5.2% 473/android.hardwar: 2.1% user + 3% kernel
04-10 22:31:26.526   710  5116 E ActivityManager:     0.4% 474/android.hardwar: 0.4% user + 0% kernel
04-10 22:31:26.526   710  5116 E ActivityManager:   5.9% 5187/com.google.android.googlequicksearchbox:googleapp: 3.9% user + 1.9% kernel / faults: 328 minor
04-10 22:31:26.526   710  5116 E ActivityManager:     2.4% 5276/Blocking Thread: 1.9% user + 0.4% kernel
04-10 22:31:26.526   710  5116 E ActivityManager:     0.9% 5199/HeapTaskDaemon: 0.4% user + 0.4% kernel
04-10 22:31:26.526   710  5116 E ActivityManager:     0.4% 5187/chbox:googleapp: 0.4% user + 0% kernel
04-10 22:31:26.526   710  5116 E ActivityManager:     0.4% 5338/BG Thread #2: 0.4% user + 0% kernel
04-10 22:31:26.526   710  5116 E ActivityManager:   4.1% 227/kworker/u16:4-writeback: 0% user + 4.1% kernel
04-10 22:31:26.526   710  5116 E ActivityManager:   5.1% 458/android.hardware.graphics.composer3-service.ranchu: 2.8% user + 2.3% kernel
04-10 22:31:26.526   710  5116 E ActivityManager:     2.8% 557/_thread: 0.9% user + 1.8% kernel
04-10 22:31:26.526   710  5116 E ActivityManager:     2.3% 1370/binder:458_2: 1.8% user + 0.4% kernel
04-10 22:31:26.526   710  5116 E ActivityManager:   4.7% 512/adbd: 1.8% user + 2.8% kernel
04-10 22:31:26.526   710  5116 E ActivityManager:     1.4% 512/adbd: 0.4% user + 0.9% kernel
04-10 22:31:26.526   710  5116 E ActivityManager:     1.4% 543/adbd: 0.4% user + 0.9% kernel
04-10 22:31:26.526   710  5116 E ActivityManager:     0.4% 542/adbd: 0% user + 0.4% kernel
04-10 22:31:26.526   710  5116 E ActivityManager:     0.4% 5326/shell svc 5324: 0% user + 0.4% kernel
04-10 22:31:26.526   710  5116 E ActivityManager:   4.9% 5157/com.google.android.inputmethod.latin: 2.9% user + 1.9% kernel / faults: 127 minor 29 major
04-10 22:31:26.526   710  5116 E ActivityManager:     5.4% 5157/putmethod.latin: 2.9% user + 2.4% kernel
04-10 22:31:26.526   710  5116 E ActivityManager:   4.9% 5168/com.google.android.permissioncontroller: 1.4% user + 3.4% kernel / faults: 100 minor 39 major
04-10 22:31:26.526   710  5116 E ActivityManager:     5.4% 5168/ssioncontroller: 1.4% user + 3.9% kernel
04-10 22:31:26.526   710  5116 E ActivityManager:   3% 288/lmkd: 1.5% user + 1.5% kernel
04-10 22:31:26.526   710  5116 E ActivityManager:     2.2% 288/lmkd: 1.5% user + 0.7% kernel
04-10 22:31:26.526   710  5116 E ActivityManager:     0.7% 294/lmkd_reaper0: 0% user + 0.7% kernel
04-10 22:31:26.526   710  5116 E ActivityManager:   2.6% 287/logd: 1.1% user + 1.5% kernel / faults: 42 minor 11 major
04-10 22:31:26.526   710  5116 E ActivityManager:     1.8% 299/logd.writer: 0.7% user + 1.1% kernel
04-10 22:31:26.526   710  5116 E ActivityManager:     0.7% 301/logd.auditd: 0% user + 0.7% kernel
04-10 22:31:26.526   710  5116 E ActivityManager:   3% 436/zygote64: 0% user + 3% kernel / faults: 45 minor
04-10 22:31:26.526   710  5116 E ActivityManager:   2.2% 99/kworker/3:2H-kverityd: 0% user + 2.2% kernel
04-10 22:31:26.526   710  5116 E ActivityManager:   2.2% 216/kworker/u16:2-loop12: 0% user + 2.2% kernel
04-10 22:31:26.526   710  5116 E ActivityManager:   1.8% 4714/com.android.phone: 0.9% user + 0.9% kernel / faults: 25 minor 3 major
04-10 22:31:26.526   710  5116 E ActivityManager:     0.9% 4714/m.android.phone: 0.4% user + 0.4% kernel
04-10 22:31:26.526   710  5116 E ActivityManager:     0.4% 5091/binder:4714_4: 0.4% user + 0% kernel
04-10 22:31:26.526   710  5116 E ActivityManager:   1% 18/rcu_preempt: 0% user + 1% kernel
04-10 22:31:26.526   710  5116 E ActivityManager:   0.7% 103/ueventd: 0.7% user + 0% kernel
04-10 22:31:26.526   710  5116 E ActivityManager:   0.3% 21/rcub/0: 0% user + 0.3% kernel
04-10 22:31:26.526   710  5116 E ActivityManager:   0.3% 30/ksoftirqd/1: 0% user + 0.3% kernel
04-10 22:31:26.526   710  5116 E ActivityManager:   0.3% 33/rcuop/1: 0% user + 0.3% kernel
04-10 22:31:26.526   710  5116 E ActivityManager:   0.3% 40/rcuog/2: 0% user + 0.3% kernel
04-10 22:31:26.526   710  5116 E ActivityManager:   0.3% 45/ksoftirqd/3: 0% user + 0.3% kernel
04-10 22:31:26.526   710  5116 E ActivityManager:   0.3% 46/kworker/3:0-mm_percpu_wq: 0% user + 0.3% kernel
04-10 22:31:26.526   710  5116 E ActivityManager:   0.3% 48/rcuop/3: 0% user + 0.3% kernel
04-10 22:31:26.526   710  5116 E ActivityManager:   0.3% 65/kworker/1:1-mm_percpu_wq: 0% user + 0.3% kernel
04-10 22:31:26.526   710  5116 E ActivityManager:   0.3% 97/erofs_worker/3: 0% user + 0.3% kernel
04-10 22:31:26.526   710  5116 E ActivityManager:   0.3% 292/psimon: 0% user + 0.3% kernel
04-10 22:31:26.526   710  5116 E ActivityManager:   0.4% 330/kworker/u17:2-fscrypt_read_queue: 0% user + 0.4% kernel
04-10 22:31:26.526   710  5116 E ActivityManager:   0.4% 435/statsd: 0% user + 0.4% kernel
04-10 22:31:26.526   710  5116 E ActivityManager:     0.4% 442/statsd.reader: 0% user + 0.4% kernel
04-10 22:31:26.526   710  5116 E ActivityManager:   0.4% 455/android.hardware.usb-service.example: 0.4% user + 0% kernel
04-10 22:31:26.526   710  5116 E ActivityManager:   0.4% 5146/kworker/2:1-virtio_vsock: 0% user + 0.4% kernel
04-10 22:31:26.526   710  5116 E ActivityManager:  +0% 5317/zygote64: 0% user + 0% kernel
04-10 22:31:26.526   710  5116 E ActivityManager:  +0% 5324/dumpsys: 0% user + 0% kernel
04-10 22:31:26.526   710  5116 E ActivityManager:  +0% 5346/<pre-initialized>: 0% user + 0% kernel
04-10 22:31:26.526   710  5116 E ActivityManager: 99% TOTAL: 31% user + 59% kernel + 8.3% irq + 0.7% softirq
04-10 22:31:26.997  5158  5393 E PhotosApiClient: Execution exception occurred: java.util.concurrent.ExecutionException: io.grpc.StatusRuntimeException: UNIMPLEMENTED: bindService(Intent { act=grpc.io.action.BIND xflg=0x4 cmp=com.google.android.apps.photos/.curatedwallpapers.apiservice.PhotosCuratedWallpapersApiService }) returned false
04-10 22:31:27.077   710  5115 E android.os.Debug: Failed to get binder state info for pid: 5045 status: -2: Success
04-10 22:31:27.318  4603  4603 E .gms.persistent: hiddenapi: Accessing hidden method Landroid/net/ConnectivityManager;->isNetworkTypeMobile(I)Z (runtime_flags=0, domain=platform, api=max-target-p) from Lbzxz; (domain=app, TargetSdkVersion=37) using reflection: denied
04-10 22:31:27.322  4603  4603 E .gms.persistent: hiddenapi: Accessing hidden method Landroid/os/PowerManager;->isLightDeviceIdleMode()Z (runtime_flags=0, domain=platform, api=max-target-s) from Lbzxz; (domain=app, TargetSdkVersion=37) using reflection: denied
04-10 22:31:27.414   710  5116 E ActivityManager: ANR in com.android.phone
04-10 22:31:27.414   710  5116 E ActivityManager: PID: 4714
04-10 22:31:27.414   710  5116 E ActivityManager: Reason: Process ProcessRecord{2290c25 4714:com.android.phone/1001} failed to complete startup
04-10 22:31:27.414   710  5116 E ActivityManager: ErrorId: e65afdbc-8b84-448e-bd5a-69d65bee8e7a
04-10 22:31:27.414   710  5116 E ActivityManager: Frozen: false
04-10 22:31:27.414   710  5116 E ActivityManager: Load: 0.0 / 0.0 / 0.0
04-10 22:31:27.414   710  5116 E ActivityManager: ----- Output from /proc/pressure/memory -----
04-10 22:31:27.414   710  5116 E ActivityManager: some avg10=8.56 avg60=3.88 avg300=1.85 total=8819006
04-10 22:31:27.414   710  5116 E ActivityManager: full avg10=5.36 avg60=2.36 avg300=1.06 total=5328135
04-10 22:31:27.414   710  5116 E ActivityManager: ----- End output from /proc/pressure/memory -----
04-10 22:31:27.414   710  5116 E ActivityManager: ----- Output from /proc/pressure/cpu -----
04-10 22:31:27.414   710  5116 E ActivityManager: some avg10=75.37 avg60=80.73 avg300=52.10 total=246322884
04-10 22:31:27.414   710  5116 E ActivityManager: full avg10=0.00 avg60=0.00 avg300=0.00 total=0
04-10 22:31:27.414   710  5116 E ActivityManager: ----- End output from /proc/pressure/cpu -----
04-10 22:31:27.414   710  5116 E ActivityManager: ----- Output from /proc/pressure/io -----
04-10 22:31:27.414   710  5116 E ActivityManager: some avg10=40.44 avg60=39.95 avg300=27.89 total=140619457
04-10 22:31:27.414   710  5116 E ActivityManager: full avg10=0.13 avg60=0.41 avg300=1.00 total=8116289
04-10 22:31:27.414   710  5116 E ActivityManager: ----- End output from /proc/pressure/io -----
04-10 22:31:27.414   710  5116 E ActivityManager: 
04-10 22:31:27.414   710  5116 E ActivityManager: CPU usage from 8804ms to 562ms ago (2026-04-10 22:31:18.169 to 2026-04-10 22:31:26.411):
04-10 22:31:27.414   710  5116 E ActivityManager:   101% 710/system_server: 41% user + 59% kernel / faults: 12028 minor 49 major
04-10 22:31:27.414   710  5116 E ActivityManager:   22% 67/kswapd0: 0% user + 22% kernel
04-10 22:31:27.414   710  5116 E ActivityManager:   23% 5225/crash_dump64: 13% user + 9.5% kernel / faults: 2829 minor 51 major
04-10 22:31:27.414   710  5116 E ActivityManager:   12% 5045/com.android.vending: 6.5% user + 6% kernel / faults: 1543 minor 117 major
04-10 22:31:27.414   710  5116 E ActivityManager:   12% 505/surfaceflinger: 5.5% user + 6.7% kernel / faults: 5 minor 2 major
04-10 22:31:27.414   710  5116 E ActivityManager:   10% 1060/com.android.systemui: 5.7% user + 4.4% kernel / faults: 1305 minor 31 major
04-10 22:31:27.414   710  5116 E ActivityManager:   7.2% 458/android.hardware.graphics.composer3-service.ranchu: 3.7% user + 3.5% kernel
04-10 22:31:27.414   710  5116 E ActivityManager:   6.6% 449/android.hardware.sensors-service.multihal: 3.1% user + 3.5% kernel
04-10 22:31:27.414   710  5116 E ActivityManager:   6.5% 4880/com.google.android.calendar: 3.6% user + 2.8% kernel / faults: 1255 minor 22 major
04-10 22:31:27.414   710  5116 E ActivityManager:   6.1% 4603/com.google.android.gms.persistent: 4.7% user + 1.3% kernel / faults: 379 minor 3 major
04-10 22:31:27.414   710  5116 E ActivityManager: 99% TOTAL: 35% user + 54% kernel + 0.5% iowait + 7.7% irq + 0.7% softirq
04-10 22:31:27.414   710  5116 E ActivityManager: CPU usage from 342628ms to 342628ms ago (1970-01-01 05:30:00.000 to 1970-01-01 05:30:00.000) with 0% awake:
04-10 22:31:27.414   710  5116 E ActivityManager: 0% TOTAL: 0% user + 0% kernel
04-10 22:31:28.106   710  5116 E ActivityManager: ANR in com.google.android.calendar
04-10 22:31:28.106   710  5116 E ActivityManager: PID: 4880
04-10 22:31:28.106   710  5116 E ActivityManager: Reason: Process ProcessRecord{3aa70a1 4880:com.google.android.calendar/u0a161} failed to complete startup
04-10 22:31:28.106   710  5116 E ActivityManager: ErrorId: 4b62b5cc-0c42-4737-854d-819b380cc09d
04-10 22:31:28.106   710  5116 E ActivityManager: Frozen: false
04-10 22:31:28.106   710  5116 E ActivityManager: Load: 0.0 / 0.0 / 0.0
04-10 22:31:28.106   710  5116 E ActivityManager: ----- Output from /proc/pressure/memory -----
04-10 22:31:28.106   710  5116 E ActivityManager: some avg10=7.01 avg60=3.75 avg300=1.84 total=8833448
04-10 22:31:28.106   710  5116 E ActivityManager: full avg10=4.38 avg60=2.28 avg300=1.05 total=5340501
04-10 22:31:28.106   710  5116 E ActivityManager: ----- End output from /proc/pressure/memory -----
04-10 22:31:28.106   710  5116 E ActivityManager: ----- Output from /proc/pressure/cpu -----
04-10 22:31:28.106   710  5116 E ActivityManager: some avg10=76.93 avg60=80.84 avg300=52.32 total=247013799
04-10 22:31:28.106   710  5116 E ActivityManager: full avg10=0.00 avg60=0.00 avg300=0.00 total=0
04-10 22:31:28.106   710  5116 E ActivityManager: ----- End output from /proc/pressure/cpu -----
04-10 22:31:28.106   710  5116 E ActivityManager: ----- Output from /proc/pressure/io -----
04-10 22:31:28.106   710  5116 E ActivityManager: some avg10=40.00 avg60=39.88 avg300=27.96 total=140974792
04-10 22:31:28.106   710  5116 E ActivityManager: full avg10=0.11 avg60=0.39 avg300=0.99 total=8116342
04-10 22:31:28.106   710  5116 E ActivityManager: ----- End output from /proc/pressure/io -----
04-10 22:31:28.106   710  5116 E ActivityManager: 
04-10 22:31:28.106   710  5116 E ActivityManager: CPU usage from 9677ms to 1435ms ago (2026-04-10 22:31:18.169 to 2026-04-10 22:31:26.411):
04-10 22:31:28.106   710  5116 E ActivityManager:   101% 710/system_server: 41% user + 59% kernel / faults: 12028 minor 49 major
04-10 22:31:28.106   710  5116 E ActivityManager:   22% 67/kswapd0: 0% user + 22% kernel
04-10 22:31:28.106   710  5116 E ActivityManager:   23% 5225/crash_dump64: 13% user + 9.5% kernel / faults: 2829 minor 51 major
04-10 22:31:28.106   710  5116 E ActivityManager:   12% 5045/com.android.vending: 6.5% user + 6% kernel / faults: 1543 minor 117 major
04-10 22:31:28.106   710  5116 E ActivityManager:   12% 505/surfaceflinger: 5.5% user + 6.7% kernel / faults: 5 minor 2 major
04-10 22:31:28.106   710  5116 E ActivityManager:   10% 1060/com.android.systemui: 5.7% user + 4.4% kernel / faults: 1305 minor 31 major
04-10 22:31:28.106   710  5116 E ActivityManager:   7.2% 458/android.hardware.graphics.composer3-service.ranchu: 3.7% user + 3.5% kernel
04-10 22:31:28.106   710  5116 E ActivityManager:   6.6% 449/android.hardware.sensors-service.multihal: 3.1% user + 3.5% kernel
04-10 22:31:28.106   710  5116 E ActivityManager:   6.5% 4880/com.google.android.calendar: 3.6% user + 2.8% kernel / faults: 1255 minor 22 major
04-10 22:31:28.106   710  5116 E ActivityManager:   6.1% 4603/com.google.android.gms.persistent: 4.7% user + 1.3% kernel / faults: 379 minor 3 major
04-10 22:31:28.106   710  5116 E ActivityManager: 99% TOTAL: 35% user + 54% kernel + 0.5% iowait + 7.7% irq + 0.7% softirq
04-10 22:31:28.106   710  5116 E ActivityManager: CPU usage from 343501ms to 343501ms ago (1970-01-01 05:30:00.000 to 1970-01-01 05:30:00.000) with 0% awake:
04-10 22:31:28.106   710  5116 E ActivityManager: 0% TOTAL: 0% user + 0% kernel
04-10 22:31:28.752   710  1766 E libbinder.IPCThreadState: Binder transaction failure. id: 138742, cmd: BR_DEAD_REPLY (29189), error: -3 (No such process)
04-10 22:31:29.282  5168  5168 E FeatureFlagsImplExport: android.os.flagging.AconfigStorageReadException: ERROR_PACKAGE_NOT_FOUND: package android.xr cannot be found on the device
04-10 22:31:29.791   710  1746 E AppOps  : Bad call made by uid 1000. Package "com.google.android.googlequicksearchbox" does not belong to uid 1000.
04-10 22:31:30.009   710  5116 E ActivityManager: ANR in com.android.vending
04-10 22:31:30.009   710  5116 E ActivityManager: PID: 5045
04-10 22:31:30.009   710  5116 E ActivityManager: Reason: Process ProcessRecord{5aa34eb 5045:com.android.vending/u0a154} failed to complete startup
04-10 22:31:30.009   710  5116 E ActivityManager: ErrorId: dbbc6cfa-3d87-458e-9678-447211fc7d5c
04-10 22:31:30.009   710  5116 E ActivityManager: Frozen: false
04-10 22:31:30.009   710  5116 E ActivityManager: Load: 0.0 / 0.0 / 0.0
04-10 22:31:30.009   710  5116 E ActivityManager: ----- Output from /proc/pressure/memory -----
04-10 22:31:30.009   710  5116 E ActivityManager: some avg10=7.01 avg60=3.75 avg300=1.84 total=8833451
04-10 22:31:30.009   710  5116 E ActivityManager: full avg10=4.38 avg60=2.28 avg300=1.05 total=5340505
04-10 22:31:30.009   710  5116 E ActivityManager: ----- End output from /proc/pressure/memory -----
04-10 22:31:30.009   710  5116 E ActivityManager: ----- Output from /proc/pressure/cpu -----
04-10 22:31:30.009   710  5116 E ActivityManager: some avg10=76.93 avg60=80.84 avg300=52.32 total=247231957
04-10 22:31:30.009   710  5116 E ActivityManager: full avg10=0.00 avg60=0.00 avg300=0.00 total=0
04-10 22:31:30.009   710  5116 E ActivityManager: ----- End output from /proc/pressure/cpu -----
04-10 22:31:30.009   710  5116 E ActivityManager: ----- Output from /proc/pressure/io -----
04-10 22:31:30.009   710  5116 E ActivityManager: some avg10=40.00 avg60=39.88 avg300=27.96 total=141123706
04-10 22:31:30.009   710  5116 E ActivityManager: full avg10=0.11 avg60=0.39 avg300=0.99 total=8116837
04-10 22:31:30.009   710  5116 E ActivityManager: ----- End output from /proc/pressure/io -----
04-10 22:31:30.009   710  5116 E ActivityManager: 
04-10 22:31:30.009   710  5116 E ActivityManager: CPU usage from 9989ms to 1747ms ago (2026-04-10 22:31:18.169 to 2026-04-10 22:31:26.411):
04-10 22:31:30.009   710  5116 E ActivityManager:   101% 710/system_server: 41% user + 59% kernel / faults: 12028 minor 49 major
04-10 22:31:30.009   710  5116 E ActivityManager:   22% 67/kswapd0: 0% user + 22% kernel
04-10 22:31:30.009   710  5116 E ActivityManager:   23% 5225/crash_dump64: 13% user + 9.5% kernel / faults: 2829 minor 51 major
04-10 22:31:30.009   710  5116 E ActivityManager:   12% 5045/com.android.vending: 6.5% user + 6% kernel / faults: 1543 minor 117 major
04-10 22:31:30.009   710  5116 E ActivityManager:   12% 505/surfaceflinger: 5.5% user + 6.7% kernel / faults: 5 minor 2 major
04-10 22:31:30.009   710  5116 E ActivityManager:   10% 1060/com.android.systemui: 5.7% user + 4.4% kernel / faults: 1305 minor 31 major
04-10 22:31:30.009   710  5116 E ActivityManager:   7.2% 458/android.hardware.graphics.composer3-service.ranchu: 3.7% user + 3.5% kernel
04-10 22:31:30.009   710  5116 E ActivityManager:   6.6% 449/android.hardware.sensors-service.multihal: 3.1% user + 3.5% kernel
04-10 22:31:30.009   710  5116 E ActivityManager:   6.5% 4880/com.google.android.calendar: 3.6% user + 2.8% kernel / faults: 1255 minor 22 major
04-10 22:31:30.009   710  5116 E ActivityManager:   6.1% 4603/com.google.android.gms.persistent: 4.7% user + 1.3% kernel / faults: 379 minor 3 major
04-10 22:31:30.009   710  5116 E ActivityManager: 99% TOTAL: 35% user + 54% kernel + 0.5% iowait + 7.7% irq + 0.7% softirq
04-10 22:31:30.009   710  5116 E ActivityManager: CPU usage from 343813ms to 343813ms ago (1970-01-01 05:30:00.000 to 1970-01-01 05:30:00.000) with 0% awake:
04-10 22:31:30.009   710  5116 E ActivityManager: 0% TOTAL: 0% user + 0% kernel
04-10 22:31:30.035   710   750 E libprocessgroup: Unable to remove cgroup /sys/fs/cgroup/system/uid_1001/pid_4714: Device or resource busy
04-10 22:31:30.436  5157  5157 E LibraryModuleRegistry: LibraryModuleRegistry.register():48 Module mobilebert_classifier_android_jni has already been registered to integrated_shared_object
04-10 22:31:30.706  4603  5145 E libbinder.IPCThreadState: Binder transaction failure. id: 139446, cmd: BR_DEAD_REPLY (29189), error: -22 (Invalid argument)
04-10 22:31:31.142  4603  5145 E libbinder.IPCThreadState: Binder transaction failure. id: 139539, cmd: BR_DEAD_REPLY (29189), error: -22 (Invalid argument)
04-10 22:31:32.872   347   347 E tombstoned: Traces for pid 710 written to: trace_05
04-10 22:31:33.344  4603  4603 E NetworkScheduler: Compat called without init
04-10 22:31:33.348  4603  5305 E libbinder.IPCThreadState: Binder transaction failure. id: 140006, cmd: BR_DEAD_REPLY (29189), error: -22 (Invalid argument)
04-10 22:31:33.469  5459  5459 E ConfigUpdater: Content location is empty, ignoring update request.
04-10 22:31:34.849  4603  5145 E libbinder.IPCThreadState: Binder transaction failure. id: 141136, cmd: BR_DEAD_REPLY (29189), error: -22 (Invalid argument)
04-10 22:31:34.973   710  5337 E android.os.Debug: Failed to get binder state info for pid: 5157 status: -2: Success
04-10 22:31:35.036   710   734 E libbinder.Parcel: Reading a NULL string not supported here.
04-10 22:31:35.037   710   734 E ARProxy : Unknown descriptor: 
04-10 22:31:35.832  5498  5498 E CarrierIdProvider: read carrier list from ota pb failure: java.io.FileNotFoundException: /data/misc/carrierid/carrier_list.pb: open failed: ENOENT (No such file or directory)
04-10 22:31:36.197  4603  5635 E WakeLock: GCM_CONN_ALARM ** IS FORCE-RELEASED ON TIMEOUT ** [CONTEXT service_id=259 ]
04-10 22:31:36.502   710  5611 E ActivityManager: ANR in com.google.android.inputmethod.latin
04-10 22:31:36.502   710  5611 E ActivityManager: PID: 5157
04-10 22:31:36.502   710  5611 E ActivityManager: Reason: Process ProcessRecord{b9a7568 5157:com.google.android.inputmethod.latin/u0a168} failed to complete startup
04-10 22:31:36.502   710  5611 E ActivityManager: ErrorId: c3a4897f-02bb-45f7-ae52-289bc9bc7966
04-10 22:31:36.502   710  5611 E ActivityManager: Frozen: false
04-10 22:31:36.502   710  5611 E ActivityManager: Load: 0.0 / 0.0 / 0.0
04-10 22:31:36.502   710  5611 E ActivityManager: ----- Output from /proc/pressure/memory -----
04-10 22:31:36.502   710  5611 E ActivityManager: some avg10=7.15 avg60=4.13 avg300=1.97 total=9362843
04-10 22:31:36.502   710  5611 E ActivityManager: full avg10=3.75 avg60=2.40 avg300=1.11 total=5634326
04-10 22:31:36.502   710  5611 E ActivityManager: ----- End output from /proc/pressure/memory -----
04-10 22:31:36.502   710  5611 E ActivityManager: ----- Output from /proc/pressure/cpu -----
04-10 22:31:36.502   710  5611 E ActivityManager: some avg10=74.85 avg60=79.89 avg300=52.89 total=252286867
04-10 22:31:36.502   710  5611 E ActivityManager: full avg10=0.00 avg60=0.00 avg300=0.00 total=0
04-10 22:31:36.502   710  5611 E ActivityManager: ----- End output from /proc/pressure/cpu -----
04-10 22:31:36.502   710  5611 E ActivityManager: ----- Output from /proc/pressure/io -----
04-10 22:31:36.502   710  5611 E ActivityManager: some avg10=40.29 avg60=39.99 avg300=28.31 total=143962111
04-10 22:31:36.502   710  5611 E ActivityManager: full avg10=0.64 avg60=0.47 avg300=0.99 total=8199728
04-10 22:31:36.502   710  5611 E ActivityManager: ----- End output from /proc/pressure/io -----
04-10 22:31:36.502   710  5611 E ActivityManager: 
04-10 22:31:36.502   710  5611 E ActivityManager: CPU usage from 8463ms to -1ms ago (2026-04-10 22:31:26.411 to 2026-04-10 22:31:34.875):
04-10 22:31:36.502   710  5611 E ActivityManager:   97% 710/system_server: 47% user + 50% kernel / faults: 15015 minor 100 major
04-10 22:31:36.502   710  5611 E ActivityManager:   20% 1060/com.android.systemui: 11% user + 8.5% kernel / faults: 8006 minor 42 major
04-10 22:31:36.502   710  5611 E ActivityManager:   17% 5157/com.google.android.inputmethod.latin: 9% user + 8.4% kernel / faults: 3920 minor 214 major
04-10 22:31:36.502   710  5611 E ActivityManager:   13% 5317/zygote64: 7.1% user + 6.3% kernel / faults: 4981 minor 138 major
04-10 22:31:36.502   710  5611 E ActivityManager:   12% 505/surfaceflinger: 5.5% user + 7.4% kernel / faults: 11 minor 3 major
04-10 22:31:36.502   710  5611 E ActivityManager:   12% 67/kswapd0: 0% user + 12% kernel
04-10 22:31:36.502   710  5611 E ActivityManager:   12% 5158/com.google.android.apps.wallpaper: 7.6% user + 4.8% kernel / faults: 4211 minor 19 major
04-10 22:31:36.502   710  5611 E ActivityManager:   12% 4603/com.google.android.gms.persistent: 7.8% user + 4.3% kernel / faults: 2782 minor 65 major
04-10 22:31:36.502   710  5611 E ActivityManager:   6.5% 1936/artd: 2.7% user + 3.7% kernel / faults: 4049 minor 1 major
04-10 22:31:36.502   710  5611 E ActivityManager:   9% 5346/com.google.android.apps.wellbeing: 4.8% user + 4.2% kernel / faults: 2435 minor 96 major
04-10 22:31:36.502   710  5611 E ActivityManager: 99% TOTAL: 41% user + 49% kernel + 0.9% iowait + 7% irq + 0.8% softirq
04-10 22:31:36.502   710  5611 E ActivityManager: CPU usage from 350529ms to 350529ms ago (1970-01-01 05:30:00.000 to 1970-01-01 05:30:00.000) with 0% awake:
04-10 22:31:36.502   710  5611 E ActivityManager: 0% TOTAL: 0% user + 0% kernel
04-10 22:31:36.543  5482  5650 E droid.deskclock: hiddenapi: Accessing hidden field Ljava/util/Collections$SynchronizedCollection;->mutex:Ljava/lang/Object; (runtime_flags=0, domain=core-platform, api=max-target-o) from Lj$/util/DesugarCollections; (domain=app, TargetSdkVersion=33) using reflection: denied
04-10 22:31:36.544  5482  5650 E droid.deskclock: hiddenapi: Accessing hidden method Ljava/util/Collections$SynchronizedSet;-><init>(Ljava/util/Set;Ljava/lang/Object;)V (runtime_flags=0, domain=core-platform, api=max-target-o) from Lj$/util/DesugarCollections; (domain=app, TargetSdkVersion=33) using reflection: denied
04-10 22:31:36.545  5482  5650 E droid.deskclock: hiddenapi: Accessing hidden method Ljava/util/Collections$SynchronizedCollection;-><init>(Ljava/util/Collection;Ljava/lang/Object;)V (runtime_flags=0, domain=core-platform, api=max-target-o) from Lj$/util/DesugarCollections; (domain=app, TargetSdkVersion=33) using reflection: denied
04-10 22:31:37.620  5440  5647 E IntentOperationSvc: Dropping the index due to too many crashes. Continue as a fresh start.
04-10 22:31:39.543  5459  5459 E ConfigUpdater: Content location is empty, ignoring update request.
04-10 22:31:39.634  5459  5459 E ConfigUpdater: Content location is empty, ignoring update request.
04-10 22:31:40.319   710   883 E BluetoothSystemServer: BluetoothManagerService: TIMEOUT_BIND: Impossible to bind to Bluetooth service
04-10 22:31:41.422   710  5694 E ActivityManager: ANR in com.google.android.gms.persistent
04-10 22:31:41.422   710  5694 E ActivityManager: PID: 4603
04-10 22:31:41.422   710  5694 E ActivityManager: Reason: executing service com.google.android.gms/.chimera.PersistentBoundBrokerService, waited 34213ms
04-10 22:31:41.422   710  5694 E ActivityManager: ErrorId: 493dfa09-a8f0-4111-9e3a-a57a8f4f290e
04-10 22:31:41.422   710  5694 E ActivityManager: Frozen: false
04-10 22:31:41.422   710  5694 E ActivityManager: Load: 0.0 / 0.0 / 0.0
04-10 22:31:41.422   710  5694 E ActivityManager: ----- Output from /proc/pressure/memory -----
04-10 22:31:41.422   710  5694 E ActivityManager: some avg10=5.86 avg60=4.00 avg300=1.96 total=9378279
04-10 22:31:41.422   710  5694 E ActivityManager: full avg10=3.07 avg60=2.32 avg300=1.10 total=5634772
04-10 22:31:41.422   710  5694 E ActivityManager: ----- End output from /proc/pressure/memory -----
04-10 22:31:41.422   710  5694 E ActivityManager: ----- Output from /proc/pressure/cpu -----
04-10 22:31:41.422   710  5694 E ActivityManager: some avg10=75.42 avg60=79.83 avg300=53.06 total=254357688
04-10 22:31:41.422   710  5694 E ActivityManager: full avg10=0.00 avg60=0.00 avg300=0.00 total=0
04-10 22:31:41.422   710  5694 E ActivityManager: ----- End output from /proc/pressure/cpu -----
04-10 22:31:41.422   710  5694 E ActivityManager: ----- Output from /proc/pressure/io -----
04-10 22:31:41.422   710  5694 E ActivityManager: some avg10=42.23 avg60=40.35 avg300=28.47 total=145224988
04-10 22:31:41.422   710  5694 E ActivityManager: full avg10=0.52 avg60=0.45 avg300=0.98 total=8217987
04-10 22:31:41.422   710  5694 E ActivityManager: ----- End output from /proc/pressure/io -----
04-10 22:31:41.422   710  5694 E ActivityManager: 
04-10 22:31:41.422   710  5694 E ActivityManager: CPU usage from 2707ms to -3094ms ago (2026-04-10 22:31:34.875 to 2026-04-10 22:31:40.676):
04-10 22:31:41.422   710  5694 E ActivityManager:   86% 710/system_server: 45% user + 41% kernel / faults: 2673 minor 18 major
04-10 22:31:41.422   710  5694 E ActivityManager:   36% 4603/com.google.android.gms.persistent: 22% user + 13% kernel / faults: 5219 minor 61 major
04-10 22:31:41.422   710  5694 E ActivityManager:   30% 5440/com.google.android.gms: 17% user + 12% kernel / faults: 3540 minor 71 major
04-10 22:31:41.422   710  5694 E ActivityManager:   30% 54/kcompactd0: 0% user + 30% kernel
04-10 22:31:41.422   710  5694 E ActivityManager:   20% 5346/com.google.android.apps.wellbeing: 13% user + 7.4% kernel / faults: 3335 minor 10 major
04-10 22:31:41.422   710  5694 E ActivityManager:   17% 5509/com.google.android.as: 10% user + 7.4% kernel / faults: 3807 minor 61 major
04-10 22:31:41.422   710  5694 E ActivityManager:   14% 5158/com.google.android.apps.wallpaper: 8.1% user + 6.6% kernel / faults: 6345 minor 1 major
04-10 22:31:41.422   710  5694 E ActivityManager:   11% 1060/com.android.systemui: 8.7% user + 2.4% kernel / faults: 1974 minor 7 major
04-10 22:31:41.422   710  5694 E ActivityManager:   7.6% 5498/com.android.phone: 5.3% user + 2.2% kernel / faults: 1070 minor 30 major
04-10 22:31:41.422   710  5694 E ActivityManager:   7.4% 67/kswapd0: 0% user + 7.4% kernel
04-10 22:31:41.422   710  5694 E ActivityManager: 99% TOTAL: 44% user + 47% kernel + 0.3% iowait + 6.8% irq + 0.9% softirq
04-10 22:31:41.422   710  5694 E ActivityManager: CPU usage from 353237ms to 353237ms ago (1970-01-01 05:30:00.000 to 1970-01-01 05:30:00.000) with 0% awake:
04-10 22:31:41.422   710  5694 E ActivityManager: 0% TOTAL: 0% user + 0% kernel
04-10 22:31:41.518   710   883 E BluetoothSystemServer: BluetoothManagerService: Recovery #4 scheduled in 2M40S
04-10 22:31:42.069   710   748 E libbinder.IPCThreadState: Binder transaction failure. id: 145224, cmd: BR_DEAD_REPLY (29189), error: -3 (No such process)
04-10 22:31:42.312  5498  5498 E SatelliteController: SatelliteController was not yet initialized.
04-10 22:31:42.766   710   747 E PackageManager: Optimistic bind failed.
04-10 22:31:42.766   710   747 E PackageManager: java.util.concurrent.TimeoutException: [Optimistic Bind] Didn't bind to resolver in time!
04-10 22:31:42.766   710   747 E PackageManager: 	at com.android.server.pm.InstantAppResolverConnection.waitForBindLocked(InstantAppResolverConnection.java:160)
04-10 22:31:42.766   710   747 E PackageManager: 	at com.android.server.pm.InstantAppResolverConnection.bind(InstantAppResolverConnection.java:230)
04-10 22:31:42.766   710   747 E PackageManager: 	at com.android.server.pm.InstantAppResolverConnection.lambda$optimisticBind$0(InstantAppResolverConnection.java:260)
04-10 22:31:42.766   710   747 E PackageManager: 	at com.android.server.pm.InstantAppResolverConnection.$r8$lambda$66W2s2mMKe4pk_xXCScH9RCqav8(InstantAppResolverConnection.java:0)
04-10 22:31:42.766   710   747 E PackageManager: 	at com.android.server.pm.InstantAppResolverConnection$$ExternalSyntheticLambda0.run(R8$$SyntheticClass:0)
04-10 22:31:42.766   710   747 E PackageManager: 	at android.os.Handler.handleCallback(Handler.java:1095)
04-10 22:31:42.766   710   747 E PackageManager: 	at android.os.Handler.dispatchMessageImpl(Handler.java:135)
04-10 22:31:42.766   710   747 E PackageManager: 	at android.os.Handler.dispatchMessage(Handler.java:125)
04-10 22:31:42.766   710   747 E PackageManager: 	at android.os.Looper.loopOnce(Looper.java:292)
04-10 22:31:42.766   710   747 E PackageManager: 	at android.os.Looper.loop(Looper.java:393)
04-10 22:31:42.766   710   747 E PackageManager: 	at android.os.HandlerThread.run(HandlerThread.java:139)
04-10 22:31:47.461   710  1012 E PermissionControllerManager: Error updating user_sensitive flags for uid 1002
04-10 22:31:47.461   710  1012 E PermissionControllerManager: java.util.concurrent.TimeoutException
04-10 22:31:47.461   710  1012 E PermissionControllerManager: 	at com.android.internal.infra.AndroidFuture.triggerTimeout(AndroidFuture.java:289)
04-10 22:31:47.461   710  1012 E PermissionControllerManager: 	at com.android.internal.infra.AndroidFuture$$ExternalSyntheticLambda2.run(D8$$SyntheticClass:0)
04-10 22:31:47.461   710  1012 E PermissionControllerManager: 	at android.os.Handler.handleCallback(Handler.java:1095)
04-10 22:31:47.461   710  1012 E PermissionControllerManager: 	at android.os.Handler.dispatchMessageImpl(Handler.java:135)
04-10 22:31:47.461   710  1012 E PermissionControllerManager: 	at android.os.Handler.dispatchMessage(Handler.java:125)
04-10 22:31:47.461   710  1012 E PermissionControllerManager: 	at android.os.Looper.loopOnce(Looper.java:292)
04-10 22:31:47.461   710  1012 E PermissionControllerManager: 	at android.os.Looper.loop(Looper.java:393)
04-10 22:31:47.461   710  1012 E PermissionControllerManager: 	at android.os.HandlerThread.run(HandlerThread.java:139)
04-10 22:31:47.461   710  1012 E PermissionControllerManager: 	at com.android.server.ServiceThread.run(ServiceThread.java:46)
04-10 22:31:47.751  5498  5498 E TelephonyConfigUpdateInstallReceiver: Failed to read current content : /data/misc/telephonyconfig/valid_telephony_config.pb
04-10 22:31:48.180   710  1012 E PermissionControllerManager: Error updating user_sensitive flags for uid 1002
04-10 22:31:48.180   710  1012 E PermissionControllerManager: java.util.concurrent.TimeoutException
04-10 22:31:48.180   710  1012 E PermissionControllerManager: 	at com.android.internal.infra.AndroidFuture.triggerTimeout(AndroidFuture.java:289)
04-10 22:31:48.180   710  1012 E PermissionControllerManager: 	at com.android.internal.infra.AndroidFuture$$ExternalSyntheticLambda2.run(D8$$SyntheticClass:0)
04-10 22:31:48.180   710  1012 E PermissionControllerManager: 	at android.os.Handler.handleCallback(Handler.java:1095)
04-10 22:31:48.180   710  1012 E PermissionControllerManager: 	at android.os.Handler.dispatchMessageImpl(Handler.java:135)
04-10 22:31:48.180   710  1012 E PermissionControllerManager: 	at android.os.Handler.dispatchMessage(Handler.java:125)
04-10 22:31:48.180   710  1012 E PermissionControllerManager: 	at android.os.Looper.loopOnce(Looper.java:292)
04-10 22:31:48.180   710  1012 E PermissionControllerManager: 	at android.os.Looper.loop(Looper.java:393)
04-10 22:31:48.180   710  1012 E PermissionControllerManager: 	at android.os.HandlerThread.run(HandlerThread.java:139)
04-10 22:31:48.180   710  1012 E PermissionControllerManager: 	at com.android.server.ServiceThread.run(ServiceThread.java:46)
04-10 22:31:49.035  5459  5459 E ConfigUpdater: Content location is empty, ignoring update request.
04-10 22:31:49.266   288   295 E lowmemorykiller: process_mrelease 5158 failed: No such process
04-10 22:31:50.711  5498  5498 E SmsApplication: com.google.android.apps.messaging lost android:read_cell_broadcasts:  (fixing)
04-10 22:31:53.556  5498  5498 E TelephonyConfigUpdateInstallReceiver: Failed to read current content : /data/misc/telephonyconfig/valid_telephony_config.pb
04-10 22:31:53.824   288   295 E lowmemorykiller: process_mrelease 5836 failed: No such process
04-10 22:31:56.207  5498  5498 E SatelliteModemInterface: Unable to bind to the satellite service because the package is undefined.
04-10 22:31:56.231  5498  5498 E SessionMetricsStats: create new SessionMetricsStats.
04-10 22:31:56.237  5498  5498 E SatelliteController: registerForSatelliteCommunicationAccessStateChanged: SatelliteManager is null
04-10 22:31:57.033  5959  5959 E libbinder.Parcel: Reading a NULL string not supported here.
04-10 22:31:57.550  5959  5959 E libbinder.IPCThreadState: Binder transaction failure. id: 150233, cmd: BR_FAILED_REPLY (29201), error: -1 (Operation not permitted)
04-10 22:31:57.569  5959  5959 E libbinder.IPCThreadState: Binder transaction failure. id: 150239, cmd: BR_FAILED_REPLY (29201), error: -1 (Operation not permitted)
04-10 22:31:57.612  5959  5959 E libbinder.IPCThreadState: Binder transaction failure. id: 150250, cmd: BR_FAILED_REPLY (29201), error: -1 (Operation not permitted)
04-10 22:31:57.632  5959  5959 E libbinder.IPCThreadState: Binder transaction failure. id: 150283, cmd: BR_FAILED_REPLY (29201), error: -1 (Operation not permitted)
04-10 22:31:57.653  5959  5959 E libbinder.IPCThreadState: Binder transaction failure. id: 150294, cmd: BR_FAILED_REPLY (29201), error: -1 (Operation not permitted)
04-10 22:31:57.709  5959  5959 E libbinder.IPCThreadState: Binder transaction failure. id: 150312, cmd: BR_FAILED_REPLY (29201), error: -1 (Operation not permitted)
04-10 22:31:57.735  5959  5959 E libbinder.IPCThreadState: Binder transaction failure. id: 150319, cmd: BR_FAILED_REPLY (29201), error: -1 (Operation not permitted)
04-10 22:31:57.788  5959  5959 E libbinder.IPCThreadState: Binder transaction failure. id: 150335, cmd: BR_FAILED_REPLY (29201), error: -1 (Operation not permitted)
04-10 22:31:57.900  5959  5959 E libbinder.IPCThreadState: Binder transaction failure. id: 150370, cmd: BR_FAILED_REPLY (29201), error: -1 (Operation not permitted)
04-10 22:31:57.932  5959  5959 E libbinder.IPCThreadState: Binder transaction failure. id: 150376, cmd: BR_FAILED_REPLY (29201), error: -1 (Operation not permitted)
04-10 22:31:57.945  5959  5959 E libbinder.IPCThreadState: Binder transaction failure. id: 150386, cmd: BR_FAILED_REPLY (29201), error: -1 (Operation not permitted)
04-10 22:31:57.957  5959  5959 E libbinder.IPCThreadState: Binder transaction failure. id: 150394, cmd: BR_FAILED_REPLY (29201), error: -1 (Operation not permitted)
04-10 22:31:57.959  5959  5959 E libbinder.IPCThreadState: Binder transaction failure. id: 150398, cmd: BR_FAILED_REPLY (29201), error: -1 (Operation not permitted)
04-10 22:31:57.961  5959  5959 E libbinder.IPCThreadState: Binder transaction failure. id: 150402, cmd: BR_FAILED_REPLY (29201), error: -1 (Operation not permitted)
04-10 22:31:58.287  5959  5959 E libbinder.IPCThreadState: Binder transaction failure. id: 150590, cmd: BR_FAILED_REPLY (29201), error: -1 (Operation not permitted)
04-10 22:31:58.289  5959  5959 E libbinder.IPCThreadState: Binder transaction failure. id: 150595, cmd: BR_FAILED_REPLY (29201), error: -1 (Operation not permitted)
04-10 22:31:58.292  5959  5959 E libbinder.IPCThreadState: Binder transaction failure. id: 150599, cmd: BR_FAILED_REPLY (29201), error: -1 (Operation not permitted)
04-10 22:31:58.294  5959  5959 E libbinder.IPCThreadState: Binder transaction failure. id: 150603, cmd: BR_FAILED_REPLY (29201), error: -1 (Operation not permitted)
04-10 22:31:58.318  5959  5959 E libbinder.IPCThreadState: Binder transaction failure. id: 150610, cmd: BR_FAILED_REPLY (29201), error: -1 (Operation not permitted)
04-10 22:31:58.321  5959  5959 E libbinder.IPCThreadState: Binder transaction failure. id: 150614, cmd: BR_FAILED_REPLY (29201), error: -1 (Operation not permitted)
04-10 22:31:58.326  5959  5959 E libbinder.IPCThreadState: Binder transaction failure. id: 150618, cmd: BR_FAILED_REPLY (29201), error: -1 (Operation not permitted)
04-10 22:31:58.407  5959  5959 E libbinder.IPCThreadState: Binder transaction failure. id: 150630, cmd: BR_FAILED_REPLY (29201), error: -1 (Operation not permitted)
04-10 22:31:58.442  5959  5959 E libbinder.IPCThreadState: Binder transaction failure. id: 150641, cmd: BR_FAILED_REPLY (29201), error: -1 (Operation not permitted)
04-10 22:31:58.455  5959  5959 E libbinder.IPCThreadState: Binder transaction failure. id: 150646, cmd: BR_FAILED_REPLY (29201), error: -1 (Operation not permitted)
04-10 22:31:58.484  5959  5959 E libbinder.IPCThreadState: Binder transaction failure. id: 150653, cmd: BR_FAILED_REPLY (29201), error: -1 (Operation not permitted)
04-10 22:31:58.487  5959  5959 E libbinder.IPCThreadState: Binder transaction failure. id: 150657, cmd: BR_FAILED_REPLY (29201), error: -1 (Operation not permitted)
04-10 22:31:58.500  5959  5959 E libbinder.IPCThreadState: Binder transaction failure. id: 150663, cmd: BR_FAILED_REPLY (29201), error: -1 (Operation not permitted)
04-10 22:31:58.615  5959  5959 E libbinder.IPCThreadState: Binder transaction failure. id: 150714, cmd: BR_FAILED_REPLY (29201), error: -1 (Operation not permitted)
04-10 22:31:58.621  5959  5959 E libbinder.IPCThreadState: Binder transaction failure. id: 150719, cmd: BR_FAILED_REPLY (29201), error: -1 (Operation not permitted)
04-10 22:31:58.624  5959  5959 E libbinder.IPCThreadState: Binder transaction failure. id: 150723, cmd: BR_FAILED_REPLY (29201), error: -1 (Operation not permitted)
04-10 22:31:58.630  5959  5959 E libbinder.IPCThreadState: Binder transaction failure. id: 150727, cmd: BR_FAILED_REPLY (29201), error: -1 (Operation not permitted)
04-10 22:31:58.638  5959  5959 E libbinder.IPCThreadState: Binder transaction failure. id: 150735, cmd: BR_FAILED_REPLY (29201), error: -1 (Operation not permitted)
04-10 22:31:58.648  5959  5959 E libbinder.IPCThreadState: Binder transaction failure. id: 150741, cmd: BR_FAILED_REPLY (29201), error: -1 (Operation not permitted)
04-10 22:31:58.663  5959  5959 E libbinder.IPCThreadState: Binder transaction failure. id: 150747, cmd: BR_FAILED_REPLY (29201), error: -1 (Operation not permitted)
04-10 22:31:58.672  5959  5959 E libbinder.IPCThreadState: Binder transaction failure. id: 150753, cmd: BR_FAILED_REPLY (29201), error: -1 (Operation not permitted)
04-10 22:31:58.677  5959  5959 E libbinder.IPCThreadState: Binder transaction failure. id: 150757, cmd: BR_FAILED_REPLY (29201), error: -1 (Operation not permitted)
04-10 22:31:58.698  5959  5959 E libbinder.IPCThreadState: Binder transaction failure. id: 150761, cmd: BR_FAILED_REPLY (29201), error: -1 (Operation not permitted)
04-10 22:31:58.898  5959  5959 E libbinder.IPCThreadState: Binder transaction failure. id: 150851, cmd: BR_FAILED_REPLY (29201), error: -1 (Operation not permitted)
04-10 22:31:58.950  5959  5959 E libbinder.IPCThreadState: Binder transaction failure. id: 150858, cmd: BR_FAILED_REPLY (29201), error: -1 (Operation not permitted)
04-10 22:31:58.961  5959  5959 E libbinder.IPCThreadState: Binder transaction failure. id: 150865, cmd: BR_FAILED_REPLY (29201), error: -1 (Operation not permitted)
04-10 22:31:59.029  5509  5710 E Ambient : Installed publisher verification failed
04-10 22:31:59.053  5509  5710 E Ambient : Installed publisher verification failed
04-10 22:31:59.162  5959  5959 E libbinder.Parcel: Reading a NULL string not supported here.
04-10 22:31:59.590  5959  5959 E libbinder.IPCThreadState: Binder transaction failure. id: 151016, cmd: BR_FAILED_REPLY (29201), error: -1 (Operation not permitted)
04-10 22:31:59.676  5959  5959 E libbinder.Parcel: Reading a NULL string not supported here.
04-10 22:31:59.695  5959  5959 E libbinder.Parcel: Reading a NULL string not supported here.
04-10 22:31:59.866  5959  5959 E libbinder.Parcel: Reading a NULL string not supported here.
04-10 22:32:00.539   288   294 E lowmemorykiller: process_mrelease 5168 failed: No such process
04-10 22:32:00.939  5959  5959 E libbinder.Parcel: Reading a NULL string not supported here.
04-10 22:32:00.964  5959  5959 E libbinder.Parcel: Reading a NULL string not supported here.
04-10 22:32:00.968  5959  5959 E libbinder.Parcel: Reading a NULL string not supported here.
04-10 22:32:01.012  5959  5959 E libbinder.Parcel: Reading a NULL string not supported here.
04-10 22:32:01.017  5959  5959 E libbinder.Parcel: Reading a NULL string not supported here.
04-10 22:32:01.101  5959  5959 E libbinder.Parcel: Reading a NULL string not supported here.
04-10 22:32:01.165  5959  5959 E libbinder.Parcel: Reading a NULL string not supported here.
04-10 22:32:01.322  5346  5697 E FenceManagerImpl: <DWB> Failed to query lost fences
04-10 22:32:01.322  5346  5697 E FenceManagerImpl: FenceOperationException(errorCode=TIMEOUT_ERROR, gmsCoreApiException=null, gmsCoreApiAvailabilityException=null, cause=oic: Timed out (timeout delayed by 49 ms after scheduled time): kud@994463f[status=PENDING, info=[kfi@5434b0c]])
04-10 22:32:01.322  5346  5697 E FenceManagerImpl: 	at giy.b(PG:1398)
04-10 22:32:01.322  5346  5697 E FenceManagerImpl: 	at quq.p(PG:11)
04-10 22:32:01.322  5346  5697 E FenceManagerImpl: 	at rah.run(PG:99)
04-10 22:32:01.322  5346  5697 E FenceManagerImpl: 	at lli.run(PG:36)
04-10 22:32:01.322  5346  5697 E FenceManagerImpl: 	at kpo.run(PG:7)
04-10 22:32:01.322  5346  5697 E FenceManagerImpl: 	at odi.run(PG:44)
04-10 22:32:01.322  5346  5697 E FenceManagerImpl: 	at bm.run(PG:389)
04-10 22:32:01.322  5346  5697 E FenceManagerImpl: 	at java.lang.Thread.run(Thread.java:1572)
04-10 22:32:01.322  5346  5697 E FenceManagerImpl: 	at kra.run(PG:61)
04-10 22:32:01.322  5346  5697 E FenceManagerImpl: Caused by: oic: Timed out (timeout delayed by 49 ms after scheduled time): kud@994463f[status=PENDING, info=[kfi@5434b0c]]
04-10 22:32:01.384  5959  5959 E libbinder.Parcel: Reading a NULL string not supported here.
04-10 22:32:01.406  5959  5959 E libbinder.Parcel: Reading a NULL string not supported here.
04-10 22:32:01.460  2957  3039 E ActivityThread: Failed to find provider info for com.google.android.apps.photos.cloudpicker
04-10 22:32:01.611  2957  3039 E PickerSyncController: Could not fetch cloud collection info from com.google.android.apps.photos.cloudpickerdue to Null ContentProviderClient reference received
04-10 22:32:01.611  2957  3039 E PickerSyncController: java.lang.NullPointerException: Null ContentProviderClient reference received
04-10 22:32:01.611  2957  3039 E PickerSyncController: 	at com.android.providers.media.photopicker.PickerSyncController.getLatestMediaCollectionInfo(PickerSyncController.java:1493)
04-10 22:32:01.611  2957  3039 E PickerSyncController: 	at com.android.providers.media.photopicker.PickerSyncController.getSyncRequestParamsLocked(PickerSyncController.java:1590)
04-10 22:32:01.611  2957  3039 E PickerSyncController: 	at com.android.providers.media.photopicker.PickerSyncController.getSyncRequestParams(PickerSyncController.java:1565)
04-10 22:32:01.611  2957  3039 E PickerSyncController: 	at com.android.providers.media.photopicker.PickerSyncController.maybeEnableCloudMediaQueries(PickerSyncController.java:357)
04-10 22:32:01.611  2957  3039 E PickerSyncController: 	at com.android.providers.media.photopicker.PickerSyncController.lambda$tryEnablingCloudMediaQueries$0(PickerSyncController.java:288)
04-10 22:32:01.611  2957  3039 E PickerSyncController: 	at com.android.providers.media.photopicker.PickerSyncController.$r8$lambda$igHbLHRBgFxI5G0Bp5TN28PcQJ4(PickerSyncController.java:0)
04-10 22:32:01.611  2957  3039 E PickerSyncController: 	at com.android.providers.media.photopicker.PickerSyncController$$ExternalSyntheticLambda1.run(R8$$SyntheticClass:0)
04-10 22:32:01.611  2957  3039 E PickerSyncController: 	at android.os.Handler.handleCallback(Handler.java:1095)
04-10 22:32:01.611  2957  3039 E PickerSyncController: 	at android.os.Handler.dispatchMessageImpl(Handler.java:135)
04-10 22:32:01.611  2957  3039 E PickerSyncController: 	at android.os.Handler.dispatchMessage(Handler.java:125)
04-10 22:32:01.611  2957  3039 E PickerSyncController: 	at android.os.Looper.loopOnce(Looper.java:292)
04-10 22:32:01.611  2957  3039 E PickerSyncController: 	at android.os.Looper.loop(Looper.java:393)
04-10 22:32:01.611  2957  3039 E PickerSyncController: 	at android.os.HandlerThread.run(HandlerThread.java:139)
04-10 22:32:01.645  5498  5498 E AccessControllerMetricsStats: create new AccessControllerMetricsStats.
04-10 22:32:01.754  5959  5959 E libbinder.Parcel: Reading a NULL string not supported here.
04-10 22:32:01.887   710  5942 E ActivityManager: ANR in com.android.phone
04-10 22:32:01.887   710  5942 E ActivityManager: PID: 5498
04-10 22:32:01.887   710  5942 E ActivityManager: Reason: Process ProcessRecord{2290c25 5498:com.android.phone/1001} failed to complete startup
04-10 22:32:01.887   710  5942 E ActivityManager: ErrorId: d6f3828d-fa49-4439-8956-9ccbd64ee0a5
04-10 22:32:01.887   710  5942 E ActivityManager: Frozen: false
04-10 22:32:01.887   710  5942 E ActivityManager: Load: 0.0 / 0.0 / 0.0
04-10 22:32:01.887   710  5942 E ActivityManager: ----- Output from /proc/pressure/memory -----
04-10 22:32:01.887   710  5942 E ActivityManager: some avg10=3.20 avg60=3.65 avg300=2.00 total=10070535
04-10 22:32:01.887   710  5942 E ActivityManager: full avg10=1.35 avg60=2.05 avg300=1.12 total=5985673
04-10 22:32:01.887   710  5942 E ActivityManager: ----- End output from /proc/pressure/memory -----
04-10 22:32:01.887   710  5942 E ActivityManager: ----- Output from /proc/pressure/cpu -----
04-10 22:32:01.887   710  5942 E ActivityManager: some avg10=75.60 avg60=78.09 avg300=54.24 total=268623888
04-10 22:32:01.887   710  5942 E ActivityManager: full avg10=0.00 avg60=0.00 avg300=0.00 total=0
04-10 22:32:01.887   710  5942 E ActivityManager: ----- End output from /proc/pressure/cpu -----
04-10 22:32:01.887   710  5942 E ActivityManager: ----- Output from /proc/pressure/io -----
04-10 22:32:01.887   710  5942 E ActivityManager: some avg10=38.85 avg60=39.72 avg300=29.03 total=152602042
04-10 22:32:01.887   710  5942 E ActivityManager: full avg10=1.00 avg60=0.65 avg300=1.00 total=8473665
04-10 22:32:01.887   710  5942 E ActivityManager: ----- End output from /proc/pressure/io -----
04-10 22:32:01.887   710  5942 E ActivityManager: 
04-10 22:32:01.887   710  5942 E ActivityManager: CPU usage from 16ms to 5481ms later (2026-04-10 22:31:56.112 to 2026-04-10 22:32:01.577):
04-10 22:32:01.887   710  5942 E ActivityManager:   74% 710/system_server: 38% user + 35% kernel / faults: 1285 minor 10 major
04-10 22:32:01.887   710  5942 E ActivityManager:   56% 5924/zygote64: 27% user + 28% kernel / faults: 5450 minor 56 major
04-10 22:32:01.887   710  5942 E ActivityManager:   21% 1936/artd: 9.6% user + 11% kernel / faults: 2082 minor
04-10 22:32:01.887   710  5942 E ActivityManager:   17% 5750/com.google.android.gms.persistent: 10% user + 7.3% kernel / faults: 1195 minor 22 major
04-10 22:32:01.887   710  5942 E ActivityManager:   16% 5346/com.google.android.apps.wellbeing: 8.8% user + 7.9% kernel / faults: 1023 minor
04-10 22:32:01.887   710  5942 E ActivityManager:   15% 5498/com.android.phone: 7.9% user + 7.3% kernel / faults: 1366 minor 6 major
04-10 22:32:01.887   710  5942 E ActivityManager:   13% 5509/com.google.android.as: 8.5% user + 4.5% kernel / faults: 1123 minor 2 major
04-10 22:32:01.887   710  5942 E ActivityManager:   11% 512/adbd: 5.6% user + 5.3% kernel / faults: 515 minor
04-10 22:32:01.887   710  5942 E ActivityManager:   10% 5934/com.google.android.gms: 3.7% user + 7.1% kernel / faults: 2732 minor 2 major
04-10 22:32:01.887   710  5942 E ActivityManager:   7.4% 67/kswapd0: 0% user + 7.4% kernel
04-10 22:32:01.887   710  5942 E ActivityManager: 99% TOTAL: 39% user + 48% kernel + 11% irq + 0.8% softirq
04-10 22:32:01.887   710  5942 E ActivityManager: CPU usage from 371751ms to 371751ms ago (1970-01-01 05:30:00.000 to 1970-01-01 05:30:00.000) with 0% awake:
04-10 22:32:01.887   710  5942 E ActivityManager: 0% TOTAL: 0% user + 0% kernel
04-10 22:32:01.909  5959  5959 E libbinder.Parcel: Reading a NULL string not supported here.
04-10 22:32:01.964  5959  5959 E libbinder.IPCThreadState: Binder transaction failure. id: 152603, cmd: BR_FAILED_REPLY (29201), error: -1 (Operation not permitted)
04-10 22:32:02.266  5959  5959 E libbinder.Parcel: Reading a NULL string not supported here.
04-10 22:32:02.428  5959  5959 E libbinder.Parcel: Reading a NULL string not supported here.
04-10 22:32:02.547  5959  5959 E libbinder.Parcel: Reading a NULL string not supported here.
04-10 22:32:02.580  5959  5959 E libbinder.Parcel: Reading a NULL string not supported here.
04-10 22:32:02.744   710   750 E libprocessgroup: Failed to write 1 to /sys/fs/cgroup/system/uid_1001/pid_5498/cgroup.kill: No such file or directory
04-10 22:32:03.950  5509  6058 E AiAiNotificationAssistantService: No completion listener supplied for this service!
04-10 22:32:04.529  6065  6065 E studio.deploy: ERROR: MessagePipeWrapper: Cannot write (EOF)
04-10 22:32:04.529  6065  6065 E studio.deploy: ERROR: Unable to write magic number to pipe
04-10 22:32:05.211  5750  5912 E libbinder.IPCThreadState: Binder transaction failure. id: 154756, cmd: BR_DEAD_REPLY (29189), error: -22 (Invalid argument)
04-10 22:32:05.250   710   880 E InputDispatcher: channel '[Gesture Monitor] swipe-up' ~ Channel is unrecoverably broken and will be disposed!
04-10 22:32:05.263   710   880 E InputDispatcher: channel '[Gesture Monitor] minus-one' ~ Channel is unrecoverably broken and will be disposed!
04-10 22:32:05.271   710   880 E InputDispatcher: channel 'd618614 Taskbar' ~ Channel is unrecoverably broken and will be disposed!
04-10 22:32:05.277   710   880 E libbinder.IPCThreadState: Binder transaction failure. id: 154799, cmd: BR_DEAD_REPLY (29189), error: -3 (No such process)
04-10 22:32:05.290   710   880 E libbinder.IPCThreadState: Binder transaction failure. id: 154803, cmd: BR_DEAD_REPLY (29189), error: -3 (No such process)
04-10 22:32:05.295   710   880 E InputDispatcher: channel 'bca90a3 com.google.android.apps.nexuslauncher/com.google.android.apps.nexuslauncher.NexusLauncherActivity' ~ Channel is unrecoverably broken and will be disposed!
04-10 22:32:05.400  6013  6013 E CarrierIdProvider: read carrier list from ota pb failure: java.io.FileNotFoundException: /data/misc/carrierid/carrier_list.pb: open failed: ENOENT (No such file or directory)
04-10 22:32:05.437  6095  6095 E studio.deploy: ERROR: Could not remove dir '/data/data/com.ecommerceearn.app/code_cache/.ll/': No such file or directory
04-10 22:32:05.716  1060  1165 E SingleInstanceRemoteListener: Failed remote call on null listener
04-10 22:32:05.752   505   505 E BpTransactionCompletedListener: Failed to transact (-32)
04-10 22:32:05.754   505   505 E BpTransactionCompletedListener: Failed to transact (-32)
04-10 22:32:05.993   710   845 E libbinder.IPCThreadState: Binder transaction failure. id: 155052, cmd: BR_DEAD_REPLY (29189), error: -3 (No such process)
04-10 22:32:06.060   562   666 E libbinder.IPCThreadState: Binder transaction failure. id: 155085, cmd: BR_DEAD_REPLY (29189), error: -3 (No such process)
04-10 22:32:06.067   562   666 E CameraService: notifyMonitoredUids: Failed to trigger permission callback for 10147:5509: -129
04-10 22:32:06.067   562   666 E CameraService: handleBinderStatus: Muting similar errors from listener 10147:5509
04-10 22:32:06.992  1060  1060 E LauncherProxyService: Failed to get launcher proxy for system bar attr change.
04-10 22:32:07.026  6156  6156 E libbinder.Parcel: Reading a NULL string not supported here.
04-10 22:32:07.120  6156  6156 E libbinder.IPCThreadState: Binder transaction failure. id: 156070, cmd: BR_FAILED_REPLY (29201), error: -1 (Operation not permitted)
04-10 22:32:07.129  6156  6156 E libbinder.IPCThreadState: Binder transaction failure. id: 156090, cmd: BR_FAILED_REPLY (29201), error: -1 (Operation not permitted)
04-10 22:32:07.145  6156  6156 E libbinder.IPCThreadState: Binder transaction failure. id: 156101, cmd: BR_FAILED_REPLY (29201), error: -1 (Operation not permitted)
04-10 22:32:07.152  6156  6156 E libbinder.IPCThreadState: Binder transaction failure. id: 156114, cmd: BR_FAILED_REPLY (29201), error: -1 (Operation not permitted)
04-10 22:32:07.160  6156  6156 E libbinder.IPCThreadState: Binder transaction failure. id: 156118, cmd: BR_FAILED_REPLY (29201), error: -1 (Operation not permitted)
04-10 22:32:07.162  6156  6156 E libbinder.IPCThreadState: Binder transaction failure. id: 156123, cmd: BR_FAILED_REPLY (29201), error: -1 (Operation not permitted)
04-10 22:32:07.164  6156  6156 E libbinder.IPCThreadState: Binder transaction failure. id: 156128, cmd: BR_FAILED_REPLY (29201), error: -1 (Operation not permitted)
04-10 22:32:07.176  6156  6156 E libbinder.IPCThreadState: Binder transaction failure. id: 156147, cmd: BR_FAILED_REPLY (29201), error: -1 (Operation not permitted)
04-10 22:32:07.180  6156  6156 E libbinder.IPCThreadState: Binder transaction failure. id: 156158, cmd: BR_FAILED_REPLY (29201), error: -1 (Operation not permitted)
04-10 22:32:07.187  6156  6156 E libbinder.IPCThreadState: Binder transaction failure. id: 156164, cmd: BR_FAILED_REPLY (29201), error: -1 (Operation not permitted)
04-10 22:32:07.194  6156  6156 E libbinder.IPCThreadState: Binder transaction failure. id: 156181, cmd: BR_FAILED_REPLY (29201), error: -1 (Operation not permitted)
04-10 22:32:07.196  6156  6156 E libbinder.IPCThreadState: Binder transaction failure. id: 156186, cmd: BR_FAILED_REPLY (29201), error: -1 (Operation not permitted)
04-10 22:32:07.198  6156  6156 E libbinder.IPCThreadState: Binder transaction failure. id: 156194, cmd: BR_FAILED_REPLY (29201), error: -1 (Operation not permitted)
04-10 22:32:07.200  6156  6156 E libbinder.IPCThreadState: Binder transaction failure. id: 156200, cmd: BR_FAILED_REPLY (29201), error: -1 (Operation not permitted)
04-10 22:32:07.276  6156  6156 E libbinder.IPCThreadState: Binder transaction failure. id: 156319, cmd: BR_FAILED_REPLY (29201), error: -1 (Operation not permitted)
04-10 22:32:07.277  6156  6156 E libbinder.IPCThreadState: Binder transaction failure. id: 156326, cmd: BR_FAILED_REPLY (29201), error: -1 (Operation not permitted)
04-10 22:32:07.279  6156  6156 E libbinder.IPCThreadState: Binder transaction failure. id: 156332, cmd: BR_FAILED_REPLY (29201), error: -1 (Operation not permitted)
04-10 22:32:07.280  6156  6156 E libbinder.IPCThreadState: Binder transaction failure. id: 156338, cmd: BR_FAILED_REPLY (29201), error: -1 (Operation not permitted)
04-10 22:32:07.282  6156  6156 E libbinder.IPCThreadState: Binder transaction failure. id: 156343, cmd: BR_FAILED_REPLY (29201), error: -1 (Operation not permitted)
04-10 22:32:07.284  6156  6156 E libbinder.IPCThreadState: Binder transaction failure. id: 156348, cmd: BR_FAILED_REPLY (29201), error: -1 (Operation not permitted)
04-10 22:32:07.285  6156  6156 E libbinder.IPCThreadState: Binder transaction failure. id: 156353, cmd: BR_FAILED_REPLY (29201), error: -1 (Operation not permitted)
04-10 22:32:07.290  6156  6156 E libbinder.IPCThreadState: Binder transaction failure. id: 156360, cmd: BR_FAILED_REPLY (29201), error: -1 (Operation not permitted)
04-10 22:32:07.294  6156  6156 E libbinder.IPCThreadState: Binder transaction failure. id: 156375, cmd: BR_FAILED_REPLY (29201), error: -1 (Operation not permitted)
04-10 22:32:07.295  6156  6156 E libbinder.IPCThreadState: Binder transaction failure. id: 156379, cmd: BR_FAILED_REPLY (29201), error: -1 (Operation not permitted)
04-10 22:32:07.300  6156  6156 E libbinder.IPCThreadState: Binder transaction failure. id: 156386, cmd: BR_FAILED_REPLY (29201), error: -1 (Operation not permitted)
04-10 22:32:07.304  6156  6156 E libbinder.IPCThreadState: Binder transaction failure. id: 156392, cmd: BR_FAILED_REPLY (29201), error: -1 (Operation not permitted)
04-10 22:32:07.307  6156  6156 E libbinder.IPCThreadState: Binder transaction failure. id: 156401, cmd: BR_FAILED_REPLY (29201), error: -1 (Operation not permitted)
04-10 22:32:07.378  6156  6156 E libbinder.IPCThreadState: Binder transaction failure. id: 156495, cmd: BR_FAILED_REPLY (29201), error: -1 (Operation not permitted)
04-10 22:32:07.383  6156  6156 E libbinder.IPCThreadState: Binder transaction failure. id: 156502, cmd: BR_FAILED_REPLY (29201), error: -1 (Operation not permitted)
04-10 22:32:07.385  6156  6156 E libbinder.IPCThreadState: Binder transaction failure. id: 156509, cmd: BR_FAILED_REPLY (29201), error: -1 (Operation not permitted)
04-10 22:32:07.387  6156  6156 E libbinder.IPCThreadState: Binder transaction failure. id: 156514, cmd: BR_FAILED_REPLY (29201), error: -1 (Operation not permitted)
04-10 22:32:07.390  6156  6156 E libbinder.IPCThreadState: Binder transaction failure. id: 156519, cmd: BR_FAILED_REPLY (29201), error: -1 (Operation not permitted)
04-10 22:32:07.392  6156  6156 E libbinder.IPCThreadState: Binder transaction failure. id: 156525, cmd: BR_FAILED_REPLY (29201), error: -1 (Operation not permitted)
04-10 22:32:07.396  6156  6156 E libbinder.IPCThreadState: Binder transaction failure. id: 156529, cmd: BR_FAILED_REPLY (29201), error: -1 (Operation not permitted)
04-10 22:32:07.398  6156  6156 E libbinder.IPCThreadState: Binder transaction failure. id: 156534, cmd: BR_FAILED_REPLY (29201), error: -1 (Operation not permitted)
04-10 22:32:07.404  6156  6156 E libbinder.IPCThreadState: Binder transaction failure. id: 156539, cmd: BR_FAILED_REPLY (29201), error: -1 (Operation not permitted)
04-10 22:32:07.405  6156  6156 E libbinder.IPCThreadState: Binder transaction failure. id: 156543, cmd: BR_FAILED_REPLY (29201), error: -1 (Operation not permitted)
04-10 22:32:07.438  6156  6156 E libbinder.IPCThreadState: Binder transaction failure. id: 156629, cmd: BR_FAILED_REPLY (29201), error: -1 (Operation not permitted)
04-10 22:32:07.440  6156  6156 E libbinder.IPCThreadState: Binder transaction failure. id: 156638, cmd: BR_FAILED_REPLY (29201), error: -1 (Operation not permitted)
04-10 22:32:07.443  6156  6156 E libbinder.IPCThreadState: Binder transaction failure. id: 156645, cmd: BR_FAILED_REPLY (29201), error: -1 (Operation not permitted)
04-10 22:32:07.448  6156  6156 E libbinder.Parcel: Reading a NULL string not supported here.
04-10 22:32:07.483  6156  6156 E libbinder.IPCThreadState: Binder transaction failure. id: 156746, cmd: BR_FAILED_REPLY (29201), error: -1 (Operation not permitted)
04-10 22:32:07.537  6156  6156 E libbinder.Parcel: Reading a NULL string not supported here.
04-10 22:32:07.574  6156  6156 E libbinder.Parcel: Reading a NULL string not supported here.
04-10 22:32:07.648  6156  6156 E libbinder.Parcel: Reading a NULL string not supported here.
04-10 22:32:07.741   288   295 E lowmemorykiller: process_mrelease 6036 failed: No such process
04-10 22:32:07.805  6156  6156 E libbinder.Parcel: Reading a NULL string not supported here.
04-10 22:32:07.840  6156  6156 E libbinder.Parcel: Reading a NULL string not supported here.
04-10 22:32:07.845  6156  6156 E libbinder.Parcel: Reading a NULL string not supported here.
04-10 22:32:07.936  5750  5915 E libbinder.IPCThreadState: Binder transaction failure. id: 157659, cmd: BR_DEAD_REPLY (29189), error: -22 (Invalid argument)
04-10 22:32:07.982  6156  6156 E libbinder.Parcel: Reading a NULL string not supported here.
04-10 22:32:08.020  6156  6156 E libbinder.Parcel: Reading a NULL string not supported here.
04-10 22:32:08.127  6156  6156 E libbinder.Parcel: Reading a NULL string not supported here.
04-10 22:32:08.249  6156  6156 E libbinder.Parcel: Reading a NULL string not supported here.
04-10 22:32:08.968  5750  6017 E libbinder.IPCThreadState: Binder transaction failure. id: 158261, cmd: BR_DEAD_REPLY (29189), error: -22 (Invalid argument)
04-10 22:32:09.067  6156  6156 E libbinder.Parcel: Reading a NULL string not supported here.
04-10 22:32:09.092  6156  6156 E libbinder.Parcel: Reading a NULL string not supported here.
04-10 22:32:09.250   710  1741 E RoleControllerServiceImpl: Default/fallback role holder package doesn't qualify for the role, package: com.google.android.gms.supervision, role: android.app.role.SYSTEM_SUPERVISION, user: 0
04-10 22:32:09.325  6156  6156 E libbinder.Parcel: Reading a NULL string not supported here.
04-10 22:32:09.423  6156  6156 E libbinder.Parcel: Reading a NULL string not supported here.
04-10 22:32:09.446  6156  6156 E libbinder.IPCThreadState: Binder transaction failure. id: 159191, cmd: BR_FAILED_REPLY (29201), error: -1 (Operation not permitted)
04-10 22:32:09.464  5750  5750 E NetworkScheduler: Compat called without init
04-10 22:32:09.580   710  1741 E RoleControllerServiceImpl: Default/fallback role holder package doesn't qualify for the role, package: com.google.android.gms, role: android.app.role.SYSTEM_DEPENDENCY_INSTALLER, user: 0
04-10 22:32:09.629  6156  6156 E libbinder.Parcel: Reading a NULL string not supported here.
04-10 22:32:09.690  6156  6156 E libbinder.Parcel: Reading a NULL string not supported here.
04-10 22:32:09.721  5750  5750 E .gms.persistent: hiddenapi: Accessing hidden method Landroid/net/ConnectivityManager;->isNetworkTypeMobile(I)Z (runtime_flags=0, domain=platform, api=max-target-p) from Lbzxz; (domain=app, TargetSdkVersion=37) using reflection: denied
04-10 22:32:09.721  5750  5750 E .gms.persistent: hiddenapi: Accessing hidden method Landroid/os/PowerManager;->isLightDeviceIdleMode()Z (runtime_flags=0, domain=platform, api=max-target-s) from Lbzxz; (domain=app, TargetSdkVersion=37) using reflection: denied
04-10 22:32:09.739  6131  6131 E ConsumerBase: [ImageReader-132x132f1u2816m2-6131-0] abandonLocked: ConsumerBase is abandoned!
04-10 22:32:09.792  6156  6156 E libbinder.Parcel: Reading a NULL string not supported here.
04-10 22:32:09.839  6156  6156 E libbinder.Parcel: Reading a NULL string not supported here.
04-10 22:32:10.027  6131  6183 E NexusCSStateManager: Failed to fetch from AppSearch
04-10 22:32:10.027  6131  6183 E NexusCSStateManager: java.util.NoSuchElementException: No value present
04-10 22:32:10.027  6131  6183 E NexusCSStateManager: 	at java.util.Optional.get(Optional.java:143)
04-10 22:32:10.027  6131  6183 E NexusCSStateManager: 	at p6.l.onResult(go/retraceme 7226a759aa2bb3787a79806f85d80eaad84f1f1e15acd6db988f2df789d1680d:36)
04-10 22:32:10.027  6131  6183 E NexusCSStateManager: 	at android.app.appsearch.SearchSessionUtil$1.lambda$onResult$0(go/retraceme 50c746ee5c32f88f733077ebeb4008935661f54b3d9e8e373e734d129bb80b29:144)
04-10 22:32:10.027  6131  6183 E NexusCSStateManager: 	at android.app.appsearch.SearchSessionUtil$1.$r8$lambda$CEk3q8sDAQVhU3rQwVueB8FAj_M(go/retraceme 50c746ee5c32f88f733077ebeb4008935661f54b3d9e8e373e734d129bb80b29:1)
04-10 22:32:10.027  6131  6183 E NexusCSStateManager: 	at android.app.appsearch.SearchSessionUtil$1$$ExternalSyntheticLambda0.run(go/retraceme 50c746ee5c32f88f733077ebeb4008935661f54b3d9e8e373e734d129bb80b29:22)
04-10 22:32:10.027  6131  6183 E NexusCSStateManager: 	at androidx.appfunctions.internal.e.execute(go/retraceme 7226a759aa2bb3787a79806f85d80eaad84f1f1e15acd6db988f2df789d1680d:0)
04-10 22:32:10.027  6131  6183 E NexusCSStateManager: 	at android.app.appsearch.SearchSessionUtil.safeExecute(go/retraceme 50c746ee5c32f88f733077ebeb4008935661f54b3d9e8e373e734d129bb80b29:21)
04-10 22:32:10.027  6131  6183 E NexusCSStateManager: 	at android.app.appsearch.SearchSessionUtil$1.onResult(go/retraceme 50c746ee5c32f88f733077ebeb4008935661f54b3d9e8e373e734d129bb80b29:18)
04-10 22:32:10.027  6131  6183 E NexusCSStateManager: 	at android.app.appsearch.aidl.IAppSearchBatchResultCallback$Stub.onTransact(go/retraceme 50c746ee5c32f88f733077ebeb4008935661f54b3d9e8e373e734d129bb80b29:50)
04-10 22:32:10.027  6131  6183 E NexusCSStateManager: 	at android.os.Binder.execTransactInternal(Binder.java:1471)
04-10 22:32:10.027  6131  6183 E NexusCSStateManager: 	at android.os.Binder.execTransact(Binder.java:1411)
04-10 22:32:10.111   288   294 E lowmemorykiller: process_mrelease 5346 failed: No such process
04-10 22:32:10.212  6131  6204 E ZeroStateWebSuggestDataLoader: Failed to fetch suggestions from AppSearch
04-10 22:32:10.212  6131  6204 E ZeroStateWebSuggestDataLoader: java.util.NoSuchElementException: No value present
04-10 22:32:10.212  6131  6204 E ZeroStateWebSuggestDataLoader: 	at java.util.Optional.get(Optional.java:143)
04-10 22:32:10.212  6131  6204 E ZeroStateWebSuggestDataLoader: 	at d6.j.onResult(go/retraceme 7226a759aa2bb3787a79806f85d80eaad84f1f1e15acd6db988f2df789d1680d:32)
04-10 22:32:10.212  6131  6204 E ZeroStateWebSuggestDataLoader: 	at android.app.appsearch.SearchSessionUtil$1.lambda$onResult$0(go/retraceme 50c746ee5c32f88f733077ebeb4008935661f54b3d9e8e373e734d129bb80b29:144)
04-10 22:32:10.212  6131  6204 E ZeroStateWebSuggestDataLoader: 	at android.app.appsearch.SearchSessionUtil$1.$r8$lambda$CEk3q8sDAQVhU3rQwVueB8FAj_M(go/retraceme 50c746ee5c32f88f733077ebeb4008935661f54b3d9e8e373e734d129bb80b29:1)
04-10 22:32:10.212  6131  6204 E ZeroStateWebSuggestDataLoader: 	at android.app.appsearch.SearchSessionUtil$1$$ExternalSyntheticLambda0.run(go/retraceme 50c746ee5c32f88f733077ebeb4008935661f54b3d9e8e373e734d129bb80b29:22)
04-10 22:32:10.212  6131  6204 E ZeroStateWebSuggestDataLoader: 	at android.os.Handler.handleCallback(Handler.java:1095)
04-10 22:32:10.212  6131  6204 E ZeroStateWebSuggestDataLoader: 	at android.os.Handler.dispatchMessageImpl(Handler.java:135)
04-10 22:32:10.212  6131  6204 E ZeroStateWebSuggestDataLoader: 	at android.os.Handler.dispatchMessage(Handler.java:125)
04-10 22:32:10.212  6131  6204 E ZeroStateWebSuggestDataLoader: 	at android.os.Looper.loopOnce(Looper.java:292)
04-10 22:32:10.212  6131  6204 E ZeroStateWebSuggestDataLoader: 	at android.os.Looper.loop(Looper.java:393)
04-10 22:32:10.212  6131  6204 E ZeroStateWebSuggestDataLoader: 	at android.os.HandlerThread.run(HandlerThread.java:139)
04-10 22:32:10.444   710  1741 E RoleControllerServiceImpl: Default/fallback role holder package doesn't qualify for the role, package: com.google.android.gms, role: android.app.role.WALLET, user: 0
04-10 22:32:10.572  5750  5922 E libbinder.IPCThreadState: Binder transaction failure. id: 161059, cmd: BR_DEAD_REPLY (29189), error: -22 (Invalid argument)
04-10 22:32:10.606  5750  5922 E libbinder.IPCThreadState: Binder transaction failure. id: 161115, cmd: BR_DEAD_REPLY (29189), error: -22 (Invalid argument)
04-10 22:32:10.815  6131  6131 E RecyclerView: Cannot scroll to position a LayoutManager set. Call setLayoutManager with a non-null argument.
04-10 22:32:10.821  6131  6131 E RecyclerView: Cannot scroll to position a LayoutManager set. Call setLayoutManager with a non-null argument.
04-10 22:32:11.695   710   738 E TransitionController: Set visible without transition ActivityRecord{64285005 u0 com.ecommerceearn.app/.MainActivity t194} playing=false caller=com.android.server.wm.TaskFragment.resumeTopActivity:1677 
04-10 22:32:12.156  1060  1190 E ConsumerBase: [ImageReader-320x320f1u2816m2-1060-0] abandonLocked: ConsumerBase is abandoned!
04-10 22:32:12.670  6131  6131 E ConsumerBase: [ImageReader-1x1f1u2816m2-6131-1] abandonLocked: ConsumerBase is abandoned!
04-10 22:32:12.712  6013  6013 E SatelliteController: SatelliteController was not yet initialized.
04-10 22:32:13.111  1060  1060 E LauncherProxyService: Failed to get launcher proxy for system bar attr change.
04-10 22:32:13.131  1060  1060 E ShadeCarrierGroup: Invalid SIM slot index for subscription: 1
04-10 22:32:13.594  1060  1060 E ShadeCarrierGroup: Invalid SIM slot index for subscription: 1
04-10 22:32:13.595  1060  1060 E ShadeCarrierGroup: Invalid SIM slot index for subscription: 1
04-10 22:32:13.697  6217  6217 E FeatureFlagsImplExport: android.os.flagging.AconfigStorageReadException: ERROR_PACKAGE_NOT_FOUND: package android.xr cannot be found on the device
04-10 22:32:13.822  1060  1165 E SingleInstanceRemoteListener: Failed remote call on null listener
04-10 22:32:13.992  1060  1060 E ShadeCarrierGroup: Invalid SIM slot index for subscription: 1
04-10 22:32:14.371  1060  1060 E ShadeCarrierGroup: Invalid SIM slot index for subscription: 1
04-10 22:32:14.565  6131  6205 E ConsumerBase: [ImageReader-132x132f1u2816m2-6131-2] abandonLocked: ConsumerBase is abandoned!
04-10 22:32:14.655  6013  6013 E TelephonyConfigUpdateInstallReceiver: Failed to read current content : /data/misc/telephonyconfig/valid_telephony_config.pb
04-10 22:32:14.668  1060  1060 E LauncherProxyService: Failed to get launcher proxy for system bar attr change.
04-10 22:32:14.673  1060  1165 E SingleInstanceRemoteListener: Failed remote call on null listener
04-10 22:32:14.809   710  1849 E TaskPersister: File error accessing recents directory (directory doesn't exist?).
04-10 22:32:14.939  1060  1060 E LauncherProxyService: Failed to get launcher proxy for system bar attr change.
04-10 22:32:14.954  1060  1165 E SingleInstanceRemoteListener: Failed remote call on null listener
04-10 22:32:15.270  6013  6013 E SmsApplication: com.google.android.apps.messaging lost android:read_cell_broadcasts:  (fixing)
04-10 22:32:15.359  1060  1165 E SingleInstanceRemoteListener: Failed remote call on null listener
04-10 22:32:15.391   710   734 E libbinder.Parcel: Reading a NULL string not supported here.
04-10 22:32:15.391   710   734 E ARProxy : Unknown descriptor: 
04-10 22:32:15.462  1060  1165 E SingleInstanceRemoteListener: Failed remote call on null listener
04-10 22:32:15.913  6013  6013 E TelephonyConfigUpdateInstallReceiver: Failed to read current content : /data/misc/telephonyconfig/valid_telephony_config.pb
04-10 22:32:15.990  6013  6013 E SatelliteModemInterface: Unable to bind to the satellite service because the package is undefined.
04-10 22:32:16.016  6013  6013 E SessionMetricsStats: create new SessionMetricsStats.
04-10 22:32:16.017  6131  6202 E ConsumerBase: [ImageReader-26x26f1u2816m2-6131-3] abandonLocked: ConsumerBase is abandoned!
04-10 22:32:16.032  6013  6013 E SatelliteController: registerForSatelliteCommunicationAccessStateChanged: SatelliteManager is null
04-10 22:32:16.774  6013  6013 E AccessControllerMetricsStats: create new AccessControllerMetricsStats.
04-10 22:32:16.931  6013  6467 E SatelliteAccessController: loadConfigUpdaterConfigs: satelliteConfigVersion is invalid: 0
04-10 22:32:17.100  5750  6208 E WakeLock: GCM_CONN_ALARM ** IS FORCE-RELEASED ON TIMEOUT ** [CONTEXT service_id=259 ]
04-10 22:32:19.277  6131  6205 E ConsumerBase: [ImageReader-132x132f1u2816m2-6131-4] abandonLocked: ConsumerBase is abandoned!
04-10 22:32:19.436  6169  6362 E Ambient : Installed publisher verification failed
04-10 22:32:19.436  6169  6362 E Ambient : Installed publisher verification failed
04-10 22:32:19.855   288   295 E lowmemorykiller: process_mrelease 6298 failed: No such process
04-10 22:32:20.140   710   936 E AppOps  : attributionTag VCN not declared in manifest of android
04-10 22:32:20.171   710   936 E AppOps  : attributionTag VCN not declared in manifest of android
04-10 22:32:20.206   710   880 E InputDispatcher: channel '[Gesture Monitor] swipe-up' ~ Channel is unrecoverably broken and will be disposed!
04-10 22:32:20.288   710   880 E InputDispatcher: channel '[Gesture Monitor] minus-one' ~ Channel is unrecoverably broken and will be disposed!
04-10 22:32:20.307   710   880 E InputDispatcher: channel '4568e72 Taskbar' ~ Channel is unrecoverably broken and will be disposed!
04-10 22:32:20.322   710   880 E libbinder.IPCThreadState: Binder transaction failure. id: 169451, cmd: BR_DEAD_REPLY (29189), error: -3 (No such process)
04-10 22:32:20.334  1060  1165 E libbinder.IPCThreadState: Binder transaction failure. id: 169465, cmd: BR_DEAD_REPLY (29189), error: -3 (No such process)
04-10 22:32:20.334   710   880 E libbinder.IPCThreadState: Binder transaction failure. id: 169460, cmd: BR_DEAD_REPLY (29189), error: -3 (No such process)
04-10 22:32:20.336  1060  1165 E SingleInstanceRemoteListener: Failed remote call
04-10 22:32:20.336  1060  1165 E SingleInstanceRemoteListener: android.os.DeadObjectException
04-10 22:32:20.336  1060  1165 E SingleInstanceRemoteListener: 	at android.os.BinderProxy.transactNative(Native Method)
04-10 22:32:20.336  1060  1165 E SingleInstanceRemoteListener: 	at android.os.BinderProxy.transact(BinderProxy.java:617)
04-10 22:32:20.336  1060  1165 E SingleInstanceRemoteListener: 	at com.android.wm.shell.transition.HomeTransitionObserver$1.insetsChanged(go/retraceme 2b9555e93469c570fe1eba6e00ba55c641998f0b05ea4e8d6000e443e74ca7fc:41)
04-10 22:32:20.336  1060  1165 E SingleInstanceRemoteListener: 	at com.android.wm.shell.common.DisplayInsetsController$OnInsetsChangedListener.insetsChanged(go/retraceme 2b9555e93469c570fe1eba6e00ba55c641998f0b05ea4e8d6000e443e74ca7fc:0)
04-10 22:32:20.336  1060  1165 E SingleInstanceRemoteListener: 	at com.android.wm.shell.common.DisplayInsetsController$PerDisplay$DisplayWindowInsetsControllerImpl$$ExternalSyntheticLambda4.run(go/retraceme 2b9555e93469c570fe1eba6e00ba55c641998f0b05ea4e8d6000e443e74ca7fc:204)
04-10 22:32:20.336  1060  1165 E SingleInstanceRemoteListener: 	at android.os.Handler.handleCallback(Handler.java:1095)
04-10 22:32:20.336  1060  1165 E SingleInstanceRemoteListener: 	at android.os.Handler.dispatchMessageImpl(Handler.java:135)
04-10 22:32:20.336  1060  1165 E SingleInstanceRemoteListener: 	at android.os.Handler.dispatchMessage(Handler.java:125)
04-10 22:32:20.336  1060  1165 E SingleInstanceRemoteListener: 	at android.os.Looper.loopOnce(Looper.java:292)
04-10 22:32:20.336  1060  1165 E SingleInstanceRemoteListener: 	at android.os.Looper.loop(Looper.java:393)
04-10 22:32:20.336  1060  1165 E SingleInstanceRemoteListener: 	at android.os.HandlerThread.run(HandlerThread.java:139)
04-10 22:32:20.339   505   572 E libbinder.IPCThreadState: Binder transaction failure. id: 169445, cmd: BR_DEAD_REPLY (29189), error: -3 (No such process)
04-10 22:32:20.347  1060  1060 E libbinder.IPCThreadState: Binder transaction failure. id: 169464, cmd: BR_DEAD_REPLY (29189), error: -3 (No such process)
04-10 22:32:20.351  1060  1060 E LauncherProxyService: Failed to call onSystemBarAttributesChanged()
04-10 22:32:20.351  1060  1060 E LauncherProxyService: android.os.DeadObjectException
04-10 22:32:20.351  1060  1060 E LauncherProxyService: 	at android.os.BinderProxy.transactNative(Native Method)
04-10 22:32:20.351  1060  1060 E LauncherProxyService: 	at android.os.BinderProxy.transact(BinderProxy.java:617)
04-10 22:32:20.351  1060  1060 E LauncherProxyService: 	at com.android.systemui.navigationbar.TaskbarDelegate.onSystemBarAttributesChanged(go/retraceme 2b9555e93469c570fe1eba6e00ba55c641998f0b05ea4e8d6000e443e74ca7fc:36)
04-10 22:32:20.351  1060  1060 E LauncherProxyService: 	at com.android.systemui.statusbar.CommandQueue$H.handleMessage(go/retraceme 2b9555e93469c570fe1eba6e00ba55c641998f0b05ea4e8d6000e443e74ca7fc:2670)
04-10 22:32:20.351  1060  1060 E LauncherProxyService: 	at android.os.Handler.dispatchMessageImpl(Handler.java:142)
04-10 22:32:20.351  1060  1060 E LauncherProxyService: 	at android.os.Handler.dispatchMessage(Handler.java:125)
04-10 22:32:20.351  1060  1060 E LauncherProxyService: 	at android.os.Looper.loopOnce(Looper.java:292)
04-10 22:32:20.351  1060  1060 E LauncherProxyService: 	at android.os.Looper.loop(Looper.java:393)
04-10 22:32:20.351  1060  1060 E LauncherProxyService: 	at android.app.ActivityThread.main(ActivityThread.java:9486)
04-10 22:32:20.351  1060  1060 E LauncherProxyService: 	at java.lang.reflect.Method.invoke(Native Method)
04-10 22:32:20.351  1060  1060 E LauncherProxyService: 	at com.android.internal.os.RuntimeInit$MethodAndArgsCaller.run(RuntimeInit.java:575)
04-10 22:32:20.351  1060  1060 E LauncherProxyService: 	at com.android.internal.os.ZygoteInit.main(ZygoteInit.java:939)
04-10 22:32:20.432   505   505 E BpTransactionCompletedListener: Failed to transact (-32)
04-10 22:32:20.559   288   294 E lowmemorykiller: process_mrelease 6438 failed: No such process
04-10 22:32:20.577   710  1916 E AppOps  : Bad call made by uid 1000. Package "com.google.android.googlequicksearchbox" does not belong to uid 1000.
04-10 22:32:20.583   710  1745 E TransitionChain: Can't collect into a chain with no transition
04-10 22:32:20.583   710  1745 E TransitionChain: Can't collect into a chain with no transition
04-10 22:32:20.592  6439  6469 E DatabaseUtils: Writing exception to parcel
04-10 22:32:20.592  6439  6469 E DatabaseUtils: java.lang.UnsupportedOperationException
04-10 22:32:20.592  6439  6469 E DatabaseUtils: 	at com.google.android.apps.gsa.staticplugins.publiccontent.GsaPublicContentProvider.query(PG:480)
04-10 22:32:20.592  6439  6469 E DatabaseUtils: 	at android.content.ContentProvider.query(ContentProvider.java:1670)
04-10 22:32:20.592  6439  6469 E DatabaseUtils: 	at android.content.ContentProvider.query(ContentProvider.java:1766)
04-10 22:32:20.592  6439  6469 E DatabaseUtils: 	at android.content.ContentProvider$Transport.query(ContentProvider.java:304)
04-10 22:32:20.592  6439  6469 E DatabaseUtils: 	at android.content.ContentProviderNative.onTransact(ContentProviderNative.java:109)
04-10 22:32:20.592  6439  6469 E DatabaseUtils: 	at android.os.Binder.execTransactInternal(Binder.java:1466)
04-10 22:32:20.592  6439  6469 E DatabaseUtils: 	at android.os.Binder.execTransact(Binder.java:1411)
04-10 22:32:20.897  6013  6013 E SatelliteController: registerForSatelliteModemStateChanged: mSatelliteSessionController is not initialized yet
04-10 22:32:20.900  6013  6013 E SatelliteController: unregisterForModemStateChanged: mSatelliteSessionController is not initialized yet
04-10 22:32:21.260  6169  6437 E AiAiNotificationAssistantService: No completion listener supplied for this service!
04-10 22:32:21.279  5934  6356 E libbinder.IPCThreadState: Binder transaction failure. id: 170612, cmd: BR_DEAD_REPLY (29189), error: -22 (Invalid argument)
04-10 22:32:21.373  5750  6357 E PeriodStatsTracker: Reference counting corrupted in usage statistics.
04-10 22:32:21.962   288   294 E lowmemorykiller: process_mrelease 6439 failed: No such process
04-10 22:32:22.004   710   845 E AppOps  : Bad call made by uid 1000. Package "com.google.android.googlequicksearchbox" does not belong to uid 1000.
04-10 22:32:23.055   710   925 E Nl80211Native: getChannelsMhzForBand: Wiphy index not recorded for band 8
04-10 22:32:23.056   710   925 E Nl80211Native: getChannelsMhzForBand: Wiphy index not recorded for band 16
04-10 22:32:23.258  6482  6596 E libbinder.IPCThreadState: Binder transaction failure. id: 171740, cmd: BR_DEAD_REPLY (29189), error: -22 (Invalid argument)
04-10 22:32:23.268  6482  6596 E MendelPackageState: Failed to commit to config
04-10 22:32:23.268  6482  6596 E MendelPackageState: lkr: 17: 17: API: Phenotype.API is not available on this device. Connection failed with: jnu{statusCode=INTERNAL_ERROR, resolution=null, message=null, clientMethodKey=null}
04-10 22:32:23.268  6482  6596 E MendelPackageState: 	at kwx.a(PG:219)
04-10 22:32:23.268  6482  6596 E MendelPackageState: 	at oel.e(PG:3)
04-10 22:32:23.268  6482  6596 E MendelPackageState: 	at oen.run(PG:130)
04-10 22:32:23.268  6482  6596 E MendelPackageState: 	at ogf.execute(PG:1)
04-10 22:32:23.268  6482  6596 E MendelPackageState: 	at oev.g(PG:1)
04-10 22:32:23.268  6482  6596 E MendelPackageState: 	at oev.l(PG:93)
04-10 22:32:23.268  6482  6596 E MendelPackageState: 	at oev.q(PG:17)
04-10 22:32:23.268  6482  6596 E MendelPackageState: 	at kuc.a(PG:35)
04-10 22:32:23.268  6482  6596 E MendelPackageState: 	at cvb.run(PG:65)
04-10 22:32:23.268  6482  6596 E MendelPackageState: 	at ogf.execute(PG:1)
04-10 22:32:23.268  6482  6596 E MendelPackageState: 	at kex.c(PG:87)
04-10 22:32:23.268  6482  6596 E MendelPackageState: 	at qph.f(PG:34)
04-10 22:32:23.268  6482  6596 E MendelPackageState: 	at kfi.n(PG:20)
04-10 22:32:23.268  6482  6596 E MendelPackageState: 	at kev.a(PG:3)
04-10 22:32:23.268  6482  6596 E MendelPackageState: 	at cvb.run(PG:41)
04-10 22:32:23.268  6482  6596 E MendelPackageState: 	at dtb.execute(PG:15)
04-10 22:32:23.268  6482  6596 E MendelPackageState: 	at kex.c(PG:67)
04-10 22:32:23.268  6482  6596 E MendelPackageState: 	at qph.f(PG:34)
04-10 22:32:23.268  6482  6596 E MendelPackageState: 	at igp.g(PG:39)
04-10 22:32:23.268  6482  6596 E MendelPackageState: 	at jpy.e(PG:9)
04-10 22:32:23.268  6482  6596 E MendelPackageState: 	at jqt.t(PG:48)
04-10 22:32:23.268  6482  6596 E MendelPackageState: 	at jqt.f(PG:10)
04-10 22:32:23.268  6482  6596 E MendelPackageState: 	at jqt.j(PG:164)
04-10 22:32:23.268  6482  6596 E MendelPackageState: 	at jqt.i(PG:2)
04-10 22:32:23.268  6482  6596 E MendelPackageState: 	at qmo.w(PG:3)
04-10 22:32:23.268  6482  6596 E MendelPackageState: 	at jsg.a(PG:7)
04-10 22:32:23.268  6482  6596 E MendelPackageState: 	at jsa.c(PG:25)
04-10 22:32:23.268  6482  6596 E MendelPackageState: 	at jsb.handleMessage(PG:266)
04-10 22:32:23.268  6482  6596 E MendelPackageState: 	at android.os.Handler.dispatchMessageImpl(Handler.java:142)
04-10 22:32:23.268  6482  6596 E MendelPackageState: 	at android.os.Handler.dispatchMessage(Handler.java:125)
04-10 22:32:23.268  6482  6596 E MendelPackageState: 	at android.os.Looper.loopOnce(Looper.java:292)
04-10 22:32:23.268  6482  6596 E MendelPackageState: 	at android.os.Looper.loop(Looper.java:393)
04-10 22:32:23.268  6482  6596 E MendelPackageState: 	at android.os.HandlerThread.run(HandlerThread.java:139)
04-10 22:32:23.268  6482  6596 E MendelPackageState: Caused by: jpa: 17: API: Phenotype.API is not available on this device. Connection failed with: jnu{statusCode=INTERNAL_ERROR, resolution=null, message=null, clientMethodKey=null}
04-10 22:32:23.268  6482  6596 E MendelPackageState: 	at jhv.av(PG:13)
04-10 22:32:23.268  6482  6596 E MendelPackageState: 	at orj.a(PG:5)
04-10 22:32:23.268  6482  6596 E MendelPackageState: 	at jpy.e(PG:5)
04-10 22:32:23.268  6482  6596 E MendelPackageState: 	... 13 more
04-10 22:32:24.776   710   747 E PackageManager: Optimistic bind failed.
04-10 22:32:24.776   710   747 E PackageManager: java.util.concurrent.TimeoutException: [Optimistic Bind] Didn't bind to resolver in time!
04-10 22:32:24.776   710   747 E PackageManager: 	at com.android.server.pm.InstantAppResolverConnection.waitForBindLocked(InstantAppResolverConnection.java:160)
04-10 22:32:24.776   710   747 E PackageManager: 	at com.android.server.pm.InstantAppResolverConnection.bind(InstantAppResolverConnection.java:230)
04-10 22:32:24.776   710   747 E PackageManager: 	at com.android.server.pm.InstantAppResolverConnection.lambda$optimisticBind$0(InstantAppResolverConnection.java:260)
04-10 22:32:24.776   710   747 E PackageManager: 	at com.android.server.pm.InstantAppResolverConnection.$r8$lambda$66W2s2mMKe4pk_xXCScH9RCqav8(InstantAppResolverConnection.java:0)
04-10 22:32:24.776   710   747 E PackageManager: 	at com.android.server.pm.InstantAppResolverConnection$$ExternalSyntheticLambda0.run(R8$$SyntheticClass:0)
04-10 22:32:24.776   710   747 E PackageManager: 	at android.os.Handler.handleCallback(Handler.java:1095)
04-10 22:32:24.776   710   747 E PackageManager: 	at android.os.Handler.dispatchMessageImpl(Handler.java:135)
04-10 22:32:24.776   710   747 E PackageManager: 	at android.os.Handler.dispatchMessage(Handler.java:125)
04-10 22:32:24.776   710   747 E PackageManager: 	at android.os.Looper.loopOnce(Looper.java:292)
04-10 22:32:24.776   710   747 E PackageManager: 	at android.os.Looper.loop(Looper.java:393)
04-10 22:32:24.776   710   747 E PackageManager: 	at android.os.HandlerThread.run(HandlerThread.java:139)
04-10 22:32:24.852  6013  6013 E SatelliteController: registerForSatelliteModemStateChanged: mSatelliteSessionController is not initialized yet
04-10 22:32:24.852  6013  6013 E SatelliteController: unregisterForModemStateChanged: mSatelliteSessionController is not initialized yet
04-10 22:32:25.078  6583  6583 E ConsumerBase: [ImageReader-132x132f1u2816m2-6583-0] abandonLocked: ConsumerBase is abandoned!
04-10 22:32:25.112  6416  6702 E FirebaseInstanceId: Failed to get FIS auth token
04-10 22:32:25.112  6416  6702 E FirebaseInstanceId: java.util.concurrent.ExecutionException: com.google.firebase.installations.FirebaseInstallationsException: Firebase Installations Service is unavailable. Please try again later.
04-10 22:32:25.112  6416  6702 E FirebaseInstanceId: 	at cal.aayo.c(PG:32)
04-10 22:32:25.112  6416  6702 E FirebaseInstanceId: 	at cal.aayo.a(PG:54)
04-10 22:32:25.112  6416  6702 E FirebaseInstanceId: 	at cal.asms.a(PG:103)
04-10 22:32:25.112  6416  6702 E FirebaseInstanceId: 	at cal.asmz.a(PG:57)
04-10 22:32:25.112  6416  6702 E FirebaseInstanceId: 	at cal.asml.a(PG:95)
04-10 22:32:25.112  6416  6702 E FirebaseInstanceId: 	at cal.aaxm.run(PG:8)
04-10 22:32:25.112  6416  6702 E FirebaseInstanceId: 	at java.util.concurrent.ThreadPoolExecutor.runWorker(ThreadPoolExecutor.java:1100)
04-10 22:32:25.112  6416  6702 E FirebaseInstanceId: 	at java.util.concurrent.ThreadPoolExecutor$Worker.run(ThreadPoolExecutor.java:624)
04-10 22:32:25.112  6416  6702 E FirebaseInstanceId: 	at cal.aahn.run(PG:7)
04-10 22:32:25.112  6416  6702 E FirebaseInstanceId: 	at java.lang.Thread.run(Thread.java:1572)
04-10 22:32:25.112  6416  6702 E FirebaseInstanceId: Caused by: com.google.firebase.installations.FirebaseInstallationsException: Firebase Installations Service is unavailable. Please try again later.
04-10 22:32:25.112  6416  6702 E FirebaseInstanceId: 	at cal.asoe.c(PG:335)
04-10 22:32:25.112  6416  6702 E FirebaseInstanceId: 	at cal.asnh.run(PG:117)
04-10 22:32:25.112  6416  6702 E FirebaseInstanceId: 	at java.util.concurrent.ThreadPoolExecutor.runWorker(ThreadPoolExecutor.java:1100)
04-10 22:32:25.112  6416  6702 E FirebaseInstanceId: 	at java.util.concurrent.ThreadPoolExecutor$Worker.run(ThreadPoolExecutor.java:624)
04-10 22:32:25.112  6416  6702 E FirebaseInstanceId: 	... 1 more
04-10 22:32:25.154  5934  6172 E native_loader: Java_hotLoad not found!
04-10 22:32:25.155  5934  6172 E NativeHotLoader: Failed to hotload library '/data/app/~~ZcGfAzgJinPFs3ubKWxgUA==/com.google.android.gms-HyXQiO6os206Or8mn8m9jQ==/base.apk!/lib/x86_64/libgmscore.so'. [CONTEXT service_id=447 ]
04-10 22:32:25.450  6169  6537 E AiAiEcho: Reading elements from Geller failed with cause
04-10 22:32:25.450  6169  6537 E AiAiEcho: ilw: Code: UNKNOWN, Message: Geller data fetch is not enabled
04-10 22:32:25.450  6169  6537 E AiAiEcho: 	at imn.a(PG:17)
04-10 22:32:25.450  6169  6537 E AiAiEcho: 	at lhh.b(PG:20)
04-10 22:32:25.450  6169  6537 E AiAiEcho: 	at abge.g(PG:11)
04-10 22:32:25.450  6169  6537 E AiAiEcho: 	at kotlinx.coroutines.DispatchedTask.run(PG:112)
04-10 22:32:25.450  6169  6537 E AiAiEcho: 	at java.util.concurrent.Executors$RunnableAdapter.call(Executors.java:520)
04-10 22:32:25.450  6169  6537 E AiAiEcho: 	at xjo.a(PG:3)
04-10 22:32:25.450  6169  6537 E AiAiEcho: 	at xir.run(PG:19)
04-10 22:32:25.450  6169  6537 E AiAiEcho: 	at xjp.run(PG:5)
04-10 22:32:25.450  6169  6537 E AiAiEcho: 	at java.util.concurrent.Executors$RunnableAdapter.call(Executors.java:520)
04-10 22:32:25.450  6169  6537 E AiAiEcho: 	at java.util.concurrent.FutureTask.run(FutureTask.java:328)
04-10 22:32:25.450  6169  6537 E AiAiEcho: 	at java.util.concurrent.ScheduledThreadPoolExecutor$ScheduledFutureTask.run(ScheduledThreadPoolExecutor.java:323)
04-10 22:32:25.450  6169  6537 E AiAiEcho: 	at java.util.concurrent.ThreadPoolExecutor.runWorker(ThreadPoolExecutor.java:1100)
04-10 22:32:25.450  6169  6537 E AiAiEcho: 	at java.util.concurrent.ThreadPoolExecutor$Worker.run(ThreadPoolExecutor.java:624)
04-10 22:32:25.450  6169  6537 E AiAiEcho: 	at hxw.run(PG:221)
04-10 22:32:25.450  6169  6537 E AiAiEcho: 	at java.lang.Thread.run(Thread.java:1572)
04-10 22:32:25.491  6583  6624 E NexusCSStateManager: Failed to fetch from AppSearch
04-10 22:32:25.491  6583  6624 E NexusCSStateManager: java.util.NoSuchElementException: No value present
04-10 22:32:25.491  6583  6624 E NexusCSStateManager: 	at java.util.Optional.get(Optional.java:143)
04-10 22:32:25.491  6583  6624 E NexusCSStateManager: 	at p6.l.onResult(go/retraceme 7226a759aa2bb3787a79806f85d80eaad84f1f1e15acd6db988f2df789d1680d:36)
04-10 22:32:25.491  6583  6624 E NexusCSStateManager: 	at android.app.appsearch.SearchSessionUtil$1.lambda$onResult$0(go/retraceme 50c746ee5c32f88f733077ebeb4008935661f54b3d9e8e373e734d129bb80b29:144)
04-10 22:32:25.491  6583  6624 E NexusCSStateManager: 	at android.app.appsearch.SearchSessionUtil$1.$r8$lambda$CEk3q8sDAQVhU3rQwVueB8FAj_M(go/retraceme 50c746ee5c32f88f733077ebeb4008935661f54b3d9e8e373e734d129bb80b29:1)
04-10 22:32:25.491  6583  6624 E NexusCSStateManager: 	at android.app.appsearch.SearchSessionUtil$1$$ExternalSyntheticLambda0.run(go/retraceme 50c746ee5c32f88f733077ebeb4008935661f54b3d9e8e373e734d129bb80b29:22)
04-10 22:32:25.491  6583  6624 E NexusCSStateManager: 	at androidx.appfunctions.internal.e.execute(go/retraceme 7226a759aa2bb3787a79806f85d80eaad84f1f1e15acd6db988f2df789d1680d:0)
04-10 22:32:25.491  6583  6624 E NexusCSStateManager: 	at android.app.appsearch.SearchSessionUtil.safeExecute(go/retraceme 50c746ee5c32f88f733077ebeb4008935661f54b3d9e8e373e734d129bb80b29:21)
04-10 22:32:25.491  6583  6624 E NexusCSStateManager: 	at android.app.appsearch.SearchSessionUtil$1.onResult(go/retraceme 50c746ee5c32f88f733077ebeb4008935661f54b3d9e8e373e734d129bb80b29:18)
04-10 22:32:25.491  6583  6624 E NexusCSStateManager: 	at android.app.appsearch.aidl.IAppSearchBatchResultCallback$Stub.onTransact(go/retraceme 50c746ee5c32f88f733077ebeb4008935661f54b3d9e8e373e734d129bb80b29:50)
04-10 22:32:25.491  6583  6624 E NexusCSStateManager: 	at android.os.Binder.execTransactInternal(Binder.java:1471)
04-10 22:32:25.491  6583  6624 E NexusCSStateManager: 	at android.os.Binder.execTransact(Binder.java:1411)
04-10 22:32:25.832  6583  6709 E ZeroStateWebSuggestDataLoader: Failed to fetch suggestions from AppSearch
04-10 22:32:25.832  6583  6709 E ZeroStateWebSuggestDataLoader: java.util.NoSuchElementException: No value present
04-10 22:32:25.832  6583  6709 E ZeroStateWebSuggestDataLoader: 	at java.util.Optional.get(Optional.java:143)
04-10 22:32:25.832  6583  6709 E ZeroStateWebSuggestDataLoader: 	at d6.j.onResult(go/retraceme 7226a759aa2bb3787a79806f85d80eaad84f1f1e15acd6db988f2df789d1680d:32)
04-10 22:32:25.832  6583  6709 E ZeroStateWebSuggestDataLoader: 	at android.app.appsearch.SearchSessionUtil$1.lambda$onResult$0(go/retraceme 50c746ee5c32f88f733077ebeb4008935661f54b3d9e8e373e734d129bb80b29:144)
04-10 22:32:25.832  6583  6709 E ZeroStateWebSuggestDataLoader: 	at android.app.appsearch.SearchSessionUtil$1.$r8$lambda$CEk3q8sDAQVhU3rQwVueB8FAj_M(go/retraceme 50c746ee5c32f88f733077ebeb4008935661f54b3d9e8e373e734d129bb80b29:1)
04-10 22:32:25.832  6583  6709 E ZeroStateWebSuggestDataLoader: 	at android.app.appsearch.SearchSessionUtil$1$$ExternalSyntheticLambda0.run(go/retraceme 50c746ee5c32f88f733077ebeb4008935661f54b3d9e8e373e734d129bb80b29:22)
04-10 22:32:25.832  6583  6709 E ZeroStateWebSuggestDataLoader: 	at android.os.Handler.handleCallback(Handler.java:1095)
04-10 22:32:25.832  6583  6709 E ZeroStateWebSuggestDataLoader: 	at android.os.Handler.dispatchMessageImpl(Handler.java:135)
04-10 22:32:25.832  6583  6709 E ZeroStateWebSuggestDataLoader: 	at android.os.Handler.dispatchMessage(Handler.java:125)
04-10 22:32:25.832  6583  6709 E ZeroStateWebSuggestDataLoader: 	at android.os.Looper.loopOnce(Looper.java:292)
04-10 22:32:25.832  6583  6709 E ZeroStateWebSuggestDataLoader: 	at android.os.Looper.loop(Looper.java:393)
04-10 22:32:25.832  6583  6709 E ZeroStateWebSuggestDataLoader: 	at android.os.HandlerThread.run(HandlerThread.java:139)
04-10 22:32:25.957  6583  6583 E RecyclerView: Cannot scroll to position a LayoutManager set. Call setLayoutManager with a non-null argument.
04-10 22:32:25.963  6583  6583 E RecyclerView: Cannot scroll to position a LayoutManager set. Call setLayoutManager with a non-null argument.
04-10 22:32:26.156  1060  1060 E LauncherProxyService: Failed to get launcher proxy for system bar attr change.
04-10 22:32:26.711  6660  6843 E droid.deskclock: hiddenapi: Accessing hidden field Ljava/util/Collections$SynchronizedCollection;->mutex:Ljava/lang/Object; (runtime_flags=0, domain=core-platform, api=max-target-o) from Lj$/util/DesugarCollections; (domain=app, TargetSdkVersion=33) using reflection: denied
04-10 22:32:26.713  6660  6843 E droid.deskclock: hiddenapi: Accessing hidden method Ljava/util/Collections$SynchronizedSet;-><init>(Ljava/util/Set;Ljava/lang/Object;)V (runtime_flags=0, domain=core-platform, api=max-target-o) from Lj$/util/DesugarCollections; (domain=app, TargetSdkVersion=33) using reflection: denied
04-10 22:32:26.714  6660  6843 E droid.deskclock: hiddenapi: Accessing hidden method Ljava/util/Collections$SynchronizedCollection;-><init>(Ljava/util/Collection;Ljava/lang/Object;)V (runtime_flags=0, domain=core-platform, api=max-target-o) from Lj$/util/DesugarCollections; (domain=app, TargetSdkVersion=33) using reflection: denied
04-10 22:32:26.843  6583  6583 E ConsumerBase: [ImageReader-1x1f1u2816m2-6583-1] abandonLocked: ConsumerBase is abandoned!
04-10 22:32:27.044  1060  1165 E SingleInstanceRemoteListener: Failed remote call on null listener
04-10 22:32:27.059   710   936 E AppOps  : attributionTag VCN not declared in manifest of android
04-10 22:32:27.151  1060  1060 E LauncherProxyService: Failed to get launcher proxy for system bar attr change.
04-10 22:32:27.372  1060  1165 E SingleInstanceRemoteListener: Failed remote call on null listener
04-10 22:32:27.525  1060  1165 E SingleInstanceRemoteListener: Failed remote call on null listener
04-10 22:32:27.541  6583  6708 E SystemUiProxy: getRecentTasks() failed due to null mRecentTasks
04-10 22:32:27.628   710  1010 E ConsumerBase: [ImageReader-576x1024f1m1-710-0] abandonLocked: ConsumerBase is abandoned!
04-10 22:32:28.124   710   724 E AppOps  : attributionTag VCN not declared in manifest of android
04-10 22:32:28.137  1060  1165 E SingleInstanceRemoteListener: Failed remote call on null listener
04-10 22:32:28.255   288   295 E lowmemorykiller: process_mrelease 6726 failed: No such process
04-10 22:32:28.265   288   294 E lowmemorykiller: process_mrelease 6660 failed: No such process
04-10 22:32:28.384  6583  6710 E ConsumerBase: [ImageReader-132x132f1u2816m2-6583-2] abandonLocked: ConsumerBase is abandoned!
04-10 22:32:28.501  1060  1165 E SingleInstanceRemoteListener: Failed remote call on null listener
04-10 22:32:28.578   710   880 E InputDispatcher: channel '[Gesture Monitor] swipe-up' ~ Channel is unrecoverably broken and will be disposed!
04-10 22:32:28.964   710   936 E AppOps  : attributionTag VCN not declared in manifest of android
04-10 22:32:29.175  6583  6708 E ConsumerBase: [ImageReader-26x26f1u2816m2-6583-3] abandonLocked: ConsumerBase is abandoned!
04-10 22:32:29.624  6013  6216 E SatelliteController: registerForSatelliteCommunicationAccessStateChanged: SatelliteManager is null
04-10 22:32:29.720  6013  6216 E SatelliteController: evaluateEnablingSatelliteForCarrier: phone is null for subId=-1
04-10 22:32:29.720  6013  6216 E SatelliteModemInterface: requestIsSatelliteSupported: Satellite service is unavailable.
04-10 22:32:29.750  6013  6216 E SatelliteServiceUtils: isSatelliteSupported SatelliteException: android.telephony.satellite.SatelliteManager$SatelliteException
04-10 22:32:29.881   710  1849 E TaskPersister: File error accessing recents directory (directory doesn't exist?).
04-10 22:32:30.051  6583  6710 E ConsumerBase: [ImageReader-132x132f1u2816m2-6583-4] abandonLocked: ConsumerBase is abandoned!
04-10 22:32:30.478  6583  6710 E Launcher.Model: Loader task completed, name: [addCallbacksAndLoad], mIsCommitted=true
04-10 22:32:31.128  6801  7067 E ActivityThread: Failed to find provider info for androidx.car.app.connection
04-10 22:32:31.963  6013  6013 E SatelliteController: registerForSatelliteModemStateChanged: mSatelliteSessionController is not initialized yet
04-10 22:32:31.963  6013  6013 E SatelliteController: unregisterForModemStateChanged: mSatelliteSessionController is not initialized yet
04-10 22:32:32.004  6013  6013 E SatelliteController: registerForSatelliteModemStateChanged: mSatelliteSessionController is not initialized yet
04-10 22:32:32.005  6013  6013 E SatelliteController: unregisterForModemStateChanged: mSatelliteSessionController is not initialized yet
04-10 22:32:32.080  6013  6216 E SatelliteController: registerForSatelliteCommunicationAccessStateChanged: SatelliteManager is null
04-10 22:32:32.331  6482  6647 E AndroidFutures: Timeout exceeded waiting on crashApplicationOnFailure future. Waited 3000 MILLISECONDS. Allowing future oid@b70399f[status=PENDING, info=[inputFuture=[rge@cea7853[status=PENDING, delegate=[ohz@3b0b590[status=PENDING]]]], remaining delay=[115913 ms]]] to continue anyway.
04-10 22:32:32.331  6482  6647 E AndroidFutures: nlt: 
04-10 22:32:32.331  6482  6647 E AndroidFutures: 	at tk_trace.handleBroadcast(Unknown Source:0)
04-10 22:32:32.331  6482  6647 E AndroidFutures: 	at tk_trace.Broadcast to com.google.android.apps.wellbeing.common.receiver.coalescedreceivers.ContextManagerRestartedCoalescedBroadcast_Receiver com.google.com.android.gms.contextmanager.CONTEXT_MANAGER_RESTARTED(Unknown Source:0)
04-10 22:32:32.331  6482  6647 E AndroidFutures: 	at tk_trace.Application creation(Unknown Source:0)
04-10 22:32:32.537   710   936 E AppOps  : attributionTag VCN not declared in manifest of android
04-10 22:32:32.673  6801  7019 E PhenotypeFlagCommitter: Retrieving snapshot for com.google.android.dialer failed
04-10 22:32:32.673  6801  7019 E PhenotypeFlagCommitter: java.util.concurrent.TimeoutException: Timed out waiting for Task
04-10 22:32:32.673  6801  7019 E PhenotypeFlagCommitter: 	at zib.l(PG:55)
04-10 22:32:32.673  6801  7019 E PhenotypeFlagCommitter: 	at ylk.c(PG:15)
04-10 22:32:32.673  6801  7019 E PhenotypeFlagCommitter: 	at ylk.d(PG:38)
04-10 22:32:32.673  6801  7019 E PhenotypeFlagCommitter: 	at quj.call(PG:346)
04-10 22:32:32.673  6801  7019 E PhenotypeFlagCommitter: 	at agin.call(PG:21)
04-10 22:32:32.673  6801  7019 E PhenotypeFlagCommitter: 	at aglc.a(PG:3)
04-10 22:32:32.673  6801  7019 E PhenotypeFlagCommitter: 	at agkf.run(PG:19)
04-10 22:32:32.673  6801  7019 E PhenotypeFlagCommitter: 	at agld.run(PG:5)
04-10 22:32:32.673  6801  7019 E PhenotypeFlagCommitter: 	at zgq.run(PG:7)
04-10 22:32:32.673  6801  7019 E PhenotypeFlagCommitter: 	at java.util.concurrent.ThreadPoolExecutor.runWorker(ThreadPoolExecutor.java:1100)
04-10 22:32:32.673  6801  7019 E PhenotypeFlagCommitter: 	at java.util.concurrent.ThreadPoolExecutor$Worker.run(ThreadPoolExecutor.java:624)
04-10 22:32:32.673  6801  7019 E PhenotypeFlagCommitter: 	at xyv.run(PG:80)
04-10 22:32:32.673  6801  7019 E PhenotypeFlagCommitter: 	at zgc.run(PG:678)
04-10 22:32:32.673  6801  7019 E PhenotypeFlagCommitter: 	at java.lang.Thread.run(Thread.java:1572)
04-10 22:32:32.673  6801  7019 E PhenotypeFlagCommitter: 	at zhr.run(PG:61)
04-10 22:32:33.168  6482  6632 E FenceManagerImpl: <DWB> Failed to query lost fences
04-10 22:32:33.168  6482  6632 E FenceManagerImpl: FenceOperationException(errorCode=TIMEOUT_ERROR, gmsCoreApiException=null, gmsCoreApiAvailabilityException=null, cause=oic: Timed out: kud@681eb72[status=PENDING, info=[kfi@73a2bc3]])
04-10 22:32:33.168  6482  6632 E FenceManagerImpl: 	at giy.b(PG:1398)
04-10 22:32:33.168  6482  6632 E FenceManagerImpl: 	at quq.p(PG:11)
04-10 22:32:33.168  6482  6632 E FenceManagerImpl: 	at rah.run(PG:99)
04-10 22:32:33.168  6482  6632 E FenceManagerImpl: 	at lli.run(PG:36)
04-10 22:32:33.168  6482  6632 E FenceManagerImpl: 	at kpo.run(PG:7)
04-10 22:32:33.168  6482  6632 E FenceManagerImpl: 	at odi.run(PG:44)
04-10 22:32:33.168  6482  6632 E FenceManagerImpl: 	at bm.run(PG:389)
04-10 22:32:33.168  6482  6632 E FenceManagerImpl: 	at java.lang.Thread.run(Thread.java:1572)
04-10 22:32:33.168  6482  6632 E FenceManagerImpl: 	at kra.run(PG:61)
04-10 22:32:33.168  6482  6632 E FenceManagerImpl: Caused by: oic: Timed out: kud@681eb72[status=PENDING, info=[kfi@73a2bc3]]
04-10 22:32:33.572  6169  6435 E AiAiEcho: EchoSearch: SettingsFetcherImpl: DB already exists.
04-10 22:32:34.472  6482  6632 E FenceManagerImpl: <DWB> Failed to query lost fences
04-10 22:32:34.472  6482  6632 E FenceManagerImpl: FenceOperationException(errorCode=TIMEOUT_ERROR, gmsCoreApiException=null, gmsCoreApiAvailabilityException=null, cause=oic: Timed out (timeout delayed by 34 ms after scheduled time): kud@f4d5358[status=PENDING, info=[kfi@1617cb1]])
04-10 22:32:34.472  6482  6632 E FenceManagerImpl: 	at giy.b(PG:1398)
04-10 22:32:34.472  6482  6632 E FenceManagerImpl: 	at quq.p(PG:11)
04-10 22:32:34.472  6482  6632 E FenceManagerImpl: 	at rah.run(PG:99)
04-10 22:32:34.472  6482  6632 E FenceManagerImpl: 	at lli.run(PG:36)
04-10 22:32:34.472  6482  6632 E FenceManagerImpl: 	at kpo.run(PG:7)
04-10 22:32:34.472  6482  6632 E FenceManagerImpl: 	at odi.run(PG:44)
04-10 22:32:34.472  6482  6632 E FenceManagerImpl: 	at bm.run(PG:389)
04-10 22:32:34.472  6482  6632 E FenceManagerImpl: 	at java.lang.Thread.run(Thread.java:1572)
04-10 22:32:34.472  6482  6632 E FenceManagerImpl: 	at kra.run(PG:61)
04-10 22:32:34.472  6482  6632 E FenceManagerImpl: Caused by: oic: Timed out (timeout delayed by 34 ms after scheduled time): kud@f4d5358[status=PENDING, info=[kfi@1617cb1]]
04-10 22:32:34.524  6967  7000 E DatabaseUtils: Writing exception to parcel
04-10 22:32:34.524  6967  7000 E DatabaseUtils: java.lang.UnsupportedOperationException
04-10 22:32:34.524  6967  7000 E DatabaseUtils: 	at com.google.android.apps.gsa.staticplugins.publiccontent.GsaPublicContentProvider.query(PG:480)
04-10 22:32:34.524  6967  7000 E DatabaseUtils: 	at android.content.ContentProvider.query(ContentProvider.java:1670)
04-10 22:32:34.524  6967  7000 E DatabaseUtils: 	at android.content.ContentProvider.query(ContentProvider.java:1766)
04-10 22:32:34.524  6967  7000 E DatabaseUtils: 	at android.content.ContentProvider$Transport.query(ContentProvider.java:304)
04-10 22:32:34.524  6967  7000 E DatabaseUtils: 	at android.content.ContentProviderNative.onTransact(ContentProviderNative.java:109)
04-10 22:32:34.524  6967  7000 E DatabaseUtils: 	at android.os.Binder.execTransactInternal(Binder.java:1466)
04-10 22:32:34.524  6967  7000 E DatabaseUtils: 	at android.os.Binder.execTransact(Binder.java:1411)
04-10 22:32:34.529  6583  6821 E DoodleDataLoader: Error fetching doodle
04-10 22:32:34.529  6583  6821 E DoodleDataLoader: java.lang.UnsupportedOperationException
04-10 22:32:34.529  6583  6821 E DoodleDataLoader: 	at android.database.DatabaseUtils.readExceptionFromParcel(DatabaseUtils.java:209)
04-10 22:32:34.529  6583  6821 E DoodleDataLoader: 	at android.database.DatabaseUtils.readExceptionFromParcel(DatabaseUtils.java:177)
04-10 22:32:34.529  6583  6821 E DoodleDataLoader: 	at android.content.ContentProviderProxy.query(ContentProviderNative.java:497)
04-10 22:32:34.529  6583  6821 E DoodleDataLoader: 	at android.content.ContentProviderClient.lambda$query$1(ContentProviderClient.java:330)
04-10 22:32:34.529  6583  6821 E DoodleDataLoader: 	at android.content.ContentProviderClient.$r8$lambda$30ruSb8khJgOcMU3BAg6NHb0qXI(ContentProviderClient.java:0)
04-10 22:32:34.529  6583  6821 E DoodleDataLoader: 	at android.content.ContentProviderClient$$ExternalSyntheticLambda5.apply(D8$$SyntheticClass:0)
04-10 22:32:34.529  6583  6821 E DoodleDataLoader: 	at android.content.ContentProviderClient.execute(ContentProviderClient.java:732)
04-10 22:32:34.529  6583  6821 E DoodleDataLoader: 	at android.content.ContentProviderClient.query(ContentProviderClient.java:329)
04-10 22:32:34.529  6583  6821 E DoodleDataLoader: 	at android.content.ContentProviderClient.query(ContentProviderClient.java:320)
04-10 22:32:34.529  6583  6821 E DoodleDataLoader: 	at android.content.ContentProviderClient.query(ContentProviderClient.java:310)
04-10 22:32:34.529  6583  6821 E DoodleDataLoader: 	at l6.d.d(go/retraceme 7226a759aa2bb3787a79806f85d80eaad84f1f1e15acd6db988f2df789d1680d:23)
04-10 22:32:34.529  6583  6821 E DoodleDataLoader: 	at l6.g.run(go/retraceme 7226a759aa2bb3787a79806f85d80eaad84f1f1e15acd6db988f2df789d1680d:2)
04-10 22:32:34.529  6583  6821 E DoodleDataLoader: 	at android.os.Handler.handleCallback(Handler.java:1095)
04-10 22:32:34.529  6583  6821 E DoodleDataLoader: 	at android.os.Handler.dispatchMessageImpl(Handler.java:135)
04-10 22:32:34.529  6583  6821 E DoodleDataLoader: 	at android.os.Handler.dispatchMessage(Handler.java:125)
04-10 22:32:34.529  6583  6821 E DoodleDataLoader: 	at android.os.Looper.loopOnce(Looper.java:292)
04-10 22:32:34.529  6583  6821 E DoodleDataLoader: 	at android.os.Looper.loop(Looper.java:393)
04-10 22:32:34.529  6583  6821 E DoodleDataLoader: 	at android.os.HandlerThread.run(HandlerThread.java:139)
04-10 22:32:34.583   710   936 E AppOps  : attributionTag VCN not declared in manifest of android
04-10 22:32:34.587  6962  7227 E PhotosApiClient: Execution exception occurred: java.util.concurrent.ExecutionException: io.grpc.StatusRuntimeException: UNIMPLEMENTED: bindService(Intent { act=grpc.io.action.BIND xflg=0x4 cmp=com.google.android.apps.photos/.curatedwallpapers.apiservice.PhotosCuratedWallpapersApiService }) returned false
04-10 22:32:35.740   710   734 E libbinder.Parcel: Reading a NULL string not supported here.
04-10 22:32:35.740   710   734 E ARProxy : Unknown descriptor: 
04-10 22:32:36.563  1214  1304 E SystemServiceRegistry: No service published for: ethernet
04-10 22:32:36.563  1214  1304 E SystemServiceRegistry: android.os.ServiceManager$ServiceNotFoundException: No service published for: ethernet
04-10 22:32:36.563  1214  1304 E SystemServiceRegistry: 	at android.os.ServiceManager.getServiceOrThrow(ServiceManager.java:176)
04-10 22:32:36.563  1214  1304 E SystemServiceRegistry: 	at android.app.SystemServiceRegistry$168.createService(SystemServiceRegistry.java:2638)
04-10 22:32:36.563  1214  1304 E SystemServiceRegistry: 	at android.app.SystemServiceRegistry$CachedServiceFetcher.getService(SystemServiceRegistry.java:2768)
04-10 22:32:36.563  1214  1304 E SystemServiceRegistry: 	at android.app.SystemServiceRegistry.getSystemService(SystemServiceRegistry.java:2285)
04-10 22:32:36.563  1214  1304 E SystemServiceRegistry: 	at android.app.ContextImpl.getSystemService(ContextImpl.java:2448)
04-10 22:32:36.563  1214  1304 E SystemServiceRegistry: 	at android.content.ContextWrapper.getSystemService(ContextWrapper.java:991)
04-10 22:32:36.563  1214  1304 E SystemServiceRegistry: 	at com.android.networkstack.tethering.Tethering.isEthernetSupported(Tethering.java:1849)
04-10 22:32:36.563  1214  1304 E SystemServiceRegistry: 	at com.android.networkstack.tethering.Tethering.makeSupportedDownstreams(Tethering.java:2830)
04-10 22:32:36.563  1214  1304 E SystemServiceRegistry: 	at com.android.networkstack.tethering.Tethering.updateSupportedDownstreams(Tethering.java:2804)
04-10 22:32:36.563  1214  1304 E SystemServiceRegistry: 	at com.android.networkstack.tethering.Tethering.updateConfiguration(Tethering.java:558)
04-10 22:32:36.563  1214  1304 E SystemServiceRegistry: 	at com.android.networkstack.tethering.Tethering.-$$Nest$mupdateConfiguration(Tethering.java:0)
04-10 22:32:36.563  1214  1304 E SystemServiceRegistry: 	at com.android.networkstack.tethering.Tethering$ActiveDataSubIdListener.onActiveDataSubscriptionIdChanged(Tethering.java:534)
04-10 22:32:36.563  1214  1304 E SystemServiceRegistry: 	at android.telephony.PhoneStateListener$IPhoneStateListenerStub.lambda$onActiveDataSubIdChanged$56(PhoneStateListener.java:1622)
04-10 22:32:36.563  1214  1304 E SystemServiceRegistry: 	at android.telephony.PhoneStateListener$IPhoneStateListenerStub$$ExternalSyntheticLambda15.run(D8$$SyntheticClass:0)
04-10 22:32:36.563  1214  1304 E SystemServiceRegistry: 	at android.os.Handler.handleCallback(Handler.java:1095)
04-10 22:32:36.563  1214  1304 E SystemServiceRegistry: 	at android.os.Handler.dispatchMessageImpl(Handler.java:135)
04-10 22:32:36.563  1214  1304 E SystemServiceRegistry: 	at android.os.Handler.dispatchMessage(Handler.java:125)
04-10 22:32:36.563  1214  1304 E SystemServiceRegistry: 	at android.os.Looper.loopOnce(Looper.java:292)
04-10 22:32:36.563  1214  1304 E SystemServiceRegistry: 	at android.os.Looper.loop(Looper.java:393)
04-10 22:32:36.563  1214  1304 E SystemServiceRegistry: 	at android.os.HandlerThread.run(HandlerThread.java:139)
04-10 22:32:36.682  6013  6216 E SatelliteModemInterface: requestIsSatelliteSupported: Satellite service is unavailable.
04-10 22:32:36.682  6013  6216 E SatelliteServiceUtils: isSatelliteSupported SatelliteException: android.telephony.satellite.SatelliteManager$SatelliteException
04-10 22:32:36.784  6698  6698 E NetworkScheduler: Compat called without init
04-10 22:32:37.464   710  2002 E JobScheduler.JobStatus: App com.google.android.dialer became active but still in NEVER bucket
04-10 22:32:37.515   710   936 E AppOps  : attributionTag VCN not declared in manifest of android
04-10 22:32:37.672   710   859 E JobScheduler.JobStatus: App com.google.android.dialer became active but still in NEVER bucket
04-10 22:32:37.733   710   859 E JobScheduler.JobStatus: App com.google.android.dialer became active but still in NEVER bucket
04-10 22:32:37.812   710   859 E JobScheduler.JobStatus: App com.google.android.dialer became active but still in NEVER bucket
04-10 22:32:37.813   710   859 E JobScheduler.JobStatus: App com.google.android.dialer became active but still in NEVER bucket
04-10 22:32:37.835   710   859 E JobScheduler.JobStatus: App com.google.android.dialer became active but still in NEVER bucket
04-10 22:32:37.835   710   859 E JobScheduler.JobStatus: App com.google.android.dialer became active but still in NEVER bucket
04-10 22:32:37.897   710   859 E JobScheduler.JobStatus: App com.google.android.dialer became active but still in NEVER bucket
04-10 22:32:38.008   710   859 E JobScheduler.JobStatus: App com.google.android.dialer became active but still in NEVER bucket
04-10 22:32:38.274   710   936 E AppOps  : attributionTag VCN not declared in manifest of android
04-10 22:32:38.465  6013  6013 E TelephonyConfigUpdateInstallReceiver: Failed to read current content : /data/misc/telephonyconfig/valid_telephony_config.pb
04-10 22:32:38.594  6013  6013 E TelephonyConfigUpdateInstallReceiver: Failed to read current content : /data/misc/telephonyconfig/valid_telephony_config.pb
04-10 22:32:38.784  6013  6013 E TelephonyConfigUpdateInstallReceiver: Failed to read current content : /data/misc/telephonyconfig/valid_telephony_config.pb
04-10 22:32:38.839   710   725 E JobScheduler.JobStatus: App com.google.android.dialer became active but still in NEVER bucket
04-10 22:32:38.928  6013  6013 E TelephonyConfigUpdateInstallReceiver: Failed to read current content : /data/misc/telephonyconfig/valid_telephony_config.pb
04-10 22:32:38.951  6013  6013 E SatelliteController: registerForSatelliteModemStateChanged: mSatelliteSessionController is not initialized yet
04-10 22:32:38.951  6013  6013 E SatelliteController: unregisterForModemStateChanged: mSatelliteSessionController is not initialized yet
04-10 22:32:38.955   710  1105 E JobScheduler.JobStatus: App com.google.android.dialer became active but still in NEVER bucket
04-10 22:32:38.993  6013  6013 E SatelliteController: registerForSatelliteModemStateChanged: mSatelliteSessionController is not initialized yet
04-10 22:32:38.993  6013  6013 E SatelliteController: unregisterForModemStateChanged: mSatelliteSessionController is not initialized yet
04-10 22:32:40.045   710   845 E JobScheduler.JobStatus: App com.google.android.dialer became active but still in NEVER bucket
04-10 22:32:40.518  6013  6216 E SatelliteModemInterface: requestIsSatelliteSupported: Satellite service is unavailable.
04-10 22:32:40.518  6013  6216 E SatelliteServiceUtils: isSatelliteSupported SatelliteException: android.telephony.satellite.SatelliteManager$SatelliteException
04-10 22:32:41.098  6698  6698 E .gms.persistent: hiddenapi: Accessing hidden method Landroid/net/ConnectivityManager;->isNetworkTypeMobile(I)Z (runtime_flags=0, domain=platform, api=max-target-p) from Lbzxz; (domain=app, TargetSdkVersion=37) using reflection: denied
04-10 22:32:41.099  6698  6698 E .gms.persistent: hiddenapi: Accessing hidden method Landroid/os/PowerManager;->isLightDeviceIdleMode()Z (runtime_flags=0, domain=platform, api=max-target-s) from Lbzxz; (domain=app, TargetSdkVersion=37) using reflection: denied
04-10 22:32:41.164   710   747 E libbinder.IPCThreadState: Binder transaction failure. id: 187747, cmd: BR_DEAD_REPLY (29189), error: -22 (Invalid argument)
04-10 22:32:41.408  6013  6216 E SatelliteController: registerForSatelliteCommunicationAccessStateChanged: SatelliteManager is null
04-10 22:32:42.021   710  2002 E JobScheduler.JobStatus: App com.google.android.dialer became active but still in NEVER bucket
04-10 22:32:43.110   710  1744 E JobScheduler.JobStatus: App com.google.android.dialer became active but still in NEVER bucket
04-10 22:32:44.530   710  1744 E AppOps  : Bad call made by uid 1000. Package "com.google.android.googlequicksearchbox" does not belong to uid 1000.
04-10 22:32:44.767   710   747 E libbinder.IPCThreadState: Binder transaction failure. id: 189478, cmd: BR_DEAD_REPLY (29189), error: -22 (Invalid argument)
04-10 22:32:44.892   710   936 E AppOps  : attributionTag VCN not declared in manifest of android
04-10 22:32:45.484   710  1912 E libbinder.IPCThreadState: binder thread pool (31 threads) starved for 363 ms
04-10 22:32:45.669  6698  7040 E libbinder.IPCThreadState: Binder transaction failure. id: 189983, cmd: BR_DEAD_REPLY (29189), error: -22 (Invalid argument)
04-10 22:32:46.365   710  1210 E JobScheduler.JobStatus: App com.google.android.dialer became active but still in NEVER bucket
04-10 22:32:47.509  6698  7313 E ctxmgr  : [ShushGestureSensor] Context hub handle not found [CONTEXT service_id=47 ]
04-10 22:32:48.224   710  1926 E JobScheduler.JobStatus: App com.google.android.dialer became active but still in NEVER bucket
04-10 22:32:48.609  6698  7111 E libbinder.IPCThreadState: Binder transaction failure. id: 191914, cmd: BR_DEAD_REPLY (29189), error: -22 (Invalid argument)
04-10 22:32:49.178   710  1745 E JobScheduler.JobStatus: App com.google.android.dialer became active but still in NEVER bucket
04-10 22:32:49.515   710  2489 E JobScheduler.JobStatus: App com.google.android.dialer became active but still in NEVER bucket
04-10 22:32:49.711   710   919 E WifiStaIfaceAidlImpl: stopRssiMonitoring failed with service-specific exception: android.os.ServiceSpecificException:  (code 5)
04-10 22:32:49.774   710   919 E WifiStaIfaceAidlImpl: setRoamingState failed with service-specific exception: android.os.ServiceSpecificException:  (code 4)
04-10 22:32:51.235  6801  7215 E ActivityThread: Failed to find provider info for call_log
04-10 22:32:51.236  6801  7136 E ActivityThread: Failed to find provider info for com.android.voicemail
04-10 22:32:53.148   710   925 E WifiScanningService: wifi driver loaded received while already loaded
04-10 22:32:53.274   710   925 E Nl80211Native: getChannelsMhzForBand: Wiphy index not recorded for band 8
04-10 22:32:53.274   710   925 E Nl80211Native: getChannelsMhzForBand: Wiphy index not recorded for band 16
04-10 22:32:53.710  6013  6216 E SatelliteController: registerForSatelliteCommunicationAccessStateChanged: SatelliteManager is null
04-10 22:32:53.901   710  1745 E JobScheduler.JobStatus: App com.google.android.dialer became active but still in NEVER bucket
04-10 22:32:53.922   710   919 E WifiChipAidlImpl: getUsableChannels failed with service-specific exception: android.os.ServiceSpecificException:  (code 4)
04-10 22:32:54.161   710   919 E AppOps  : attributionTag UwbCountryCode not declared in manifest of android
04-10 22:32:54.258   710   919 E WifiStaIfaceAidlImpl: setDtimMultiplier failed with service-specific exception: android.os.ServiceSpecificException:  (code 4)
04-10 22:32:54.357   710  1454 E JobScheduler.JobStatus: App com.google.android.dialer became active but still in NEVER bucket
04-10 22:32:54.462   710  1454 E JobScheduler.JobStatus: App com.google.android.dialer became active but still in NEVER bucket
04-10 22:32:54.565  7337  7337 E LibraryModuleRegistry: LibraryModuleRegistry.register():48 Module mobilebert_classifier_android_jni has already been registered to integrated_shared_object
04-10 22:32:54.604  6962  7146 E BackdropCategoryClient: Unable to fetch Backdrop wallpapers for the collection ID: landscape
04-10 22:32:54.604  6962  7146 E BackdropCategoryClient: com.android.volley.NoConnectionError: java.net.ConnectException: Failed to connect to clients3.google.com/[2404:6800:4002:820::200e]:443
04-10 22:32:54.604  6962  7146 E BackdropCategoryClient: 	at com.android.volley.toolbox.BasicNetwork.performRequest(go/retraceme fa00526a4fb7e337a123afe331b069fbcddd9408e0c4e21122e228f793fdbdf5:391)
04-10 22:32:54.604  6962  7146 E BackdropCategoryClient: 	at com.android.volley.NetworkDispatcher.processRequest(go/retraceme fa00526a4fb7e337a123afe331b069fbcddd9408e0c4e21122e228f793fdbdf5:25)
04-10 22:32:54.604  6962  7146 E BackdropCategoryClient: 	at com.android.volley.NetworkDispatcher.run(go/retraceme fa00526a4fb7e337a123afe331b069fbcddd9408e0c4e21122e228f793fdbdf5:15)
04-10 22:32:54.604  6962  7146 E BackdropCategoryClient: Caused by: java.net.ConnectException: Failed to connect to clients3.google.com/[2404:6800:4002:820::200e]:443
04-10 22:32:54.604  6962  7146 E BackdropCategoryClient: 	at com.android.okhttp.internal.io.RealConnection.connectSocket(RealConnection.java:147)
04-10 22:32:54.604  6962  7146 E BackdropCategoryClient: 	at com.android.okhttp.internal.io.RealConnection.connect(RealConnection.java:116)
04-10 22:32:54.604  6962  7146 E BackdropCategoryClient: 	at com.android.okhttp.internal.http.StreamAllocation.findConnection(StreamAllocation.java:186)
04-10 22:32:54.604  6962  7146 E BackdropCategoryClient: 	at com.android.okhttp.internal.http.StreamAllocation.findHealthyConnection(StreamAllocation.java:128)
04-10 22:32:54.604  6962  7146 E BackdropCategoryClient: 	at com.android.okhttp.internal.http.StreamAllocation.newStream(StreamAllocation.java:97)
04-10 22:32:54.604  6962  7146 E BackdropCategoryClient: 	at com.android.okhttp.internal.http.HttpEngine.connect(HttpEngine.java:289)
04-10 22:32:54.604  6962  7146 E BackdropCategoryClient: 	at com.android.okhttp.internal.http.HttpEngine.sendRequest(HttpEngine.java:232)
04-10 22:32:54.604  6962  7146 E BackdropCategoryClient: 	at com.android.okhttp.internal.huc.HttpURLConnectionImpl.execute(HttpURLConnectionImpl.java:465)
04-10 22:32:54.604  6962  7146 E BackdropCategoryClient: 	at com.android.okhttp.internal.huc.HttpURLConnectionImpl.connect(HttpURLConnectionImpl.java:131)
04-10 22:32:54.604  6962  7146 E BackdropCategoryClient: 	at com.android.okhttp.internal.huc.HttpURLConnectionImpl.getOutputStream(HttpURLConnectionImpl.java:262)
04-10 22:32:54.604  6962  7146 E BackdropCategoryClient: 	at com.android.okhttp.internal.huc.DelegatingHttpsURLConnection.getOutputStream(DelegatingHttpsURLConnection.java:219)
04-10 22:32:54.604  6962  7146 E BackdropCategoryClient: 	at com.android.okhttp.internal.huc.HttpsURLConnectionImpl.getOutputStream(HttpsURLConnectionImpl.java:30)
04-10 22:32:54.604  6962  7146 E BackdropCategoryClient: 	at com.android.volley.toolbox.HurlStack.addBodyIfExists(go/retraceme fa00526a4fb7e337a123afe331b069fbcddd9408e0c4e21122e228f793fdbdf5:39)
04-10 22:32:54.604  6962  7146 E BackdropCategoryClient: 	at com.android.volley.toolbox.HurlStack.executeRequest(go/retraceme fa00526a4fb7e337a123afe331b069fbcddd9408e0c4e21122e228f793fdbdf5:106)
04-10 22:32:54.604  6962  7146 E BackdropCategoryClient: 	at com.android.volley.toolbox.BasicNetwork.performRequest(go/retraceme fa00526a4fb7e337a123afe331b069fbcddd9408e0c4e21122e228f793fdbdf5:73)
04-10 22:32:54.604  6962  7146 E BackdropCategoryClient: 	... 2 more
04-10 22:32:54.917  6962  7146 E BackdropCategoryClient: Unable to fetch Backdrop wallpapers for the collection ID: art
04-10 22:32:55.061  6962  7146 E BackdropCategoryClient: Unable to fetch Backdrop wallpapers for the collection ID: satellite
04-10 22:32:55.156  6962  7146 E BackdropCategoryClient: Unable to fetch Backdrop wallpapers for the collection ID: solidcolors
04-10 22:32:55.184  6962  7146 E BackdropCategoryClient: Unable to fetch Backdrop wallpapers for the collection ID: geometric_shapes
04-10 22:32:55.383  6962  7146 E BackdropCategoryClient: Unable to fetch Backdrop wallpapers for the collection ID: underwater
04-10 22:32:55.895  1060  1060 E DateSmartspaceView: No tap action can be set up
04-10 22:32:55.917  6013  6216 E SatelliteController: registerForSatelliteCommunicationAccessStateChanged: SatelliteManager is null
04-10 22:32:56.189  1060  1060 E DateSmartspaceView: No tap action can be set up
04-10 22:32:56.586   710   919 E MboOceController: onDataConnectionStateChanged unexpected State: -1
04-10 22:32:57.054   710  1858 E WifiService: Attempt to retrieve passpoint with invalid scanResult List
04-10 22:32:57.088   710  1455 E WifiService: Attempt to retrieve Passpoint configuration with null osuProviders
04-10 22:32:57.223  6013  6013 E SatelliteController: registerForSatelliteModemStateChanged: mSatelliteSessionController is not initialized yet
04-10 22:32:57.223  6013  6013 E SatelliteController: unregisterForModemStateChanged: mSatelliteSessionController is not initialized yet
04-10 22:32:57.792  1214  1304 E SystemServiceRegistry: No service published for: ethernet
04-10 22:32:57.792  1214  1304 E SystemServiceRegistry: android.os.ServiceManager$ServiceNotFoundException: No service published for: ethernet
04-10 22:32:57.792  1214  1304 E SystemServiceRegistry: 	at android.os.ServiceManager.getServiceOrThrow(ServiceManager.java:176)
04-10 22:32:57.792  1214  1304 E SystemServiceRegistry: 	at android.app.SystemServiceRegistry$168.createService(SystemServiceRegistry.java:2638)
04-10 22:32:57.792  1214  1304 E SystemServiceRegistry: 	at android.app.SystemServiceRegistry$CachedServiceFetcher.getService(SystemServiceRegistry.java:2768)
04-10 22:32:57.792  1214  1304 E SystemServiceRegistry: 	at android.app.SystemServiceRegistry.getSystemService(SystemServiceRegistry.java:2285)
04-10 22:32:57.792  1214  1304 E SystemServiceRegistry: 	at android.app.ContextImpl.getSystemService(ContextImpl.java:2448)
04-10 22:32:57.792  1214  1304 E SystemServiceRegistry: 	at android.content.ContextWrapper.getSystemService(ContextWrapper.java:991)
04-10 22:32:57.792  1214  1304 E SystemServiceRegistry: 	at com.android.networkstack.tethering.Tethering.isEthernetSupported(Tethering.java:1849)
04-10 22:32:57.792  1214  1304 E SystemServiceRegistry: 	at com.android.networkstack.tethering.Tethering.makeSupportedDownstreams(Tethering.java:2830)
04-10 22:32:57.792  1214  1304 E SystemServiceRegistry: 	at com.android.networkstack.tethering.Tethering.updateSupportedDownstreams(Tethering.java:2804)
04-10 22:32:57.792  1214  1304 E SystemServiceRegistry: 	at com.android.networkstack.tethering.Tethering.updateConfiguration(Tethering.java:558)
04-10 22:32:57.792  1214  1304 E SystemServiceRegistry: 	at com.android.networkstack.tethering.Tethering.-$$Nest$mupdateConfiguration(Tethering.java:0)
04-10 22:32:57.792  1214  1304 E SystemServiceRegistry: 	at com.android.networkstack.tethering.Tethering$StateReceiver.onReceive(Tethering.java:1372)
04-10 22:32:57.792  1214  1304 E SystemServiceRegistry: 	at android.app.LoadedApk$ReceiverDispatcher$Args.lambda$getRunnable$0(LoadedApk.java:2050)
04-10 22:32:57.792  1214  1304 E SystemServiceRegistry: 	at android.app.LoadedApk$ReceiverDispatcher$Args.$r8$lambda$mcNAAl1SQ4MyJPyDg8TJ2x2h0Rk(LoadedApk.java:0)
04-10 22:32:57.792  1214  1304 E SystemServiceRegistry: 	at android.app.LoadedApk$ReceiverDispatcher$Args$$ExternalSyntheticLambda0.run(D8$$SyntheticClass:0)
04-10 22:32:57.792  1214  1304 E SystemServiceRegistry: 	at android.os.Handler.handleCallback(Handler.java:1095)
04-10 22:32:57.792  1214  1304 E SystemServiceRegistry: 	at android.os.Handler.dispatchMessageImpl(Handler.java:135)
04-10 22:32:57.792  1214  1304 E SystemServiceRegistry: 	at android.os.Handler.dispatchMessage(Handler.java:125)
04-10 22:32:57.792  1214  1304 E SystemServiceRegistry: 	at android.os.Looper.loopOnce(Looper.java:292)
04-10 22:32:57.792  1214  1304 E SystemServiceRegistry: 	at android.os.Looper.loop(Looper.java:393)
04-10 22:32:57.792  1214  1304 E SystemServiceRegistry: 	at android.os.HandlerThread.run(HandlerThread.java:139)
04-10 22:33:01.361   710   919 E Nl80211Native: Cannot abort scan when iface isn't scanning: wlan0
04-10 22:33:03.216   710   725 E JobScheduler.JobStatus: App com.google.android.dialer became active but still in NEVER bucket
04-10 22:33:04.118  6698  7208 E WakeLock: GmsAlarm:CMAlarm ** IS FORCE-RELEASED ON TIMEOUT ** [CONTEXT service_id=259 ]
04-10 22:33:04.439   710  1914 E JobScheduler.JobStatus: App com.google.android.dialer became active but still in NEVER bucket
04-10 22:33:04.836   710   919 E Nl80211Native: Failed to get BSSID from association event 38
04-10 22:33:05.097   710   750 E libprocessgroup: Unable to remove cgroup /sys/fs/cgroup/apps/uid_10196/pid_1060: Device or resource busy
04-10 22:33:05.229   710  7464 E ActivityManager: ANR in com.android.phone
04-10 22:33:05.229   710  7464 E ActivityManager: PID: 6013
04-10 22:33:05.229   710  7464 E ActivityManager: Reason: Broadcast of Intent { act=android.intent.action.SIM_STATE_CHANGED flg=0x15000010 xflg=0x4 cmp=com.android.phone/.vvm.VvmSimStateTracker (has extras) }
04-10 22:33:05.229   710  7464 E ActivityManager: ErrorId: 156dbbfa-5a67-4aca-ba60-d9a3f58874fb
04-10 22:33:05.229   710  7464 E ActivityManager: Frozen: false
04-10 22:33:05.229   710  7464 E ActivityManager: Load: 0.0 / 0.0 / 0.0
04-10 22:33:05.229   710  7464 E ActivityManager: ----- Output from /proc/pressure/memory -----
04-10 22:33:05.229   710  7464 E ActivityManager: some avg10=4.55 avg60=3.71 avg300=2.29 total=12348993
04-10 22:33:05.229   710  7464 E ActivityManager: full avg10=2.17 avg60=1.81 avg300=1.20 total=7083013
04-10 22:33:05.229   710  7464 E ActivityManager: ----- End output from /proc/pressure/memory -----
04-10 22:33:05.229   710  7464 E ActivityManager: ----- Output from /proc/pressure/cpu -----
04-10 22:33:05.229   710  7464 E ActivityManager: some avg10=86.71 avg60=82.22 avg300=60.09 total=322564595
04-10 22:33:05.229   710  7464 E ActivityManager: full avg10=0.00 avg60=0.00 avg300=0.00 total=0
04-10 22:33:05.229   710  7464 E ActivityManager: ----- End output from /proc/pressure/cpu -----
04-10 22:33:05.229   710  7464 E ActivityManager: ----- Output from /proc/pressure/io -----
04-10 22:33:05.229   710  7464 E ActivityManager: some avg10=36.99 avg60=38.17 avg300=30.72 total=177082131
04-10 22:33:05.229   710  7464 E ActivityManager: full avg10=0.12 avg60=0.36 avg300=0.84 total=8697175
04-10 22:33:05.229   710  7464 E ActivityManager: ----- End output from /proc/pressure/io -----
04-10 22:33:05.229   710  7464 E ActivityManager: 
04-10 22:33:05.229   710  7464 E ActivityManager: CPU usage from 31ms to 5658ms later (2026-04-10 22:32:59.171 to 2026-04-10 22:33:04.798):
04-10 22:33:05.229   710  7464 E ActivityManager:   84% 710/system_server: 43% user + 41% kernel / faults: 1136 minor 10 major
04-10 22:33:05.229   710  7464 E ActivityManager:   41% 505/surfaceflinger: 17% user + 23% kernel / faults: 1 major
04-10 22:33:05.229   710  7464 E ActivityManager:   25% 6698/com.google.android.gms.persistent: 15% user + 9.7% kernel / faults: 1371 minor 8 major
04-10 22:33:05.229   710  7464 E ActivityManager:   19% 7337/com.google.android.inputmethod.latin: 11% user + 8.4% kernel / faults: 1241 minor 10 major
04-10 22:33:05.229   710  7464 E ActivityManager:   16% 458/android.hardware.graphics.composer3-service.ranchu: 6.2% user + 10% kernel
04-10 22:33:05.229   710  7464 E ActivityManager:   15% 512/adbd: 4.5% user + 10% kernel / faults: 1093 minor
04-10 22:33:05.229   710  7464 E ActivityManager:   12% 6013/com.android.phone: 5.6% user + 6.4% kernel / faults: 690 minor 1 major
04-10 22:33:05.229   710  7464 E ActivityManager:   11% 6801/com.google.android.dialer: 7% user + 4.3% kernel / faults: 218 minor
04-10 22:33:05.229   710  7464 E ActivityManager:   10% 7362/com.google.android.apps.photos: 5.4% user + 4.6% kernel / faults: 320 minor 8 major
04-10 22:33:05.229   710  7464 E ActivityManager:   9.6% 449/android.hardware.sensors-service.multihal: 4.4% user + 5.2% kernel
04-10 22:33:05.229   710  7464 E ActivityManager: 100% TOTAL: 39% user + 43% kernel + 16% irq + 1% softirq
04-10 22:33:05.229   710  7464 E ActivityManager: CPU usage from 434795ms to 434795ms ago (1970-01-01 05:30:00.000 to 1970-01-01 05:30:00.000) with 0% awake:
04-10 22:33:05.229   710  7464 E ActivityManager: 0% TOTAL: 0% user + 0% kernel
04-10 22:33:05.343  6698  7041 E libbinder.IPCThreadState: Binder transaction failure. id: 197506, cmd: BR_DEAD_REPLY (29189), error: -22 (Invalid argument)
04-10 22:33:05.333  6698  7040 E libbinder.IPCThreadState: Binder transaction failure. id: 197503, cmd: BR_DEAD_REPLY (29189), error: -22 (Invalid argument)
04-10 22:33:05.688   710   919 E WifiStaIfaceAidlImpl: setDtimMultiplier failed with service-specific exception: android.os.ServiceSpecificException:  (code 4)
04-10 22:33:05.839  6801  7020 E ActivityThread: Failed to find provider info for call_log
04-10 22:33:05.909  6801  7020 E DialerSystemCallLogDataSource: com.android.dialer.calllog.datasources.systemcalllog.SystemCallLogDataSource.fillFromSystemCallLog:170 handleInsertsAndUpdatesInternal null cursor
04-10 22:33:05.909  6801  7020 E DialerSystemCallLogDataSource: afuy: MEDIUM
04-10 22:33:05.909  6801  7020 E DialerSystemCallLogDataSource: 	at jdp.c(PG:262)
04-10 22:33:05.909  6801  7020 E DialerSystemCallLogDataSource: 	at jdo.b(PG:13)
04-10 22:33:05.909  6801  7020 E DialerSystemCallLogDataSource: 	at alpx.w(PG:17)
04-10 22:33:05.909  6801  7020 E DialerSystemCallLogDataSource: 	at alwt.run(PG:123)
04-10 22:33:05.909  6801  7020 E DialerSystemCallLogDataSource: 	at ci.run(PG:639)
04-10 22:33:05.909  6801  7020 E DialerSystemCallLogDataSource: 	at zgq.run(PG:7)
04-10 22:33:05.909  6801  7020 E DialerSystemCallLogDataSource: 	at agbk.run(PG:44)
04-10 22:33:05.909  6801  7020 E DialerSystemCallLogDataSource: 	at xyv.run(PG:80)
04-10 22:33:05.909  6801  7020 E DialerSystemCallLogDataSource: 	at wpp.run(PG:314)
04-10 22:33:05.909  6801  7020 E DialerSystemCallLogDataSource: 	at java.lang.Thread.run(Thread.java:1572)
04-10 22:33:05.909  6801  7020 E DialerSystemCallLogDataSource: 	at zhr.run(PG:61)
04-10 22:33:06.403   288   295 E lowmemorykiller: process_mrelease 6482 failed: No such process
04-10 22:33:06.404   710   880 E InputDispatcher: channel '[Gesture Monitor] edge-swipe' ~ Channel is unrecoverably broken and will be disposed!
04-10 22:33:06.407   710   880 E InputDispatcher: channel '383f291 StatusBar' ~ Channel is unrecoverably broken and will be disposed!
04-10 22:33:06.416   710   880 E libbinder.IPCThreadState: Binder transaction failure. id: 198086, cmd: BR_DEAD_REPLY (29189), error: -3 (No such process)
04-10 22:33:06.425   710   735 E libbinder.IPCThreadState: Binder transaction failure. id: 198091, cmd: BR_DEAD_REPLY (29189), error: -3 (No such process)
04-10 22:33:06.426   710   880 E libbinder.IPCThreadState: Binder transaction failure. id: 198090, cmd: BR_DEAD_REPLY (29189), error: -3 (No such process)
04-10 22:33:06.499   710   917 E libbinder.IPCThreadState: Binder transaction failure. id: 198098, cmd: BR_DEAD_REPLY (29189), error: -3 (No such process)
04-10 22:33:06.653   710   917 E libbinder.IPCThreadState: Binder transaction failure. id: 198136, cmd: BR_DEAD_REPLY (29189), error: -3 (No such process)
04-10 22:33:06.819   710   917 E TelephonyManager: Telephony#setDataEnabledForReason RemoteException
04-10 22:33:06.819   710   917 E TelephonyManager: android.os.DeadObjectException
04-10 22:33:06.819   710   917 E TelephonyManager: 	at android.os.BinderProxy.transactNative(Native Method)
04-10 22:33:06.819   710   917 E TelephonyManager: 	at android.os.BinderProxy.transact(BinderProxy.java:617)
04-10 22:33:06.819   710   917 E TelephonyManager: 	at com.android.internal.telephony.ITelephony$Stub$Proxy.setDataEnabledForReason(ITelephony.java:11187)
04-10 22:33:06.819   710   917 E TelephonyManager: 	at android.telephony.TelephonyManager.setDataEnabledForReason(TelephonyManager.java:14339)
04-10 22:33:06.819   710   917 E TelephonyManager: 	at android.telephony.TelephonyManager.setDataEnabledForReason(TelephonyManager.java:14331)
04-10 22:33:06.819   710   917 E TelephonyManager: 	at android.telephony.TelephonyManager.setPolicyDataEnabled(TelephonyManager.java:14231)
04-10 22:33:06.819   710   917 E TelephonyManager: 	at com.android.server.net.NetworkPolicyManagerService.setNetworkTemplateEnabledInner(NetworkPolicyManagerService.java:2308)
04-10 22:33:06.819   710   917 E TelephonyManager: 	at com.android.server.net.NetworkPolicyManagerService.-$$Nest$msetNetworkTemplateEnabledInner(NetworkPolicyManagerService.java:0)
04-10 22:33:06.819   710   917 E TelephonyManager: 	at com.android.server.net.NetworkPolicyManagerService$15.handleMessage(NetworkPolicyManagerService.java:6157)
04-10 22:33:06.819   710   917 E TelephonyManager: 	at android.os.Handler.dispatchMessageImpl(Handler.java:138)
04-10 22:33:06.819   710   917 E TelephonyManager: 	at android.os.Handler.dispatchMessage(Handler.java:125)
04-10 22:33:06.819   710   917 E TelephonyManager: 	at android.os.Looper.loopOnce(Looper.java:292)
04-10 22:33:06.819   710   917 E TelephonyManager: 	at android.os.Looper.loop(Looper.java:393)
04-10 22:33:06.819   710   917 E TelephonyManager: 	at android.os.HandlerThread.run(HandlerThread.java:139)
04-10 22:33:06.847   710   880 E libbinder.IPCThreadState: Binder transaction failure. id: 198180, cmd: BR_DEAD_REPLY (29189), error: -3 (No such process)
04-10 22:33:06.856   710   880 E libbinder.IPCThreadState: Binder transaction failure. id: 198183, cmd: BR_DEAD_REPLY (29189), error: -3 (No such process)
04-10 22:33:06.880   710   880 E WindowManager: Failed to notify SystemGestureExclusionListener
04-10 22:33:06.880   710   880 E WindowManager: android.os.DeadObjectException
04-10 22:33:06.880   710   880 E WindowManager: 	at android.os.BinderProxy.transactNative(Native Method)
04-10 22:33:06.880   710   880 E WindowManager: 	at android.os.BinderProxy.transact(BinderProxy.java:617)
04-10 22:33:06.880   710   880 E WindowManager: 	at android.view.ISystemGestureExclusionListener$Stub$Proxy.onSystemGestureExclusionChanged(ISystemGestureExclusionListener.java:149)
04-10 22:33:06.880   710   880 E WindowManager: 	at com.android.server.wm.DisplayContent.updateSystemGestureExclusion(DisplayContent.java:6160)
04-10 22:33:06.880   710   880 E WindowManager: 	at com.android.server.wm.RootWindowContainer.$r8$lambda$duiRZ8o9OFmknC4bfox9QU5nVF8(RootWindowContainer.java:841)
04-10 22:33:06.880   710   880 E WindowManager: 	at com.android.server.wm.RootWindowContainer$$ExternalSyntheticLambda20.accept(R8$$SyntheticClass:0)
04-10 22:33:06.880   710   880 E WindowManager: 	at com.android.server.wm.RootWindowContainer.forAllDisplays(RootWindowContainer.java:1104)
04-10 22:33:06.880   710   880 E WindowManager: 	at com.android.server.wm.RootWindowContainer.performSurfacePlacement(RootWindowContainer.java:839)
04-10 22:33:06.880   710   880 E WindowManager: 	at com.android.server.wm.WindowSurfacePlacer.performSurfacePlacementLoop(WindowSurfacePlacer.java:176)
04-10 22:33:06.880   710   880 E WindowManager: 	at com.android.server.wm.WindowSurfacePlacer.performSurfacePlacement(WindowSurfacePlacer.java:124)
04-10 22:33:06.880   710   880 E WindowManager: 	at com.android.server.wm.WindowSurfacePlacer.performSurfacePlacement(WindowSurfacePlacer.java:113)
04-10 22:33:06.880   710   880 E WindowManager: 	at com.android.server.wm.WindowManagerService.postWindowRemoveCleanupLocked(WindowManagerService.java:2336)
04-10 22:33:06.880   710   880 E WindowManager: 	at com.android.server.wm.WindowState.removeImmediately(WindowState.java:2346)
04-10 22:33:06.880   710   880 E WindowManager: 	at com.android.server.wm.WindowState.removeIfPossible(WindowState.java:2519)
04-10 22:33:06.880   710   880 E WindowManager: 	at com.android.server.wm.InputManagerCallback.notifyInputChannelBroken(InputManagerCallback.java:95)
04-10 22:33:06.880   710   880 E WindowManager: 	at com.android.server.input.InputManagerService.notifyInputChannelBroken(InputManagerService.java:2614)
04-10 22:33:06.932   710   880 E libbinder.IPCThreadState: Binder transaction failure. id: 198186, cmd: BR_DEAD_REPLY (29189), error: -3 (No such process)
04-10 22:33:06.959   710   880 E WindowManager: Failed to notify SystemGestureExclusionListener
04-10 22:33:06.959   710   880 E WindowManager: android.os.DeadObjectException
04-10 22:33:06.959   710   880 E WindowManager: 	at android.os.BinderProxy.transactNative(Native Method)
04-10 22:33:06.959   710   880 E WindowManager: 	at android.os.BinderProxy.transact(BinderProxy.java:617)
04-10 22:33:06.959   710   880 E WindowManager: 	at android.view.ISystemGestureExclusionListener$Stub$Proxy.onSystemGestureExclusionChanged(ISystemGestureExclusionListener.java:149)
04-10 22:33:06.959   710   880 E WindowManager: 	at com.android.server.wm.DisplayContent.updateSystemGestureExclusion(DisplayContent.java:6160)
04-10 22:33:06.959   710   880 E WindowManager: 	at com.android.server.wm.RootWindowContainer.$r8$lambda$duiRZ8o9OFmknC4bfox9QU5nVF8(RootWindowContainer.java:841)
04-10 22:33:06.959   710   880 E WindowManager: 	at com.android.server.wm.RootWindowContainer$$ExternalSyntheticLambda20.accept(R8$$SyntheticClass:0)
04-10 22:33:06.959   710   880 E WindowManager: 	at com.android.server.wm.RootWindowContainer.forAllDisplays(RootWindowContainer.java:1104)
04-10 22:33:06.959   710   880 E WindowManager: 	at com.android.server.wm.RootWindowContainer.performSurfacePlacement(RootWindowContainer.java:839)
04-10 22:33:06.959   710   880 E WindowManager: 	at com.android.server.wm.WindowSurfacePlacer.performSurfacePlacementLoop(WindowSurfacePlacer.java:176)
04-10 22:33:06.959   710   880 E WindowManager: 	at com.android.server.wm.WindowSurfacePlacer.performSurfacePlacement(WindowSurfacePlacer.java:124)
04-10 22:33:06.959   710   880 E WindowManager: 	at com.android.server.wm.WindowSurfacePlacer.performSurfacePlacement(WindowSurfacePlacer.java:113)
04-10 22:33:06.959   710   880 E WindowManager: 	at com.android.server.wm.WindowManagerService.postWindowRemoveCleanupLocked(WindowManagerService.java:2336)
04-10 22:33:06.959   710   880 E WindowManager: 	at com.android.server.wm.WindowState.removeImmediately(WindowState.java:2346)
04-10 22:33:06.959   710   880 E WindowManager: 	at com.android.server.wm.WindowState.removeIfPossible(WindowState.java:2519)
04-10 22:33:06.959   710   880 E WindowManager: 	at com.android.server.wm.InputManagerCallback.notifyInputChannelBroken(InputManagerCallback.java:95)
04-10 22:33:06.959   710   880 E WindowManager: 	at com.android.server.input.InputManagerService.notifyInputChannelBroken(InputManagerService.java:2614)
04-10 22:33:06.980   710   880 E libbinder.IPCThreadState: Binder transaction failure. id: 198189, cmd: BR_DEAD_REPLY (29189), error: -3 (No such process)
04-10 22:33:06.982   710   880 E WindowManager: Failed to notify SystemGestureExclusionListener
04-10 22:33:06.982   710   880 E WindowManager: android.os.DeadObjectException
04-10 22:33:06.982   710   880 E WindowManager: 	at android.os.BinderProxy.transactNative(Native Method)
04-10 22:33:06.982   710   880 E WindowManager: 	at android.os.BinderProxy.transact(BinderProxy.java:617)
04-10 22:33:06.982   710   880 E WindowManager: 	at android.view.ISystemGestureExclusionListener$Stub$Proxy.onSystemGestureExclusionChanged(ISystemGestureExclusionListener.java:149)
04-10 22:33:06.982   710   880 E WindowManager: 	at com.android.server.wm.DisplayContent.updateSystemGestureExclusion(DisplayContent.java:6160)
04-10 22:33:06.982   710   880 E WindowManager: 	at com.android.server.wm.RootWindowContainer.$r8$lambda$duiRZ8o9OFmknC4bfox9QU5nVF8(RootWindowContainer.java:841)
04-10 22:33:06.982   710   880 E WindowManager: 	at com.android.server.wm.RootWindowContainer$$ExternalSyntheticLambda20.accept(R8$$SyntheticClass:0)
04-10 22:33:06.982   710   880 E WindowManager: 	at com.android.server.wm.RootWindowContainer.forAllDisplays(RootWindowContainer.java:1104)
04-10 22:33:06.982   710   880 E WindowManager: 	at com.android.server.wm.RootWindowContainer.performSurfacePlacement(RootWindowContainer.java:839)
04-10 22:33:06.982   710   880 E WindowManager: 	at com.android.server.wm.WindowSurfacePlacer.performSurfacePlacementLoop(WindowSurfacePlacer.java:176)
04-10 22:33:06.982   710   880 E WindowManager: 	at com.android.server.wm.WindowSurfacePlacer.performSurfacePlacement(WindowSurfacePlacer.java:124)
04-10 22:33:06.982   710   880 E WindowManager: 	at com.android.server.wm.WindowSurfacePlacer.performSurfacePlacement(WindowSurfacePlacer.java:113)
04-10 22:33:06.982   710   880 E WindowManager: 	at com.android.server.wm.WindowManagerService.postWindowRemoveCleanupLocked(WindowManagerService.java:2336)
04-10 22:33:06.982   710   880 E WindowManager: 	at com.android.server.wm.WindowState.removeImmediately(WindowState.java:2346)
04-10 22:33:06.982   710   880 E WindowManager: 	at com.android.server.wm.WindowState.removeIfPossible(WindowState.java:2519)
04-10 22:33:06.982   710   880 E WindowManager: 	at com.android.server.wm.InputManagerCallback.notifyInputChannelBroken(InputManagerCallback.java:95)
04-10 22:33:06.982   710   880 E WindowManager: 	at com.android.server.input.InputManagerService.notifyInputChannelBroken(InputManagerService.java:2614)
04-10 22:33:07.057   710   880 E InputDispatcher: channel '3f96cde com.android.systemui.wallpapers.ImageWallpaper' ~ Channel is unrecoverably broken and will be disposed!
04-10 22:33:07.127   710   917 E TelephonyManager: Error calling setDataEnabledForReason e:android.os.DeadSystemRuntimeException: android.os.DeadSystemException
04-10 22:33:08.087   710   740 E libbinder.IPCThreadState: Binder transaction failure. id: 198300, cmd: BR_DEAD_REPLY (29189), error: -3 (No such process)
04-10 22:33:08.109   710   740 E libbinder.IPCThreadState: Binder transaction failure. id: 198307, cmd: BR_DEAD_REPLY (29189), error: -3 (No such process)
04-10 22:33:08.384   505   505 E BpTransactionCompletedListener: Failed to transact (-32)
04-10 22:33:08.471   594   663 E libbinder.IPCThreadState: attemptIncStrongHandle(7): Not supported
04-10 22:33:08.472   594   622 E libbinder.IPCThreadState: attemptIncStrongHandle(12): Not supported
04-10 22:33:08.477   594  1167 E libbinder.IPCThreadState: attemptIncStrongHandle(6): Not supported
04-10 22:33:08.631   710  1210 E LockoutResetTracker: Callback binder died: android.os.BinderProxy@72201fc
04-10 22:33:08.763   710  2002 E libbinder.IPCThreadState: binder thread pool (31 threads) starved for 250 ms
04-10 22:33:08.841   710  1766 E BiometricService: Enabled callback binder died
04-10 22:33:08.845   710  1210 E LockoutResetTracker: Removing dead callback for: com.android.systemui
04-10 22:33:08.899   710  1919 E BiometricService: Enabled callback binder died
04-10 22:33:08.979   710  1210 E libbinder.IPCThreadState: binder thread pool (31 threads) starved for 133 ms
04-10 22:33:09.153   710  1456 E libbinder.IPCThreadState: binder thread pool (31 threads) starved for 165 ms
04-10 22:33:09.192   448  1486 E libbinder.IPCThreadState: Binder transaction failure. id: 198469, cmd: BR_DEAD_REPLY (29189), error: -22 (Invalid argument)
04-10 22:33:09.414   710  1147 E TransitionChain: Can't collect into a chain with no transition
04-10 22:33:09.414   710  1147 E TransitionChain: Can't collect into a chain with no transition
04-10 22:33:09.432   710  1210 E libbinder.IPCThreadState: binder thread pool (31 threads) starved for 205 ms
04-10 22:33:09.560   710  1147 E TransitionChain: Can't collect into a chain with no transition
04-10 22:33:09.607   710  1147 E TransitionChain: Can't collect into a chain with no transition
04-10 22:33:09.662   710  1147 E TransitionChain: Can't collect into a chain with no transition
04-10 22:33:09.662   710  1147 E TransitionChain: Can't collect into a chain with no transition
04-10 22:33:09.663   710  1147 E TransitionChain: Can't collect into a chain with no transition
04-10 22:33:09.664   710  1147 E TransitionChain: Can't collect into a chain with no transition
04-10 22:33:09.708   710  1147 E TransitionChain: Can't collect into a chain with no transition
04-10 22:33:09.708   710  1147 E TransitionChain: Can't collect into a chain with no transition
04-10 22:33:09.715   505   505 E BpTransactionCompletedListener: Failed to transact (-32)
04-10 22:33:09.748   710  1147 E TransitionChain: Can't collect into a chain with no transition
04-10 22:33:09.748   710  1147 E TransitionChain: Can't collect into a chain with no transition
04-10 22:33:10.111   710   750 E libprocessgroup: Failed to write 1 to /sys/fs/cgroup/system/uid_1001/pid_6013/cgroup.kill: No such file or directory
04-10 22:33:10.315  6698  7040 E libbinder.IPCThreadState: Binder transaction failure. id: 198880, cmd: BR_DEAD_REPLY (29189), error: -22 (Invalid argument)
04-10 22:33:10.335  6698  7040 E libbinder.IPCThreadState: Binder transaction failure. id: 198886, cmd: BR_DEAD_REPLY (29189), error: -22 (Invalid argument)
04-10 22:33:10.353  6698  7040 E libbinder.IPCThreadState: Binder transaction failure. id: 198898, cmd: BR_DEAD_REPLY (29189), error: -22 (Invalid argument)
04-10 22:33:10.362  6698  7040 E libbinder.IPCThreadState: Binder transaction failure. id: 198904, cmd: BR_DEAD_REPLY (29189), error: -22 (Invalid argument)
04-10 22:33:10.370  6698  7040 E libbinder.IPCThreadState: Binder transaction failure. id: 198912, cmd: BR_DEAD_REPLY (29189), error: -22 (Invalid argument)
04-10 22:33:10.522   710   880 E InputDispatcher: channel '[Gesture Monitor] swipe-up' ~ Channel is unrecoverably broken and will be disposed!
04-10 22:33:10.936  6698  7040 E libbinder.IPCThreadState: Binder transaction failure. id: 199093, cmd: BR_DEAD_REPLY (29189), error: -22 (Invalid argument)
04-10 22:33:11.568  6698  7049 E libbinder.IPCThreadState: Binder transaction failure. id: 199285, cmd: BR_DEAD_REPLY (29189), error: -22 (Invalid argument)
04-10 22:33:12.065  6698  7049 E libbinder.IPCThreadState: Binder transaction failure. id: 199343, cmd: BR_DEAD_REPLY (29189), error: -22 (Invalid argument)
04-10 22:33:12.814  6698  7049 E libbinder.IPCThreadState: Binder transaction failure. id: 199424, cmd: BR_DEAD_REPLY (29189), error: -22 (Invalid argument)
04-10 22:33:15.031   710  1168 E libbinder.IPCThreadState: binder thread pool (31 threads) starved for 3340 ms
04-10 22:33:15.257  6698  7040 E libbinder.IPCThreadState: Binder transaction failure. id: 199757, cmd: BR_DEAD_REPLY (29189), error: -22 (Invalid argument)
04-10 22:33:15.315  6583  6708 E SystemUiProxy: getRecentTasks() failed due to null mRecentTasks
04-10 22:33:15.460   710  7464 E ActivityManager: ANR in com.google.android.gms.persistent
04-10 22:33:15.460   710  7464 E ActivityManager: PID: 6698
04-10 22:33:15.460   710  7464 E ActivityManager: Reason: executing service com.google.android.gms/.chimera.PersistentBoundBrokerService, waited 25424ms
04-10 22:33:15.460   710  7464 E ActivityManager: ErrorId: 1d7b59d6-60fe-43b4-b470-ef5c9eb5bbe5
04-10 22:33:15.460   710  7464 E ActivityManager: Frozen: false
04-10 22:33:15.460   710  7464 E ActivityManager: Load: 0.0 / 0.0 / 0.0
04-10 22:33:15.460   710  7464 E ActivityManager: ----- Output from /proc/pressure/memory -----
04-10 22:33:15.460   710  7464 E ActivityManager: some avg10=2.94 avg60=3.45 avg300=2.27 total=12420080
04-10 22:33:15.460   710  7464 E ActivityManager: full avg10=1.19 avg60=1.64 avg300=1.18 total=7101183
04-10 22:33:15.460   710  7464 E ActivityManager: ----- End output from /proc/pressure/memory -----
04-10 22:33:15.460   710  7464 E ActivityManager: ----- Output from /proc/pressure/cpu -----
04-10 22:33:15.460   710  7464 E ActivityManager: some avg10=87.89 avg60=82.92 avg300=60.69 total=326822300
04-10 22:33:15.460   710  7464 E ActivityManager: full avg10=0.00 avg60=0.00 avg300=0.00 total=0
04-10 22:33:15.460   710  7464 E ActivityManager: ----- End output from /proc/pressure/cpu -----
04-10 22:33:15.460   710  7464 E ActivityManager: ----- Output from /proc/pressure/io -----
04-10 22:33:15.460   710  7464 E ActivityManager: some avg10=38.47 avg60=38.37 avg300=30.92 total=179110794
04-10 22:33:15.460   710  7464 E ActivityManager: full avg10=0.06 avg60=0.33 avg300=0.82 total=8697175
04-10 22:33:15.460   710  7464 E ActivityManager: ----- End output from /proc/pressure/io -----
04-10 22:33:15.460   710  7464 E ActivityManager: 
04-10 22:33:15.460   710  7464 E ActivityManager: CPU usage from 969ms to -9400ms ago (2026-04-10 22:33:04.798 to 2026-04-10 22:33:15.167):
04-10 22:33:15.460   710  7464 E ActivityManager:   64% 710/system_server: 34% user + 29% kernel / faults: 9740 minor 41 major
04-10 22:33:15.460   710  7464 E ActivityManager:   26% 6698/com.google.android.gms.persistent: 14% user + 11% kernel / faults: 4800 minor 21 major
04-10 22:33:15.460   710  7464 E ActivityManager:   25% 7337/com.google.android.inputmethod.latin: 13% user + 11% kernel / faults: 4384 minor 154 major
04-10 22:33:15.460   710  7464 E ActivityManager:   13% 54/kcompactd0: 0% user + 13% kernel
04-10 22:33:15.460   710  7464 E ActivityManager:   19% 7362/com.google.android.apps.photos: 12% user + 7.3% kernel / faults: 3555 minor 39 major
04-10 22:33:15.460   710  7464 E ActivityManager:   19% 6801/com.google.android.dialer: 13% user + 5.5% kernel / faults: 2609 minor 2 major
04-10 22:33:15.460   710  7464 E ActivityManager:   18% 7275/com.google.android.as: 12% user + 6.5% kernel / faults: 4363 minor 10 major
04-10 22:33:15.460   710  7464 E ActivityManager:   18% 505/surfaceflinger: 9.3% user + 9.1% kernel / faults: 2 minor 23 major
04-10 22:33:15.460   710  7464 E ActivityManager:   16% 6840/com.google.android.googlequicksearchbox:googleapp: 11% user + 5.2% kernel / faults: 2637 minor 27 major
04-10 22:33:15.460   710  7464 E ActivityManager:   9.9% 1936/artd: 4% user + 5.9% kernel / faults: 2546 minor
04-10 22:33:15.460   710  7464 E ActivityManager: 99% TOTAL: 41% user + 43% kernel + 0.4% iowait + 13% irq + 1.1% softirq
04-10 22:33:15.460   710  7464 E ActivityManager: CPU usage from 441422ms to 441422ms ago (1970-01-01 05:30:00.000 to 1970-01-01 05:30:00.000) with 0% awake:
04-10 22:33:15.460   710  7464 E ActivityManager: 0% TOTAL: 0% user + 0% kernel
04-10 22:33:16.823   710  1745 E ContentProviderHelper: ProcessRecord{cd436f1 6698:com.google.android.gms.persistent/u0a217} was killed by AM but isn't really dead
04-10 22:33:17.065  7563  7563 E libbinder.Parcel: Reading a NULL string not supported here.
04-10 22:33:17.387  6583  6708 E SystemUiProxy: getRecentTasks() failed due to null mRecentTasks
04-10 22:33:17.830  7563  7563 E libbinder.IPCThreadState: Binder transaction failure. id: 200630, cmd: BR_FAILED_REPLY (29201), error: -1 (Operation not permitted)
04-10 22:33:17.841  7563  7563 E libbinder.IPCThreadState: Binder transaction failure. id: 200638, cmd: BR_FAILED_REPLY (29201), error: -1 (Operation not permitted)
04-10 22:33:17.979  7563  7563 E libbinder.IPCThreadState: Binder transaction failure. id: 200657, cmd: BR_FAILED_REPLY (29201), error: -1 (Operation not permitted)
04-10 22:33:17.983  7563  7563 E libbinder.IPCThreadState: Binder transaction failure. id: 200663, cmd: BR_FAILED_REPLY (29201), error: -1 (Operation not permitted)
04-10 22:33:17.991  7563  7563 E libbinder.IPCThreadState: Binder transaction failure. id: 200669, cmd: BR_FAILED_REPLY (29201), error: -1 (Operation not permitted)
04-10 22:33:17.992  7563  7563 E libbinder.IPCThreadState: Binder transaction failure. id: 200676, cmd: BR_FAILED_REPLY (29201), error: -1 (Operation not permitted)
04-10 22:33:17.996  7563  7563 E libbinder.IPCThreadState: Binder transaction failure. id: 200680, cmd: BR_FAILED_REPLY (29201), error: -1 (Operation not permitted)
04-10 22:33:18.001  7563  7563 E libbinder.IPCThreadState: Binder transaction failure. id: 200691, cmd: BR_FAILED_REPLY (29201), error: -1 (Operation not permitted)
04-10 22:33:18.027  7563  7563 E libbinder.IPCThreadState: Binder transaction failure. id: 200707, cmd: BR_FAILED_REPLY (29201), error: -1 (Operation not permitted)
04-10 22:33:18.028  7563  7563 E libbinder.IPCThreadState: Binder transaction failure. id: 200711, cmd: BR_FAILED_REPLY (29201), error: -1 (Operation not permitted)
04-10 22:33:18.047  7563  7563 E libbinder.IPCThreadState: Binder transaction failure. id: 200722, cmd: BR_FAILED_REPLY (29201), error: -1 (Operation not permitted)
04-10 22:33:18.051  7563  7563 E libbinder.IPCThreadState: Binder transaction failure. id: 200727, cmd: BR_FAILED_REPLY (29201), error: -1 (Operation not permitted)
04-10 22:33:18.052  7563  7563 E libbinder.IPCThreadState: Binder transaction failure. id: 200732, cmd: BR_FAILED_REPLY (29201), error: -1 (Operation not permitted)
04-10 22:33:18.058  7563  7563 E libbinder.IPCThreadState: Binder transaction failure. id: 200737, cmd: BR_FAILED_REPLY (29201), error: -1 (Operation not permitted)
04-10 22:33:18.128   710   750 E libprocessgroup: Unable to remove cgroup /sys/fs/cgroup/apps/uid_10217/pid_6698: Device or resource busy
04-10 22:33:18.239  7563  7563 E libbinder.IPCThreadState: Binder transaction failure. id: 200784, cmd: BR_FAILED_REPLY (29201), error: -1 (Operation not permitted)
04-10 22:33:18.243  7563  7563 E libbinder.IPCThreadState: Binder transaction failure. id: 200797, cmd: BR_FAILED_REPLY (29201), error: -1 (Operation not permitted)
04-10 22:33:18.245  7563  7563 E libbinder.IPCThreadState: Binder transaction failure. id: 200805, cmd: BR_FAILED_REPLY (29201), error: -1 (Operation not permitted)
04-10 22:33:18.247  7563  7563 E libbinder.IPCThreadState: Binder transaction failure. id: 200809, cmd: BR_FAILED_REPLY (29201), error: -1 (Operation not permitted)
04-10 22:33:18.249  7563  7563 E libbinder.IPCThreadState: Binder transaction failure. id: 200813, cmd: BR_FAILED_REPLY (29201), error: -1 (Operation not permitted)
04-10 22:33:18.252  7563  7563 E libbinder.IPCThreadState: Binder transaction failure. id: 200818, cmd: BR_FAILED_REPLY (29201), error: -1 (Operation not permitted)
04-10 22:33:18.253  7563  7563 E libbinder.IPCThreadState: Binder transaction failure. id: 200822, cmd: BR_FAILED_REPLY (29201), error: -1 (Operation not permitted)
04-10 22:33:18.257  7563  7563 E libbinder.IPCThreadState: Binder transaction failure. id: 200831, cmd: BR_FAILED_REPLY (29201), error: -1 (Operation not permitted)
04-10 22:33:18.261  7563  7563 E libbinder.IPCThreadState: Binder transaction failure. id: 200835, cmd: BR_FAILED_REPLY (29201), error: -1 (Operation not permitted)
04-10 22:33:18.274  7563  7563 E libbinder.IPCThreadState: Binder transaction failure. id: 200842, cmd: BR_FAILED_REPLY (29201), error: -1 (Operation not permitted)
04-10 22:33:18.276  7563  7563 E libbinder.IPCThreadState: Binder transaction failure. id: 200846, cmd: BR_FAILED_REPLY (29201), error: -1 (Operation not permitted)
04-10 22:33:18.277  7563  7563 E libbinder.IPCThreadState: Binder transaction failure. id: 200850, cmd: BR_FAILED_REPLY (29201), error: -1 (Operation not permitted)
04-10 22:33:18.282  7563  7563 E libbinder.IPCThreadState: Binder transaction failure. id: 200855, cmd: BR_FAILED_REPLY (29201), error: -1 (Operation not permitted)
04-10 22:33:18.408  7563  7563 E libbinder.IPCThreadState: Binder transaction failure. id: 200876, cmd: BR_FAILED_REPLY (29201), error: -1 (Operation not permitted)
04-10 22:33:18.452  7563  7563 E libbinder.IPCThreadState: Binder transaction failure. id: 200882, cmd: BR_FAILED_REPLY (29201), error: -1 (Operation not permitted)
04-10 22:33:18.478  7563  7563 E libbinder.IPCThreadState: Binder transaction failure. id: 200887, cmd: BR_FAILED_REPLY (29201), error: -1 (Operation not permitted)
04-10 22:33:18.481  7563  7563 E libbinder.IPCThreadState: Binder transaction failure. id: 200891, cmd: BR_FAILED_REPLY (29201), error: -1 (Operation not permitted)
04-10 22:33:18.492  7563  7563 E libbinder.IPCThreadState: Binder transaction failure. id: 200896, cmd: BR_FAILED_REPLY (29201), error: -1 (Operation not permitted)
04-10 22:33:18.507  7563  7563 E libbinder.IPCThreadState: Binder transaction failure. id: 200900, cmd: BR_FAILED_REPLY (29201), error: -1 (Operation not permitted)
04-10 22:33:18.508  7563  7563 E libbinder.IPCThreadState: Binder transaction failure. id: 200905, cmd: BR_FAILED_REPLY (29201), error: -1 (Operation not permitted)
04-10 22:33:18.513  7563  7563 E libbinder.IPCThreadState: Binder transaction failure. id: 200909, cmd: BR_FAILED_REPLY (29201), error: -1 (Operation not permitted)
04-10 22:33:18.529  7563  7563 E libbinder.IPCThreadState: Binder transaction failure. id: 200913, cmd: BR_FAILED_REPLY (29201), error: -1 (Operation not permitted)
04-10 22:33:18.557  7563  7563 E libbinder.IPCThreadState: Binder transaction failure. id: 200920, cmd: BR_FAILED_REPLY (29201), error: -1 (Operation not permitted)
04-10 22:33:18.638  7337  7337 E GoogleInputMethodService: GoogleInputMethodService.getAppEditorInfo():1891 App EditorInfo should never be null.
04-10 22:33:18.733  7563  7563 E libbinder.IPCThreadState: Binder transaction failure. id: 200977, cmd: BR_FAILED_REPLY (29201), error: -1 (Operation not permitted)
04-10 22:33:18.739  7563  7563 E libbinder.IPCThreadState: Binder transaction failure. id: 200982, cmd: BR_FAILED_REPLY (29201), error: -1 (Operation not permitted)
04-10 22:33:18.743  7563  7563 E libbinder.IPCThreadState: Binder transaction failure. id: 200988, cmd: BR_FAILED_REPLY (29201), error: -1 (Operation not permitted)
04-10 22:33:19.159  7437  7437 E FeatureFlagsImplExport: android.os.flagging.AconfigStorageReadException: ERROR_PACKAGE_NOT_FOUND: package android.xr cannot be found on the device
04-10 22:33:19.210  7563  7563 E libbinder.Parcel: Reading a NULL string not supported here.
04-10 22:33:19.315  7563  7563 E libbinder.IPCThreadState: Binder transaction failure. id: 201156, cmd: BR_FAILED_REPLY (29201), error: -1 (Operation not permitted)
04-10 22:33:19.408  7563  7563 E libbinder.Parcel: Reading a NULL string not supported here.
04-10 22:33:19.455  7563  7563 E libbinder.Parcel: Reading a NULL string not supported here.
04-10 22:33:19.533   434   483 E netd    : Error adding route ::/0 -> fe80::2 wlan0 to table 1016: File exists
04-10 22:33:19.652  7563  7563 E libbinder.Parcel: Reading a NULL string not supported here.
04-10 22:33:19.663   710   725 E JobScheduler.JobStatus: App com.google.android.dialer became active but still in NEVER bucket
04-10 22:33:19.916  7337  7516 E EmojiSlicingStrategy: EmojiSlicingStrategy.getSlices():88 getSlices() : Received null or empty userEnabledLocales.
04-10 22:33:19.920  7563  7563 E libbinder.Parcel: Reading a NULL string not supported here.
04-10 22:33:19.929  7563  7563 E libbinder.Parcel: Reading a NULL string not supported here.
04-10 22:33:19.931  7563  7563 E libbinder.Parcel: Reading a NULL string not supported here.
04-10 22:33:19.960  7563  7563 E libbinder.Parcel: Reading a NULL string not supported here.
04-10 22:33:19.962  7563  7563 E libbinder.Parcel: Reading a NULL string not supported here.
04-10 22:33:20.093  7563  7563 E libbinder.Parcel: Reading a NULL string not supported here.
04-10 22:33:20.312  7337  7516 E EmojiSlicingStrategy: EmojiSlicingStrategy.getSlices():88 getSlices() : Received null or empty userEnabledLocales.
04-10 22:33:20.340   710   750 E libprocessgroup: Unable to remove cgroup /sys/fs/cgroup/apps/uid_10217/pid_6698: Device or resource busy
04-10 22:33:20.510  7563  7563 E libbinder.Parcel: Reading a NULL string not supported here.
04-10 22:33:21.107  7275  7364 E Ambient : Installed publisher verification failed
04-10 22:33:21.107  7275  7364 E Ambient : Installed publisher verification failed
04-10 22:33:21.132  6801  7010 E DialerLoggingConsentCheckerImpl: com.google.android.callingshared.logging.consent.impl.LoggingConsentCheckerImpl.getConsent:81 Fetching usage reporting opt-in failed: 20: The connection to Google Play services was lost due to service disconnection.
04-10 22:33:21.132  6801  7010 E DialerLoggingConsentCheckerImpl: xwn: 20: The connection to Google Play services was lost due to service disconnection.
04-10 22:33:21.132  6801  7010 E DialerLoggingConsentCheckerImpl: 	at alej.ae(PG:105)
04-10 22:33:21.132  6801  7010 E DialerLoggingConsentCheckerImpl: 	at xyf.k(PG:59)
04-10 22:33:21.132  6801  7010 E DialerLoggingConsentCheckerImpl: 	at xyf.a(PG:15)
04-10 22:33:21.132  6801  7010 E DialerLoggingConsentCheckerImpl: 	at xyf.u(PG:15)
04-10 22:33:21.132  6801  7010 E DialerLoggingConsentCheckerImpl: 	at xyf.v(PG:23)
04-10 22:33:21.132  6801  7010 E DialerLoggingConsentCheckerImpl: 	at xyf.e(PG:16)
04-10 22:33:21.132  6801  7010 E DialerLoggingConsentCheckerImpl: 	at xyi.handleMessage(PG:843)
04-10 22:33:21.132  6801  7010 E DialerLoggingConsentCheckerImpl: 	at android.os.Handler.dispatchMessageImpl(Handler.java:138)
04-10 22:33:21.132  6801  7010 E DialerLoggingConsentCheckerImpl: 	at android.os.Handler.dispatchMessage(Handler.java:125)
04-10 22:33:21.132  6801  7010 E DialerLoggingConsentCheckerImpl: 	at ygi.b(PG:1)
04-10 22:33:21.132  6801  7010 E DialerLoggingConsentCheckerImpl: 	at ygi.dispatchMessage(PG:1)
04-10 22:33:21.132  6801  7010 E DialerLoggingConsentCheckerImpl: 	at android.os.Looper.loopOnce(Looper.java:292)
04-10 22:33:21.132  6801  7010 E DialerLoggingConsentCheckerImpl: 	at android.os.Looper.loop(Looper.java:393)
04-10 22:33:21.132  6801  7010 E DialerLoggingConsentCheckerImpl: 	at android.os.HandlerThread.run(HandlerThread.java:139)
04-10 22:33:21.134  7362  7493 E libbinder.IPCThreadState: Binder transaction failure. id: 202108, cmd: BR_DEAD_REPLY (29189), error: -3 (No such process)
04-10 22:33:21.145  6840  7042 E MendelPackageState: Failed to commit to config
04-10 22:33:21.145  6840  7042 E MendelPackageState: ddmv: 20: 20: The connection to Google Play services was lost due to service disconnection.
04-10 22:33:21.145  6840  7042 E MendelPackageState: 	at ddmx.apply(PG:13)
04-10 22:33:21.145  6840  7042 E MendelPackageState: 	at erae.d(PG:3)
04-10 22:33:21.145  6840  7042 E MendelPackageState: 	at erag.run(PG:139)
04-10 22:33:21.145  6840  7042 E MendelPackageState: 	at ercb.execute(PG:1)
04-10 22:33:21.145  6840  7042 E MendelPackageState: 	at erah.e(PG:1)
04-10 22:33:21.145  6840  7042 E MendelPackageState: 	at erah.k(PG:95)
04-10 22:33:21.145  6840  7042 E MendelPackageState: 	at erah.o(PG:19)
04-10 22:33:21.145  6840  7042 E MendelPackageState: 	at cplt.a(PG:35)
04-10 22:33:21.145  6840  7042 E MendelPackageState: 	at cder.run(PG:176)
04-10 22:33:21.145  6840  7042 E MendelPackageState: 	at ercb.execute(PG:1)
04-10 22:33:21.145  6840  7042 E MendelPackageState: 	at cdes.e(PG:105)
04-10 22:33:21.145  6840  7042 E MendelPackageState: 	at cdfd.b(PG:34)
04-10 22:33:21.145  6840  7042 E MendelPackageState: 	at cdfj.t(PG:17)
04-10 22:33:21.145  6840  7042 E MendelPackageState: 	at cdeo.c(PG:3)
04-10 22:33:21.145  6840  7042 E MendelPackageState: 	at cder.run(PG:55)
04-10 22:33:21.145  6840  7042 E MendelPackageState: 	at cdfg.execute(PG:1)
04-10 22:33:21.145  6840  7042 E MendelPackageState: 	at cdes.e(PG:57)
04-10 22:33:21.145  6840  7042 E MendelPackageState: 	at cdfd.b(PG:34)
04-10 22:33:21.145  6840  7042 E MendelPackageState: 	at cdfj.v(PG:21)
04-10 22:33:21.145  6840  7042 E MendelPackageState: 	at cbda.a(PG:112)
04-10 22:33:21.145  6840  7042 E MendelPackageState: 	at cbed.k(PG:60)
04-10 22:33:21.145  6840  7042 E MendelPackageState: 	at cbed.gZ(PG:15)
04-10 22:33:21.145  6840  7042 E MendelPackageState: 	at cbha.b(PG:3)
04-10 22:33:21.145  6840  7042 E MendelPackageState: 	at cbgi.handleMessage(PG:212)
04-10 22:33:21.145  6840  7042 E MendelPackageState: 	at android.os.Handler.dispatchMessageImpl(Handler.java:142)
04-10 22:33:21.145  6840  7042 E MendelPackageState: 	at android.os.Handler.dispatchMessage(Handler.java:125)
04-10 22:33:21.145  6840  7042 E MendelPackageState: 	at ccbx.b(PG:1)
04-10 22:33:21.145  6840  7042 E MendelPackageState: 	at ccbx.dispatchMessage(PG:1)
04-10 22:33:21.145  6840  7042 E MendelPackageState: 	at android.os.Looper.loopOnce(Looper.java:292)
04-10 22:33:21.145  6840  7042 E MendelPackageState: 	at android.os.Looper.loop(Looper.java:393)
04-10 22:33:21.145  6840  7042 E MendelPackageState: 	at android.os.HandlerThread.run(HandlerThread.java:139)
04-10 22:33:21.145  6840  7042 E MendelPackageState: Caused by: cbba: 20: The connection to Google Play services was lost due to service disconnection.
04-10 22:33:21.145  6840  7042 E MendelPackageState: 	at cbda.a(PG:105)
04-10 22:33:21.145  6840  7042 E MendelPackageState: 	... 11 more
04-10 22:33:21.164  6840  7042 E MendelPackageState: Failed to commit to config
04-10 22:33:21.164  6840  7042 E MendelPackageState: ddmv: 20: 20: The connection to Google Play services was lost due to service disconnection.
04-10 22:33:21.164  6840  7042 E MendelPackageState: 	at ddmx.apply(PG:13)
04-10 22:33:21.164  6840  7042 E MendelPackageState: 	at erae.d(PG:3)
04-10 22:33:21.164  6840  7042 E MendelPackageState: 	at erag.run(PG:139)
04-10 22:33:21.164  6840  7042 E MendelPackageState: 	at ercb.execute(PG:1)
04-10 22:33:21.164  6840  7042 E MendelPackageState: 	at erah.e(PG:1)
04-10 22:33:21.164  6840  7042 E MendelPackageState: 	at erah.k(PG:95)
04-10 22:33:21.164  6840  7042 E MendelPackageState: 	at erah.o(PG:19)
04-10 22:33:21.164  6840  7042 E MendelPackageState: 	at cplt.a(PG:35)
04-10 22:33:21.164  6840  7042 E MendelPackageState: 	at cder.run(PG:176)
04-10 22:33:21.164  6840  7042 E MendelPackageState: 	at ercb.execute(PG:1)
04-10 22:33:21.164  6840  7042 E MendelPackageState: 	at cdes.e(PG:105)
04-10 22:33:21.164  6840  7042 E MendelPackageState: 	at cdfd.b(PG:34)
04-10 22:33:21.164  6840  7042 E MendelPackageState: 	at cdfj.t(PG:17)
04-10 22:33:21.164  6840  7042 E MendelPackageState: 	at cdeo.c(PG:3)
04-10 22:33:21.164  6840  7042 E MendelPackageState: 	at cder.run(PG:55)
04-10 22:33:21.164  6840  7042 E MendelPackageState: 	at cdfg.execute(PG:1)
04-10 22:33:21.164  6840  7042 E MendelPackageState: 	at cdes.e(PG:57)
04-10 22:33:21.164  6840  7042 E MendelPackageState: 	at cdfd.b(PG:34)
04-10 22:33:21.164  6840  7042 E MendelPackageState: 	at cdfj.v(PG:21)
04-10 22:33:21.164  6840  7042 E MendelPackageState: 	at cbda.a(PG:112)
04-10 22:33:21.164  6840  7042 E MendelPackageState: 	at cbed.k(PG:60)
04-10 22:33:21.164  6840  7042 E MendelPackageState: 	at cbed.gZ(PG:15)
04-10 22:33:21.164  6840  7042 E MendelPackageState: 	at cbha.b(PG:3)
04-10 22:33:21.164  6840  7042 E MendelPackageState: 	at cbgi.handleMessage(PG:212)
04-10 22:33:21.164  6840  7042 E MendelPackageState: 	at android.os.Handler.dispatchMessageImpl(Handler.java:142)
04-10 22:33:21.164  6840  7042 E MendelPackageState: 	at android.os.Handler.dispatchMessage(Handler.java:125)
04-10 22:33:21.164  6840  7042 E MendelPackageState: 	at ccbx.b(PG:1)
04-10 22:33:21.164  6840  7042 E MendelPackageState: 	at ccbx.dispatchMessage(PG:1)
04-10 22:33:21.164  6840  7042 E MendelPackageState: 	at android.os.Looper.loopOnce(Looper.java:292)
04-10 22:33:21.164  6840  7042 E MendelPackageState: 	at android.os.Looper.loop(Looper.java:393)
04-10 22:33:21.164  6840  7042 E MendelPackageState: 	at android.os.HandlerThread.run(HandlerThread.java:139)
04-10 22:33:21.164  6840  7042 E MendelPackageState: Caused by: cbba: 20: The connection to Google Play services was lost due to service disconnection.
04-10 22:33:21.164  6840  7042 E MendelPackageState: 	at cbda.a(PG:105)
04-10 22:33:21.164  6840  7042 E MendelPackageState: 	... 11 more
04-10 22:33:21.166  6840  7042 E MendelPackageState: Failed to commit to config
04-10 22:33:21.166  6840  7042 E MendelPackageState: ddmv: 20: 20: The connection to Google Play services was lost due to service disconnection.
04-10 22:33:21.166  6840  7042 E MendelPackageState: 	at ddmx.apply(PG:13)
04-10 22:33:21.166  6840  7042 E MendelPackageState: 	at erae.d(PG:3)
04-10 22:33:21.166  6840  7042 E MendelPackageState: 	at erag.run(PG:139)
04-10 22:33:21.166  6840  7042 E MendelPackageState: 	at ercb.execute(PG:1)
04-10 22:33:21.166  6840  7042 E MendelPackageState: 	at erah.e(PG:1)
04-10 22:33:21.166  6840  7042 E MendelPackageState: 	at erah.k(PG:95)
04-10 22:33:21.166  6840  7042 E MendelPackageState: 	at erah.o(PG:19)
04-10 22:33:21.166  6840  7042 E MendelPackageState: 	at cplt.a(PG:35)
04-10 22:33:21.166  6840  7042 E MendelPackageState: 	at cder.run(PG:176)
04-10 22:33:21.166  6840  7042 E MendelPackageState: 	at ercb.execute(PG:1)
04-10 22:33:21.166  6840  7042 E MendelPackageState: 	at cdes.e(PG:105)
04-10 22:33:21.166  6840  7042 E MendelPackageState: 	at cdfd.b(PG:34)
04-10 22:33:21.166  6840  7042 E MendelPackageState: 	at cdfj.t(PG:17)
04-10 22:33:21.166  6840  7042 E MendelPackageState: 	at cdeo.c(PG:3)
04-10 22:33:21.166  6840  7042 E MendelPackageState: 	at cder.run(PG:55)
04-10 22:33:21.166  6840  7042 E MendelPackageState: 	at cdfg.execute(PG:1)
04-10 22:33:21.166  6840  7042 E MendelPackageState: 	at cdes.e(PG:57)
04-10 22:33:21.166  6840  7042 E MendelPackageState: 	at cdfd.b(PG:34)
04-10 22:33:21.166  6840  7042 E MendelPackageState: 	at cdfj.v(PG:21)
04-10 22:33:21.166  6840  7042 E MendelPackageState: 	at cbda.a(PG:112)
04-10 22:33:21.166  6840  7042 E MendelPackageState: 	at cbed.k(PG:60)
04-10 22:33:21.166  6840  7042 E MendelPackageState: 	at cbed.gZ(PG:15)
04-10 22:33:21.166  6840  7042 E MendelPackageState: 	at cbha.b(PG:3)
04-10 22:33:21.166  6840  7042 E MendelPackageState: 	at cbgi.handleMessage(PG:212)
04-10 22:33:21.166  6840  7042 E MendelPackageState: 	at android.os.Handler.dispatchMessageImpl(Handler.java:142)
04-10 22:33:21.166  6840  7042 E MendelPackageState: 	at android.os.Handler.dispatchMessage(Handler.java:125)
04-10 22:33:21.166  6840  7042 E MendelPackageState: 	at ccbx.b(PG:1)
04-10 22:33:21.166  6840  7042 E MendelPackageState: 	at ccbx.dispatchMessage(PG:1)
04-10 22:33:21.166  6840  7042 E MendelPackageState: 	at android.os.Looper.loopOnce(Looper.java:292)
04-10 22:33:21.166  6840  7042 E MendelPackageState: 	at android.os.Looper.loop(Looper.java:393)
04-10 22:33:21.166  6840  7042 E MendelPackageState: 	at android.os.HandlerThread.run(HandlerThread.java:139)
04-10 22:33:21.166  6840  7042 E MendelPackageState: Caused by: cbba: 20: The connection to Google Play services was lost due to service disconnection.
04-10 22:33:21.166  6840  7042 E MendelPackageState: 	at cbda.a(PG:105)
04-10 22:33:21.166  6840  7042 E MendelPackageState: 	... 11 more
04-10 22:33:21.168  6840  7042 E MendelPackageState: Failed to commit to config
04-10 22:33:21.168  6840  7042 E MendelPackageState: ddmv: 20: 20: The connection to Google Play services was lost due to service disconnection.
04-10 22:33:21.168  6840  7042 E MendelPackageState: 	at ddmx.apply(PG:13)
04-10 22:33:21.168  6840  7042 E MendelPackageState: 	at erae.d(PG:3)
04-10 22:33:21.168  6840  7042 E MendelPackageState: 	at erag.run(PG:139)
04-10 22:33:21.168  6840  7042 E MendelPackageState: 	at ercb.execute(PG:1)
04-10 22:33:21.168  6840  7042 E MendelPackageState: 	at erah.e(PG:1)
04-10 22:33:21.168  6840  7042 E MendelPackageState: 	at erah.k(PG:95)
04-10 22:33:21.168  6840  7042 E MendelPackageState: 	at erah.o(PG:19)
04-10 22:33:21.168  6840  7042 E MendelPackageState: 	at cplt.a(PG:35)
04-10 22:33:21.168  6840  7042 E MendelPackageState: 	at cder.run(PG:176)
04-10 22:33:21.168  6840  7042 E MendelPackageState: 	at ercb.execute(PG:1)
04-10 22:33:21.168  6840  7042 E MendelPackageState: 	at cdes.e(PG:105)
04-10 22:33:21.168  6840  7042 E MendelPackageState: 	at cdfd.b(PG:34)
04-10 22:33:21.168  6840  7042 E MendelPackageState: 	at cdfj.t(PG:17)
04-10 22:33:21.168  6840  7042 E MendelPackageState: 	at cdeo.c(PG:3)
04-10 22:33:21.168  6840  7042 E MendelPackageState: 	at cder.run(PG:55)
04-10 22:33:21.168  6840  7042 E MendelPackageState: 	at cdfg.execute(PG:1)
04-10 22:33:21.168  6840  7042 E MendelPackageState: 	at cdes.e(PG:57)
04-10 22:33:21.168  6840  7042 E MendelPackageState: 	at cdfd.b(PG:34)
04-10 22:33:21.168  6840  7042 E MendelPackageState: 	at cdfj.v(PG:21)
04-10 22:33:21.168  6840  7042 E MendelPackageState: 	at cbda.a(PG:112)
04-10 22:33:21.168  6840  7042 E MendelPackageState: 	at cbed.k(PG:60)
04-10 22:33:21.168  6840  7042 E MendelPackageState: 	at cbed.gZ(PG:15)
04-10 22:33:21.168  6840  7042 E MendelPackageState: 	at cbha.b(PG:3)
04-10 22:33:21.168  6840  7042 E MendelPackageState: 	at cbgi.handleMessage(PG:212)
04-10 22:33:21.168  6840  7042 E MendelPackageState: 	at android.os.Handler.dispatchMessageImpl(Handler.java:142)
04-10 22:33:21.168  6840  7042 E MendelPackageState: 	at android.os.Handler.dispatchMessage(Handler.java:125)
04-10 22:33:21.168  6840  7042 E MendelPackageState: 	at ccbx.b(PG:1)
04-10 22:33:21.168  6840  7042 E MendelPackageState: 	at ccbx.dispatchMessage(PG:1)
04-10 22:33:21.168  6840  7042 E MendelPackageState: 	at android.os.Looper.loopOnce(Looper.java:292)
04-10 22:33:21.168  6840  7042 E MendelPackageState: 	at android.os.Looper.loop(Looper.java:393)
04-10 22:33:21.168  6840  7042 E MendelPackageState: 	at android.os.HandlerThread.run(HandlerThread.java:139)
04-10 22:33:21.168  6840  7042 E MendelPackageState: Caused by: cbba: 20: The connection to Google Play services was lost due to service disconnection.
04-10 22:33:21.168  6840  7042 E MendelPackageState: 	at cbda.a(PG:105)
04-10 22:33:21.168  6840  7042 E MendelPackageState: 	... 11 more
04-10 22:33:21.169  6840  7042 E MendelPackageState: Failed to commit to config
04-10 22:33:21.169  6840  7042 E MendelPackageState: ddmv: 20: 20: The connection to Google Play services was lost due to service disconnection.
04-10 22:33:21.169  6840  7042 E MendelPackageState: 	at ddmx.apply(PG:13)
04-10 22:33:21.169  6840  7042 E MendelPackageState: 	at erae.d(PG:3)
04-10 22:33:21.169  6840  7042 E MendelPackageState: 	at erag.run(PG:139)
04-10 22:33:21.169  6840  7042 E MendelPackageState: 	at ercb.execute(PG:1)
04-10 22:33:21.169  6840  7042 E MendelPackageState: 	at erah.e(PG:1)
04-10 22:33:21.169  6840  7042 E MendelPackageState: 	at erah.k(PG:95)
04-10 22:33:21.169  6840  7042 E MendelPackageState: 	at erah.o(PG:19)
04-10 22:33:21.169  6840  7042 E MendelPackageState: 	at cplt.a(PG:35)
04-10 22:33:21.169  6840  7042 E MendelPackageState: 	at cder.run(PG:176)
04-10 22:33:21.169  6840  7042 E MendelPackageState: 	at ercb.execute(PG:1)
04-10 22:33:21.169  6840  7042 E MendelPackageState: 	at cdes.e(PG:105)
04-10 22:33:21.169  6840  7042 E MendelPackageState: 	at cdfd.b(PG:34)
04-10 22:33:21.169  6840  7042 E MendelPackageState: 	at cdfj.t(PG:17)
04-10 22:33:21.169  6840  7042 E MendelPackageState: 	at cdeo.c(PG:3)
04-10 22:33:21.169  6840  7042 E MendelPackageState: 	at cder.run(PG:55)
04-10 22:33:21.169  6840  7042 E MendelPackageState: 	at cdfg.execute(PG:1)
04-10 22:33:21.169  6840  7042 E MendelPackageState: 	at cdes.e(PG:57)
04-10 22:33:21.169  6840  7042 E MendelPackageState: 	at cdfd.b(PG:34)
04-10 22:33:21.169  6840  7042 E MendelPackageState: 	at cdfj.v(PG:21)
04-10 22:33:21.169  6840  7042 E MendelPackageState: 	at cbda.a(PG:112)
04-10 22:33:21.169  6840  7042 E MendelPackageState: 	at cbed.k(PG:60)
04-10 22:33:21.169  6840  7042 E MendelPackageState: 	at cbed.gZ(PG:15)
04-10 22:33:21.169  6840  7042 E MendelPackageState: 	at cbha.b(PG:3)
04-10 22:33:21.169  6840  7042 E MendelPackageState: 	at cbgi.handleMessage(PG:212)
04-10 22:33:21.169  6840  7042 E MendelPackageState: 	at android.os.Handler.dispatchMessageImpl(Handler.java:142)
04-10 22:33:21.169  6840  7042 E MendelPackageState: 	at android.os.Handler.dispatchMessage(Handler.java:125)
04-10 22:33:21.169  6840  7042 E MendelPackageState: 	at ccbx.b(PG:1)
04-10 22:33:21.169  6840  7042 E MendelPackageState: 	at ccbx.dispatchMessage(PG:1)
04-10 22:33:21.169  6840  7042 E MendelPackageState: 	at android.os.Looper.loopOnce(Looper.java:292)
04-10 22:33:21.169  6840  7042 E MendelPackageState: 	at android.os.Looper.loop(Looper.java:393)
04-10 22:33:21.169  6840  7042 E MendelPackageState: 	at android.os.HandlerThread.run(HandlerThread.java:139)
04-10 22:33:21.169  6840  7042 E MendelPackageState: Caused by: cbba: 20: The connection to Google Play services was lost due to service disconnection.
04-10 22:33:21.169  6840  7042 E MendelPackageState: 	at cbda.a(PG:105)
04-10 22:33:21.169  6840  7042 E MendelPackageState: 	... 11 more
04-10 22:33:21.174  6840  7042 E MendelPackageState: Failed to commit to config
04-10 22:33:21.174  6840  7042 E MendelPackageState: ddmv: 20: 20: The connection to Google Play services was lost due to service disconnection.
04-10 22:33:21.174  6840  7042 E MendelPackageState: 	at ddmx.apply(PG:13)
04-10 22:33:21.174  6840  7042 E MendelPackageState: 	at erae.d(PG:3)
04-10 22:33:21.174  6840  7042 E MendelPackageState: 	at erag.run(PG:139)
04-10 22:33:21.174  6840  7042 E MendelPackageState: 	at ercb.execute(PG:1)
04-10 22:33:21.174  6840  7042 E MendelPackageState: 	at erah.e(PG:1)
04-10 22:33:21.174  6840  7042 E MendelPackageState: 	at erah.k(PG:95)
04-10 22:33:21.174  6840  7042 E MendelPackageState: 	at erah.o(PG:19)
04-10 22:33:21.174  6840  7042 E MendelPackageState: 	at cplt.a(PG:35)
04-10 22:33:21.174  6840  7042 E MendelPackageState: 	at cder.run(PG:176)
04-10 22:33:21.174  6840  7042 E MendelPackageState: 	at ercb.execute(PG:1)
04-10 22:33:21.174  6840  7042 E MendelPackageState: 	at cdes.e(PG:105)
04-10 22:33:21.174  6840  7042 E MendelPackageState: 	at cdfd.b(PG:34)
04-10 22:33:21.174  6840  7042 E MendelPackageState: 	at cdfj.t(PG:17)
04-10 22:33:21.174  6840  7042 E MendelPackageState: 	at cdeo.c(PG:3)
04-10 22:33:21.174  6840  7042 E MendelPackageState: 	at cder.run(PG:55)
04-10 22:33:21.174  6840  7042 E MendelPackageState: 	at cdfg.execute(PG:1)
04-10 22:33:21.174  6840  7042 E MendelPackageState: 	at cdes.e(PG:57)
04-10 22:33:21.174  6840  7042 E MendelPackageState: 	at cdfd.b(PG:34)
04-10 22:33:21.174  6840  7042 E MendelPackageState: 	at cdfj.v(PG:21)
04-10 22:33:21.174  6840  7042 E MendelPackageState: 	at cbda.a(PG:112)
04-10 22:33:21.174  6840  7042 E MendelPackageState: 	at cbed.k(PG:60)
04-10 22:33:21.174  6840  7042 E MendelPackageState: 	at cbed.gZ(PG:15)
04-10 22:33:21.174  6840  7042 E MendelPackageState: 	at cbha.b(PG:3)
04-10 22:33:21.174  6840  7042 E MendelPackageState: 	at cbgi.handleMessage(PG:212)
04-10 22:33:21.174  6840  7042 E MendelPackageState: 	at android.os.Handler.dispatchMessageImpl(Handler.java:142)
04-10 22:33:21.174  6840  7042 E MendelPackageState: 	at android.os.Handler.dispatchMessage(Handler.java:125)
04-10 22:33:21.174  6840  7042 E MendelPackageState: 	at ccbx.b(PG:1)
04-10 22:33:21.174  6840  7042 E MendelPackageState: 	at ccbx.dispatchMessage(PG:1)
04-10 22:33:21.174  6840  7042 E MendelPackageState: 	at android.os.Looper.loopOnce(Looper.java:292)
04-10 22:33:21.174  6840  7042 E MendelPackageState: 	at android.os.Looper.loop(Looper.java:393)
04-10 22:33:21.174  6840  7042 E MendelPackageState: 	at android.os.HandlerThread.run(HandlerThread.java:139)
04-10 22:33:21.174  6840  7042 E MendelPackageState: Caused by: cbba: 20: The connection to Google Play services was lost due to service disconnection.
04-10 22:33:21.174  6840  7042 E MendelPackageState: 	at cbda.a(PG:105)
04-10 22:33:21.174  6840  7042 E MendelPackageState: 	... 11 more
04-10 22:33:21.179  6840  7042 E MendelPackageState: Failed to commit to config
04-10 22:33:21.179  6840  7042 E MendelPackageState: ddmv: 20: 20: The connection to Google Play services was lost due to service disconnection.
04-10 22:33:21.179  6840  7042 E MendelPackageState: 	at ddmx.apply(PG:13)
04-10 22:33:21.179  6840  7042 E MendelPackageState: 	at erae.d(PG:3)
04-10 22:33:21.179  6840  7042 E MendelPackageState: 	at erag.run(PG:139)
04-10 22:33:21.179  6840  7042 E MendelPackageState: 	at ercb.execute(PG:1)
04-10 22:33:21.179  6840  7042 E MendelPackageState: 	at erah.e(PG:1)
04-10 22:33:21.179  6840  7042 E MendelPackageState: 	at erah.k(PG:95)
04-10 22:33:21.179  6840  7042 E MendelPackageState: 	at erah.o(PG:19)
04-10 22:33:21.179  6840  7042 E MendelPackageState: 	at cplt.a(PG:35)
04-10 22:33:21.179  6840  7042 E MendelPackageState: 	at cder.run(PG:176)
04-10 22:33:21.179  6840  7042 E MendelPackageState: 	at ercb.execute(PG:1)
04-10 22:33:21.179  6840  7042 E MendelPackageState: 	at cdes.e(PG:105)
04-10 22:33:21.179  6840  7042 E MendelPackageState: 	at cdfd.b(PG:34)
04-10 22:33:21.179  6840  7042 E MendelPackageState: 	at cdfj.t(PG:17)
04-10 22:33:21.179  6840  7042 E MendelPackageState: 	at cdeo.c(PG:3)
04-10 22:33:21.179  6840  7042 E MendelPackageState: 	at cder.run(PG:55)
04-10 22:33:21.179  6840  7042 E MendelPackageState: 	at cdfg.execute(PG:1)
04-10 22:33:21.179  6840  7042 E MendelPackageState: 	at cdes.e(PG:57)
04-10 22:33:21.179  6840  7042 E MendelPackageState: 	at cdfd.b(PG:34)
04-10 22:33:21.179  6840  7042 E MendelPackageState: 	at cdfj.v(PG:21)
04-10 22:33:21.179  6840  7042 E MendelPackageState: 	at cbda.a(PG:112)
04-10 22:33:21.179  6840  7042 E MendelPackageState: 	at cbed.k(PG:60)
04-10 22:33:21.179  6840  7042 E MendelPackageState: 	at cbed.gZ(PG:15)
04-10 22:33:21.179  6840  7042 E MendelPackageState: 	at cbha.b(PG:3)
04-10 22:33:21.179  6840  7042 E MendelPackageState: 	at cbgi.handleMessage(PG:212)
04-10 22:33:21.179  6840  7042 E MendelPackageState: 	at android.os.Handler.dispatchMessageImpl(Handler.java:142)
04-10 22:33:21.179  6840  7042 E MendelPackageState: 	at android.os.Handler.dispatchMessage(Handler.java:125)
04-10 22:33:21.179  6840  7042 E MendelPackageState: 	at ccbx.b(PG:1)
04-10 22:33:21.179  6840  7042 E MendelPackageState: 	at ccbx.dispatchMessage(PG:1)
04-10 22:33:21.179  6840  7042 E MendelPackageState: 	at android.os.Looper.loopOnce(Looper.java:292)
04-10 22:33:21.179  6840  7042 E MendelPackageState: 	at android.os.Looper.loop(Looper.java:393)
04-10 22:33:21.179  6840  7042 E MendelPackageState: 	at android.os.HandlerThread.run(HandlerThread.java:139)
04-10 22:33:21.179  6840  7042 E MendelPackageState: Caused by: cbba: 20: The connection to Google Play services was lost due to service disconnection.
04-10 22:33:21.179  6840  7042 E MendelPackageState: 	at cbda.a(PG:105)
04-10 22:33:21.179  6840  7042 E MendelPackageState: 	... 11 more
04-10 22:33:21.251  7563  7563 E libbinder.Parcel: Reading a NULL string not supported here.
04-10 22:33:21.385  7337  7337 E GoogleInputMethodService: GoogleInputMethodService.getAppEditorInfo():1891 App EditorInfo should never be null.
04-10 22:33:21.442  7563  7563 E libbinder.Parcel: Reading a NULL string not supported here.
04-10 22:33:21.651  7563  7563 E libbinder.Parcel: Reading a NULL string not supported here.
04-10 22:33:21.779  6801  6924 E MendelPackageState: Failed to commit to config
04-10 22:33:21.779  6801  6924 E MendelPackageState: acha: 20: 20: The connection to Google Play services was lost due to service disconnection.
04-10 22:33:21.779  6801  6924 E MendelPackageState: 	at achc.a(PG:39)
04-10 22:33:21.779  6801  6924 E MendelPackageState: 	at aghf.d(PG:3)
04-10 22:33:21.779  6801  6924 E MendelPackageState: 	at aghh.run(PG:139)
04-10 22:33:21.779  6801  6924 E MendelPackageState: 	at agjd.execute(PG:1)
04-10 22:33:21.779  6801  6924 E MendelPackageState: 	at aghp.f(PG:1)
04-10 22:33:21.779  6801  6924 E MendelPackageState: 	at aghp.k(PG:101)
04-10 22:33:21.779  6801  6924 E MendelPackageState: 	at aghp.p(PG:19)
04-10 22:33:21.779  6801  6924 E MendelPackageState: 	at zop.a(PG:35)
04-10 22:33:21.779  6801  6924 E MendelPackageState: 	at ci.run(PG:321)
04-10 22:33:21.779  6801  6924 E MendelPackageState: 	at agjd.execute(PG:1)
04-10 22:33:21.779  6801  6924 E MendelPackageState: 	at ymk.a(PG:110)
04-10 22:33:21.779  6801  6924 E MendelPackageState: 	at zmi.g(PG:34)
04-10 22:33:21.779  6801  6924 E MendelPackageState: 	at ymw.r(PG:17)
04-10 22:33:21.779  6801  6924 E MendelPackageState: 	at ymo.c(PG:7)
04-10 22:33:21.779  6801  6924 E MendelPackageState: 	at ci.run(PG:289)
04-10 22:33:21.779  6801  6924 E MendelPackageState: 	at ymt.execute(PG:20)
04-10 22:33:21.779  6801  6924 E MendelPackageState: 	at ymk.a(PG:63)
04-10 22:33:21.779  6801  6924 E MendelPackageState: 	at zmi.g(PG:34)
04-10 22:33:21.779  6801  6924 E MendelPackageState: 	at akhg.ad(PG:37)
04-10 22:33:21.779  6801  6924 E MendelPackageState: 	at alej.ae(PG:108)
04-10 22:33:21.779  6801  6924 E MendelPackageState: 	at xyf.k(PG:59)
04-10 22:33:21.779  6801  6924 E MendelPackageState: 	at xyf.a(PG:15)
04-10 22:33:21.779  6801  6924 E MendelPackageState: 	at xzo.handleMessage(PG:204)
04-10 22:33:21.779  6801  6924 E MendelPackageState: 	at android.os.Handler.dispatchMessageImpl(Handler.java:142)
04-10 22:33:21.779  6801  6924 E MendelPackageState: 	at android.os.Handler.dispatchMessage(Handler.java:125)
04-10 22:33:21.779  6801  6924 E MendelPackageState: 	at ygi.b(PG:1)
04-10 22:33:21.779  6801  6924 E MendelPackageState: 	at ygi.dispatchMessage(PG:1)
04-10 22:33:21.779  6801  6924 E MendelPackageState: 	at android.os.Looper.loopOnce(Looper.java:292)
04-10 22:33:21.779  6801  6924 E MendelPackageState: 	at android.os.Looper.loop(Looper.java:393)
04-10 22:33:21.779  6801  6924 E MendelPackageState: 	at android.os.HandlerThread.run(HandlerThread.java:139)
04-10 22:33:21.779  6801  6924 E MendelPackageState: Caused by: xwn: 20: The connection to Google Play services was lost due to service disconnection.
04-10 22:33:21.779  6801  6924 E MendelPackageState: 	at alej.ae(PG:105)
04-10 22:33:21.779  6801  6924 E MendelPackageState: 	... 10 more
04-10 22:33:21.804   710  1916 E AppOps  : Bad call made by uid 1000. Package "com.google.android.googlequicksearchbox" does not belong to uid 1000.
04-10 22:33:21.809   710   925 E Nl80211Native: getChannelsMhzForBand: Wiphy index not recorded for band 8
04-10 22:33:21.809   710   925 E Nl80211Native: getChannelsMhzForBand: Wiphy index not recorded for band 16
04-10 22:33:22.031  7563  7563 E libbinder.Parcel: Reading a NULL string not supported here.
04-10 22:33:22.053  7563  7563 E libbinder.IPCThreadState: Binder transaction failure. id: 202921, cmd: BR_FAILED_REPLY (29201), error: -1 (Operation not permitted)
04-10 22:33:22.078  1214  1379 E NetlinkUtils: receiveNetlinkAck, errmsg=NetlinkErrorMessage{ nlmsghdr{StructNlMsgHdr{ nlmsg_len{56}, nlmsg_type{2()}, nlmsg_flags{0()}, nlmsg_seq{1}, nlmsg_pid{-260667716} }}, nlmsgerr{StructNlMsgErr{ error{-2}, msg{StructNlMsgHdr{ nlmsg_len{36}, nlmsg_type{28()}, nlmsg_flags{261(NLM_F_REQUEST|NLM_F_ACK|NLM_F_ROOT)}, nlmsg_seq{1}, nlmsg_pid{0} }} }} }
04-10 22:33:22.085   710   747 E PackageManager: Optimistic bind failed.
04-10 22:33:22.085   710   747 E PackageManager: java.util.concurrent.TimeoutException: [Optimistic Bind] Didn't bind to resolver in time!
04-10 22:33:22.085   710   747 E PackageManager: 	at com.android.server.pm.InstantAppResolverConnection.waitForBindLocked(InstantAppResolverConnection.java:160)
04-10 22:33:22.085   710   747 E PackageManager: 	at com.android.server.pm.InstantAppResolverConnection.bind(InstantAppResolverConnection.java:230)
04-10 22:33:22.085   710   747 E PackageManager: 	at com.android.server.pm.InstantAppResolverConnection.lambda$optimisticBind$0(InstantAppResolverConnection.java:260)
04-10 22:33:22.085   710   747 E PackageManager: 	at com.android.server.pm.InstantAppResolverConnection.$r8$lambda$66W2s2mMKe4pk_xXCScH9RCqav8(InstantAppResolverConnection.java:0)
04-10 22:33:22.085   710   747 E PackageManager: 	at com.android.server.pm.InstantAppResolverConnection$$ExternalSyntheticLambda0.run(R8$$SyntheticClass:0)
04-10 22:33:22.085   710   747 E PackageManager: 	at android.os.Handler.handleCallback(Handler.java:1095)
04-10 22:33:22.085   710   747 E PackageManager: 	at android.os.Handler.dispatchMessageImpl(Handler.java:135)
04-10 22:33:22.085   710   747 E PackageManager: 	at android.os.Handler.dispatchMessage(Handler.java:125)
04-10 22:33:22.085   710   747 E PackageManager: 	at android.os.Looper.loopOnce(Looper.java:292)
04-10 22:33:22.085   710   747 E PackageManager: 	at android.os.Looper.loop(Looper.java:393)
04-10 22:33:22.085   710   747 E PackageManager: 	at android.os.HandlerThread.run(HandlerThread.java:139)
04-10 22:33:22.151  1214  1379 E IpNeighborMonitor: Error probing ip=10.0.2.2%16: android.system.ErrnoException: NetlinkErrorMessage{ nlmsghdr{StructNlMsgHdr{ nlmsg_len{56}, nlmsg_type{2()}, nlmsg_flags{0()}, nlmsg_seq{1}, nlmsg_pid{-260667716} }}, nlmsgerr{StructNlMsgErr{ error{-2}, msg{StructNlMsgHdr{ nlmsg_len{36}, nlmsg_type{28()}, nlmsg_flags{261(NLM_F_REQUEST|NLM_F_ACK|NLM_F_ROOT)}, nlmsg_seq{1}, nlmsg_pid{0} }} }} } failed: ENOENT (No such file or directory)
04-10 22:33:22.159  1214  1379 E NetlinkUtils: receiveNetlinkAck, errmsg=NetlinkErrorMessage{ nlmsghdr{StructNlMsgHdr{ nlmsg_len{68}, nlmsg_type{2()}, nlmsg_flags{0()}, nlmsg_seq{1}, nlmsg_pid{-126248063} }}, nlmsgerr{StructNlMsgErr{ error{-2}, msg{StructNlMsgHdr{ nlmsg_len{48}, nlmsg_type{28()}, nlmsg_flags{261(NLM_F_REQUEST|NLM_F_ACK|NLM_F_ROOT)}, nlmsg_seq{1}, nlmsg_pid{0} }} }} }
04-10 22:33:22.170  1214  1379 E IpNeighborMonitor: Error probing ip=fec0::3%16: android.system.ErrnoException: NetlinkErrorMessage{ nlmsghdr{StructNlMsgHdr{ nlmsg_len{68}, nlmsg_type{2()}, nlmsg_flags{0()}, nlmsg_seq{1}, nlmsg_pid{-126248063} }}, nlmsgerr{StructNlMsgErr{ error{-2}, msg{StructNlMsgHdr{ nlmsg_len{48}, nlmsg_type{28()}, nlmsg_flags{261(NLM_F_REQUEST|NLM_F_ACK|NLM_F_ROOT)}, nlmsg_seq{1}, nlmsg_pid{0} }} }} } failed: ENOENT (No such file or directory)
04-10 22:33:22.180  1214  1379 E NetlinkUtils: receiveNetlinkAck, errmsg=NetlinkErrorMessage{ nlmsghdr{StructNlMsgHdr{ nlmsg_len{56}, nlmsg_type{2()}, nlmsg_flags{0()}, nlmsg_seq{1}, nlmsg_pid{-948991221} }}, nlmsgerr{StructNlMsgErr{ error{-2}, msg{StructNlMsgHdr{ nlmsg_len{36}, nlmsg_type{28()}, nlmsg_flags{261(NLM_F_REQUEST|NLM_F_ACK|NLM_F_ROOT)}, nlmsg_seq{1}, nlmsg_pid{0} }} }} }
04-10 22:33:22.186  1214  1379 E IpNeighborMonitor: Error probing ip=10.0.2.3%16: android.system.ErrnoException: NetlinkErrorMessage{ nlmsghdr{StructNlMsgHdr{ nlmsg_len{56}, nlmsg_type{2()}, nlmsg_flags{0()}, nlmsg_seq{1}, nlmsg_pid{-948991221} }}, nlmsgerr{StructNlMsgErr{ error{-2}, msg{StructNlMsgHdr{ nlmsg_len{36}, nlmsg_type{28()}, nlmsg_flags{261(NLM_F_REQUEST|NLM_F_ACK|NLM_F_ROOT)}, nlmsg_seq{1}, nlmsg_pid{0} }} }} } failed: ENOENT (No such file or directory)
04-10 22:33:22.274  7563  7563 E libbinder.Parcel: Reading a NULL string not supported here.
04-10 22:33:22.276   710   724 E JobScheduler.JobStatus: App com.google.android.dialer became active but still in NEVER bucket
04-10 22:33:22.311   288   295 E lowmemorykiller: process_mrelease 7161 failed: No such process
04-10 22:33:22.470  7563  7563 E libbinder.Parcel: Reading a NULL string not supported here.
04-10 22:33:22.506   434   467 E NetlinkEvent: NetlinkEvent::FindParam(): Parameter 'INTERFACE' not found
04-10 22:33:22.506   434   467 E NetlinkEvent: NetlinkEvent::FindParam(): Parameter 'STATE' not found
04-10 22:33:22.506   434   467 E NetlinkEvent: NetlinkEvent::FindParam(): Parameter 'TIME_NS' not found
04-10 22:33:22.506   434   467 E NetlinkEvent: NetlinkEvent::FindParam(): Parameter 'UID' not found
04-10 22:33:22.610   710   919 E WifiStaIfaceAidlImpl: setRoamingMode failed with service-specific exception: android.os.ServiceSpecificException:  (code 4)
04-10 22:33:22.610   710   919 E WifiRoamingModeManager: Failed to set roaming mode due to unknown error.
04-10 22:33:22.613   710   919 E WifiStaIfaceAidlImpl: stopRssiMonitoring failed with service-specific exception: android.os.ServiceSpecificException:  (code 5)
04-10 22:33:22.739  7563  7563 E libbinder.Parcel: Reading a NULL string not supported here.
04-10 22:33:22.822  7563  7563 E libbinder.Parcel: Reading a NULL string not supported here.
04-10 22:33:22.842   710   724 E JobScheduler.JobStatus: App com.google.android.dialer became active but still in NEVER bucket
04-10 22:33:23.069  7560  7560 E CarrierIdProvider: read carrier list from ota pb failure: java.io.FileNotFoundException: /data/misc/carrierid/carrier_list.pb: open failed: ENOENT (No such file or directory)
04-10 22:33:23.335  7337  7605 E MDDTaskScheduler: MDDTaskScheduler.scheduleDownload():191 work Data {charging : false, mdd_task_tag : download, network : false} scheduled
04-10 22:33:23.398   710   725 E JobScheduler.JobStatus: App com.google.android.dialer became active but still in NEVER bucket
04-10 22:33:23.417   710  1916 E JobScheduler.JobStatus: App com.google.android.apps.photos became active but still in NEVER bucket
04-10 22:33:23.507  6095  6095 E studio.deploy: ERROR: Could not remove dir '/data/data/com.ecommerceearn.app/code_cache/.ll/': No such file or directory
04-10 22:33:23.588   710  1105 E JobScheduler.JobStatus: App com.google.android.apps.photos became active but still in NEVER bucket
04-10 22:33:23.631   710  1168 E JobScheduler.JobStatus: App com.google.android.dialer became active but still in NEVER bucket
04-10 22:33:24.429  7275  7288 E AiAiNotificationAssistantService: No completion listener supplied for this service!
04-10 22:33:24.603  7730  7730 E libbinder.Parcel: Reading a NULL string not supported here.
04-10 22:33:24.641   710  1168 E AppOps  : Bad call made by uid 1000. Package "com.google.android.apps.photos" does not belong to uid 1000.
04-10 22:33:24.738  7337  7420 E HandwritingSuperpacksUtil: HandwritingSuperpacksUtil.getPackMappingPackName():42 No pack mapping pack found in []
04-10 22:33:25.093  7730  7730 E libbinder.IPCThreadState: Binder transaction failure. id: 205886, cmd: BR_FAILED_REPLY (29201), error: -1 (Operation not permitted)
04-10 22:33:25.112  7730  7730 E libbinder.IPCThreadState: Binder transaction failure. id: 205893, cmd: BR_FAILED_REPLY (29201), error: -1 (Operation not permitted)
04-10 22:33:25.127  7730  7730 E libbinder.IPCThreadState: Binder transaction failure. id: 205900, cmd: BR_FAILED_REPLY (29201), error: -1 (Operation not permitted)
04-10 22:33:25.131  7730  7730 E libbinder.IPCThreadState: Binder transaction failure. id: 205911, cmd: BR_FAILED_REPLY (29201), error: -1 (Operation not permitted)
04-10 22:33:25.134  7730  7730 E libbinder.IPCThreadState: Binder transaction failure. id: 205916, cmd: BR_FAILED_REPLY (29201), error: -1 (Operation not permitted)
04-10 22:33:25.134  7730  7730 E libbinder.IPCThreadState: Binder transaction failure. id: 205920, cmd: BR_FAILED_REPLY (29201), error: -1 (Operation not permitted)
04-10 22:33:25.135  7730  7730 E libbinder.IPCThreadState: Binder transaction failure. id: 205924, cmd: BR_FAILED_REPLY (29201), error: -1 (Operation not permitted)
04-10 22:33:25.148  7730  7730 E libbinder.IPCThreadState: Binder transaction failure. id: 205938, cmd: BR_FAILED_REPLY (29201), error: -1 (Operation not permitted)
04-10 22:33:25.156  7730  7730 E libbinder.IPCThreadState: Binder transaction failure. id: 205947, cmd: BR_FAILED_REPLY (29201), error: -1 (Operation not permitted)
04-10 22:33:25.157  7730  7730 E libbinder.IPCThreadState: Binder transaction failure. id: 205951, cmd: BR_FAILED_REPLY (29201), error: -1 (Operation not permitted)
04-10 22:33:25.162  7730  7730 E libbinder.IPCThreadState: Binder transaction failure. id: 205965, cmd: BR_FAILED_REPLY (29201), error: -1 (Operation not permitted)
04-10 22:33:25.164  7730  7730 E libbinder.IPCThreadState: Binder transaction failure. id: 205971, cmd: BR_FAILED_REPLY (29201), error: -1 (Operation not permitted)
04-10 22:33:25.165  7730  7730 E libbinder.IPCThreadState: Binder transaction failure. id: 205975, cmd: BR_FAILED_REPLY (29201), error: -1 (Operation not permitted)
04-10 22:33:25.166  7730  7730 E libbinder.IPCThreadState: Binder transaction failure. id: 205979, cmd: BR_FAILED_REPLY (29201), error: -1 (Operation not permitted)
04-10 22:33:25.183   710   734 E TelephonyManager: Error calling #isDataEnabled, returning default (false).
04-10 22:33:25.183   710   734 E TelephonyManager: java.lang.IllegalStateException: telephony service is null.
04-10 22:33:25.183   710   734 E TelephonyManager: 	at android.telephony.TelephonyManager.isDataEnabledForReason(TelephonyManager.java:14389)
04-10 22:33:25.183   710   734 E TelephonyManager: 	at android.telephony.TelephonyManager.isDataEnabledForReason(TelephonyManager.java:14380)
04-10 22:33:25.183   710   734 E TelephonyManager: 	at android.telephony.TelephonyManager.isDataEnabled(TelephonyManager.java:11725)
04-10 22:33:25.183   710   734 E TelephonyManager: 	at android.telephony.TelephonyManager.getDataEnabled(TelephonyManager.java:11692)
04-10 22:33:25.183   710   734 E TelephonyManager: 	at com.android.server.location.gnss.GnssNetworkConnectivityHandler.handleUpdateNetworkState(GnssNetworkConnectivityHandler.java:463)
04-10 22:33:25.183   710   734 E TelephonyManager: 	at com.android.server.location.gnss.GnssNetworkConnectivityHandler.-$$Nest$mhandleUpdateNetworkState(GnssNetworkConnectivityHandler.java:0)
04-10 22:33:25.183   710   734 E TelephonyManager: 	at com.android.server.location.gnss.GnssNetworkConnectivityHandler$2.onCapabilitiesChanged(GnssNetworkConnectivityHandler.java:396)
04-10 22:33:25.183   710   734 E TelephonyManager: 	at android.net.ConnectivityManager$NetworkCallback.onAvailable(ConnectivityManager.java:4224)
04-10 22:33:25.183   710   734 E TelephonyManager: 	at android.net.ConnectivityManager$NetworkCallback.onAvailable(ConnectivityManager.java:4189)
04-10 22:33:25.183   710   734 E TelephonyManager: 	at android.net.ConnectivityManager$CallbackHandler.handleMessage(ConnectivityManager.java:4679)
04-10 22:33:25.183   710   734 E TelephonyManager: 	at android.os.Handler.dispatchMessageImpl(Handler.java:142)
04-10 22:33:25.183   710   734 E TelephonyManager: 	at android.os.Handler.dispatchMessage(Handler.java:125)
04-10 22:33:25.183   710   734 E TelephonyManager: 	at android.os.Looper.loopOnce(Looper.java:292)
04-10 22:33:25.183   710   734 E TelephonyManager: 	at android.os.Looper.loop(Looper.java:393)
04-10 22:33:25.183   710   734 E TelephonyManager: 	at android.os.HandlerThread.run(HandlerThread.java:139)
04-10 22:33:25.183   710   734 E TelephonyManager: 	at com.android.server.ServiceThread.run(ServiceThread.java:46)
04-10 22:33:25.185  7730  7730 E libbinder.IPCThreadState: Binder transaction failure. id: 206042, cmd: BR_FAILED_REPLY (29201), error: -1 (Operation not permitted)
04-10 22:33:25.197  7730  7730 E libbinder.IPCThreadState: Binder transaction failure. id: 206056, cmd: BR_FAILED_REPLY (29201), error: -1 (Operation not permitted)
04-10 22:33:25.198  7730  7730 E libbinder.IPCThreadState: Binder transaction failure. id: 206061, cmd: BR_FAILED_REPLY (29201), error: -1 (Operation not permitted)
04-10 22:33:25.199  7730  7730 E libbinder.IPCThreadState: Binder transaction failure. id: 206065, cmd: BR_FAILED_REPLY (29201), error: -1 (Operation not permitted)
04-10 22:33:25.200  7730  7730 E libbinder.IPCThreadState: Binder transaction failure. id: 206069, cmd: BR_FAILED_REPLY (29201), error: -1 (Operation not permitted)
04-10 22:33:25.200  7730  7730 E libbinder.IPCThreadState: Binder transaction failure. id: 206074, cmd: BR_FAILED_REPLY (29201), error: -1 (Operation not permitted)
04-10 22:33:25.202  7730  7730 E libbinder.IPCThreadState: Binder transaction failure. id: 206079, cmd: BR_FAILED_REPLY (29201), error: -1 (Operation not permitted)
04-10 22:33:25.203  7730  7730 E libbinder.IPCThreadState: Binder transaction failure. id: 206083, cmd: BR_FAILED_REPLY (29201), error: -1 (Operation not permitted)
04-10 22:33:25.204  7730  7730 E libbinder.IPCThreadState: Binder transaction failure. id: 206087, cmd: BR_FAILED_REPLY (29201), error: -1 (Operation not permitted)
04-10 22:33:25.204  7730  7730 E libbinder.IPCThreadState: Binder transaction failure. id: 206091, cmd: BR_FAILED_REPLY (29201), error: -1 (Operation not permitted)
04-10 22:33:25.206  7730  7730 E libbinder.IPCThreadState: Binder transaction failure. id: 206095, cmd: BR_FAILED_REPLY (29201), error: -1 (Operation not permitted)
04-10 22:33:25.207  7730  7730 E libbinder.IPCThreadState: Binder transaction failure. id: 206099, cmd: BR_FAILED_REPLY (29201), error: -1 (Operation not permitted)
04-10 22:33:25.208  7730  7730 E libbinder.IPCThreadState: Binder transaction failure. id: 206103, cmd: BR_FAILED_REPLY (29201), error: -1 (Operation not permitted)
04-10 22:33:25.236  7730  7730 E libbinder.IPCThreadState: Binder transaction failure. id: 206133, cmd: BR_FAILED_REPLY (29201), error: -1 (Operation not permitted)
04-10 22:33:25.239  7730  7730 E libbinder.IPCThreadState: Binder transaction failure. id: 206138, cmd: BR_FAILED_REPLY (29201), error: -1 (Operation not permitted)
04-10 22:33:25.240  7730  7730 E libbinder.IPCThreadState: Binder transaction failure. id: 206142, cmd: BR_FAILED_REPLY (29201), error: -1 (Operation not permitted)
04-10 22:33:25.242  7730  7730 E libbinder.IPCThreadState: Binder transaction failure. id: 206146, cmd: BR_FAILED_REPLY (29201), error: -1 (Operation not permitted)
04-10 22:33:25.243  7730  7730 E libbinder.IPCThreadState: Binder transaction failure. id: 206150, cmd: BR_FAILED_REPLY (29201), error: -1 (Operation not permitted)
04-10 22:33:25.243  7730  7730 E libbinder.IPCThreadState: Binder transaction failure. id: 206154, cmd: BR_FAILED_REPLY (29201), error: -1 (Operation not permitted)
04-10 22:33:25.247  7730  7730 E libbinder.IPCThreadState: Binder transaction failure. id: 206159, cmd: BR_FAILED_REPLY (29201), error: -1 (Operation not permitted)
04-10 22:33:25.248  7730  7730 E libbinder.IPCThreadState: Binder transaction failure. id: 206164, cmd: BR_FAILED_REPLY (29201), error: -1 (Operation not permitted)
04-10 22:33:25.250  7730  7730 E libbinder.IPCThreadState: Binder transaction failure. id: 206168, cmd: BR_FAILED_REPLY (29201), error: -1 (Operation not permitted)
04-10 22:33:25.251  7730  7730 E libbinder.IPCThreadState: Binder transaction failure. id: 206172, cmd: BR_FAILED_REPLY (29201), error: -1 (Operation not permitted)
04-10 22:33:25.288  7730  7730 E libbinder.IPCThreadState: Binder transaction failure. id: 206313, cmd: BR_FAILED_REPLY (29201), error: -1 (Operation not permitted)
04-10 22:33:25.290  7730  7730 E libbinder.IPCThreadState: Binder transaction failure. id: 206322, cmd: BR_FAILED_REPLY (29201), error: -1 (Operation not permitted)
04-10 22:33:25.292  7730  7730 E libbinder.IPCThreadState: Binder transaction failure. id: 206332, cmd: BR_FAILED_REPLY (29201), error: -1 (Operation not permitted)
04-10 22:33:25.306  7730  7730 E libbinder.Parcel: Reading a NULL string not supported here.
04-10 22:33:25.352   710  7760 E GnssPsdsDownloader: No Long-Term PSDS servers were specified in the GnssConfiguration
04-10 22:33:25.376   710  1168 E JobScheduler.JobStatus: App com.google.android.dialer became active but still in NEVER bucket
04-10 22:33:25.399  7730  7730 E libbinder.IPCThreadState: Binder transaction failure. id: 206494, cmd: BR_FAILED_REPLY (29201), error: -1 (Operation not permitted)
04-10 22:33:25.451  7730  7730 E libbinder.Parcel: Reading a NULL string not supported here.
04-10 22:33:25.482  7730  7730 E libbinder.Parcel: Reading a NULL string not supported here.
04-10 22:33:25.577  7730  7730 E libbinder.Parcel: Reading a NULL string not supported here.
04-10 22:33:25.698  7730  7730 E libbinder.Parcel: Reading a NULL string not supported here.
04-10 22:33:25.726  7730  7730 E libbinder.Parcel: Reading a NULL string not supported here.
04-10 22:33:25.729  7730  7730 E libbinder.Parcel: Reading a NULL string not supported here.
04-10 22:33:25.778  7730  7730 E libbinder.Parcel: Reading a NULL string not supported here.
04-10 22:33:25.790  7730  7730 E libbinder.Parcel: Reading a NULL string not supported here.
04-10 22:33:25.920  7730  7730 E libbinder.Parcel: Reading a NULL string not supported here.
04-10 22:33:25.943  7730  7730 E libbinder.Parcel: Reading a NULL string not supported here.
04-10 22:33:26.495   710  2504 E JobScheduler.JobStatus: App com.google.android.dialer became active but still in NEVER bucket
04-10 22:33:26.510  7730  7730 E libbinder.Parcel: Reading a NULL string not supported here.
04-10 22:33:26.544  7730  7730 E libbinder.Parcel: Reading a NULL string not supported here.
04-10 22:33:26.619  7730  7730 E libbinder.Parcel: Reading a NULL string not supported here.
04-10 22:33:26.685  7730  7730 E libbinder.Parcel: Reading a NULL string not supported here.
04-10 22:33:26.713  7730  7730 E libbinder.IPCThreadState: Binder transaction failure. id: 208029, cmd: BR_FAILED_REPLY (29201), error: -1 (Operation not permitted)
04-10 22:33:26.950  7337  7420 E HandwritingSuperpacksUtil: HandwritingSuperpacksUtil.getPackMappingPackName():42 No pack mapping pack found in []
04-10 22:33:26.990  7730  7730 E libbinder.Parcel: Reading a NULL string not supported here.
04-10 22:33:27.169   710  1454 E JobScheduler.JobStatus: App com.google.android.dialer became active but still in NEVER bucket
04-10 22:33:27.218  7730  7730 E libbinder.Parcel: Reading a NULL string not supported here.
04-10 22:33:27.356  7730  7730 E libbinder.Parcel: Reading a NULL string not supported here.
04-10 22:33:27.384  7730  7730 E libbinder.Parcel: Reading a NULL string not supported here.
04-10 22:33:27.556   710  1994 E JobScheduler.JobStatus: App com.google.android.inputmethod.latin became active but still in NEVER bucket
04-10 22:33:27.756  7560  7560 E SatelliteController: SatelliteController was not yet initialized.
04-10 22:33:27.759   710   859 E JobScheduler.JobStatus: App com.google.android.apps.photos became active but still in NEVER bucket
04-10 22:33:27.760   710   859 E JobScheduler.JobStatus: App com.google.android.apps.photos became active but still in NEVER bucket
04-10 22:33:27.760   710   859 E JobScheduler.JobStatus: App com.google.android.apps.photos became active but still in NEVER bucket
04-10 22:33:27.761   710   859 E JobScheduler.JobStatus: App com.google.android.apps.photos became active but still in NEVER bucket
04-10 22:33:27.761   710   859 E JobScheduler.JobStatus: App com.google.android.apps.photos became active but still in NEVER bucket
04-10 22:33:27.761   710   859 E JobScheduler.JobStatus: App com.google.android.apps.photos became active but still in NEVER bucket
04-10 22:33:27.811   710   859 E JobScheduler.JobStatus: App com.google.android.apps.photos became active but still in NEVER bucket
04-10 22:33:27.811   710   859 E JobScheduler.JobStatus: App com.google.android.apps.photos became active but still in NEVER bucket
04-10 22:33:27.823   710   859 E JobScheduler.JobStatus: App com.google.android.apps.photos became active but still in NEVER bucket
04-10 22:33:27.823   710   859 E JobScheduler.JobStatus: App com.google.android.apps.photos became active but still in NEVER bucket
04-10 22:33:27.824   710   859 E JobScheduler.JobStatus: App com.google.android.apps.photos became active but still in NEVER bucket
04-10 22:33:27.844   710   859 E JobScheduler.JobStatus: App com.google.android.inputmethod.latin became active but still in NEVER bucket
04-10 22:33:27.856   710   859 E JobScheduler.JobStatus: App com.google.android.inputmethod.latin became active but still in NEVER bucket
04-10 22:33:27.862   710   859 E JobScheduler.JobStatus: App com.google.android.inputmethod.latin became active but still in NEVER bucket
04-10 22:33:27.884   710   859 E JobScheduler.JobStatus: App com.google.android.inputmethod.latin became active but still in NEVER bucket
04-10 22:33:27.886   710   859 E JobScheduler.JobStatus: App com.google.android.inputmethod.latin became active but still in NEVER bucket
04-10 22:33:27.924   710   859 E JobScheduler.JobStatus: App com.google.android.inputmethod.latin became active but still in NEVER bucket
04-10 22:33:27.931   710   859 E JobScheduler.JobStatus: App com.google.android.inputmethod.latin became active but still in NEVER bucket
04-10 22:33:27.946   710   859 E JobScheduler.JobStatus: App com.google.android.inputmethod.latin became active but still in NEVER bucket
04-10 22:33:27.957   710   859 E JobScheduler.JobStatus: App com.google.android.inputmethod.latin became active but still in NEVER bucket
04-10 22:33:27.963   710   859 E JobScheduler.JobStatus: App com.google.android.inputmethod.latin became active but still in NEVER bucket
04-10 22:33:28.728   710   846 E TransitionChain: Mismatch between current collecting (TransitionRecord{b3b4e12 id=32 type=OPEN flags=0x0 parallelCollectType=NONE recentsDisplayId=-1 c=[
04-10 22:33:28.728   710   846 E TransitionChain:    ChangeInfo{df5e9e3 container=DefaultTaskDisplayArea@45741081 flags=0x0}
04-10 22:33:28.728   710   846 E TransitionChain:    ChangeInfo{789efe0 container=ActivityRecord{156354120 u0 com.ecommerceearn.app/.MainActivity t196} flags=0x0}
04-10 22:33:28.728   710   846 E TransitionChain:    ChangeInfo{4119299 container=Task{c9a38c7 #196 type=standard A=10231:com.ecommerceearn.app} flags=0x0}
04-10 22:33:28.728   710   846 E TransitionChain: ]
04-10 22:33:28.728   710   846 E TransitionChain: }) and chain (TransitionRecord{b3b4e12 id=32 type=OPEN flags=0x0 parallelCollectType=NONE recentsDisplayId=-1 c=[
04-10 22:33:28.728   710   846 E TransitionChain:    ChangeInfo{df5e9e3 container=DefaultTaskDisplayArea@45741081 flags=0x0}
04-10 22:33:28.728   710   846 E TransitionChain:    ChangeInfo{789efe0 container=ActivityRecord{156354120 u0 com.ecommerceearn.app/.MainActivity t196} flags=0x0}
04-10 22:33:28.728   710   846 E TransitionChain:    ChangeInfo{4119299 container=Task{c9a38c7 #196 type=standard A=10231:com.ecommerceearn.app} flags=0x0}
04-10 22:33:28.728   710   846 E TransitionChain: ]
04-10 22:33:28.728   710   846 E TransitionChain: })
04-10 22:33:28.856   710  1926 E JobScheduler.JobStatus: App com.google.android.inputmethod.latin became active but still in NEVER bucket
04-10 22:33:28.875   710  1456 E JobScheduler.JobStatus: App com.google.android.dialer became active but still in NEVER bucket
04-10 22:33:29.138   710   724 E TransitionChain: Mismatch between current collecting (TransitionRecord{b3b4e12 id=32 type=OPEN flags=0x0 parallelCollectType=NONE recentsDisplayId=-1 c=[
04-10 22:33:29.138   710   724 E TransitionChain:    ChangeInfo{df5e9e3 container=DefaultTaskDisplayArea@45741081 flags=0x0}
04-10 22:33:29.138   710   724 E TransitionChain:    ChangeInfo{789efe0 container=ActivityRecord{156354120 u0 com.ecommerceearn.app/.MainActivity t196} flags=0x0}
04-10 22:33:29.138   710   724 E TransitionChain:    ChangeInfo{4119299 container=Task{c9a38c7 #196 type=standard A=10231:com.ecommerceearn.app} flags=0x0}
04-10 22:33:29.138   710   724 E TransitionChain: ]
04-10 22:33:29.138   710   724 E TransitionChain: }) and chain (TransitionRecord{b3b4e12 id=32 type=OPEN flags=0x0 parallelCollectType=NONE recentsDisplayId=-1 c=[
04-10 22:33:29.138   710   724 E TransitionChain:    ChangeInfo{df5e9e3 container=DefaultTaskDisplayArea@45741081 flags=0x0}
04-10 22:33:29.138   710   724 E TransitionChain:    ChangeInfo{789efe0 container=ActivityRecord{156354120 u0 com.ecommerceearn.app/.MainActivity t196} flags=0x0}
04-10 22:33:29.138   710   724 E TransitionChain:    ChangeInfo{4119299 container=Task{c9a38c7 #196 type=standard A=10231:com.ecommerceearn.app} flags=0x0}
04-10 22:33:29.138   710   724 E TransitionChain: ]
04-10 22:33:29.138   710   724 E TransitionChain: })
04-10 22:33:29.140   710   724 E TransitionChain: Mismatch between current collecting (TransitionRecord{b3b4e12 id=32 type=OPEN flags=0x0 parallelCollectType=NONE recentsDisplayId=-1 c=[
04-10 22:33:29.140   710   724 E TransitionChain:    ChangeInfo{df5e9e3 container=DefaultTaskDisplayArea@45741081 flags=0x0}
04-10 22:33:29.140   710   724 E TransitionChain:    ChangeInfo{789efe0 container=ActivityRecord{156354120 u0 com.ecommerceearn.app/.MainActivity t196} flags=0x0}
04-10 22:33:29.140   710   724 E TransitionChain:    ChangeInfo{4119299 container=Task{c9a38c7 #196 type=standard A=10231:com.ecommerceearn.app} flags=0x0}
04-10 22:33:29.140   710   724 E TransitionChain: ]
04-10 22:33:29.140   710   724 E TransitionChain: }) and chain (TransitionRecord{b3b4e12 id=32 type=OPEN flags=0x0 parallelCollectType=NONE recentsDisplayId=-1 c=[
04-10 22:33:29.140   710   724 E TransitionChain:    ChangeInfo{df5e9e3 container=DefaultTaskDisplayArea@45741081 flags=0x0}
04-10 22:33:29.140   710   724 E TransitionChain:    ChangeInfo{789efe0 container=ActivityRecord{156354120 u0 com.ecommerceearn.app/.MainActivity t196} flags=0x0}
04-10 22:33:29.140   710   724 E TransitionChain:    ChangeInfo{4119299 container=Task{c9a38c7 #196 type=standard A=10231:com.ecommerceearn.app} flags=0x0}
04-10 22:33:29.140   710   724 E TransitionChain: ]
04-10 22:33:29.140   710   724 E TransitionChain: })
04-10 22:33:29.483   710  1926 E JobScheduler.JobStatus: App com.google.android.dialer became active but still in NEVER bucket
04-10 22:33:29.616  7275  7606 E AiAiEcho: Reading elements from Geller failed with cause
04-10 22:33:29.616  7275  7606 E AiAiEcho: ilw: Code: UNKNOWN, Message: Geller data fetch is not enabled
04-10 22:33:29.616  7275  7606 E AiAiEcho: 	at imn.a(PG:17)
04-10 22:33:29.616  7275  7606 E AiAiEcho: 	at lhh.b(PG:20)
04-10 22:33:29.616  7275  7606 E AiAiEcho: 	at abge.g(PG:11)
04-10 22:33:29.616  7275  7606 E AiAiEcho: 	at kotlinx.coroutines.DispatchedTask.run(PG:112)
04-10 22:33:29.616  7275  7606 E AiAiEcho: 	at java.util.concurrent.Executors$RunnableAdapter.call(Executors.java:520)
04-10 22:33:29.616  7275  7606 E AiAiEcho: 	at xjo.a(PG:3)
04-10 22:33:29.616  7275  7606 E AiAiEcho: 	at xir.run(PG:19)
04-10 22:33:29.616  7275  7606 E AiAiEcho: 	at xjp.run(PG:5)
04-10 22:33:29.616  7275  7606 E AiAiEcho: 	at java.util.concurrent.Executors$RunnableAdapter.call(Executors.java:520)
04-10 22:33:29.616  7275  7606 E AiAiEcho: 	at java.util.concurrent.FutureTask.run(FutureTask.java:328)
04-10 22:33:29.616  7275  7606 E AiAiEcho: 	at java.util.concurrent.ScheduledThreadPoolExecutor$ScheduledFutureTask.run(ScheduledThreadPoolExecutor.java:323)
04-10 22:33:29.616  7275  7606 E AiAiEcho: 	at java.util.concurrent.ThreadPoolExecutor.runWorker(ThreadPoolExecutor.java:1100)
04-10 22:33:29.616  7275  7606 E AiAiEcho: 	at java.util.concurrent.ThreadPoolExecutor$Worker.run(ThreadPoolExecutor.java:624)
04-10 22:33:29.616  7275  7606 E AiAiEcho: 	at hxw.run(PG:221)
04-10 22:33:29.616  7275  7606 E AiAiEcho: 	at java.lang.Thread.run(Thread.java:1572)
04-10 22:33:30.285   288   294 E lowmemorykiller: process_mrelease 7724 failed: No such process
04-10 22:33:30.343  7560  7560 E TelephonyConfigUpdateInstallReceiver: Failed to read current content : /data/misc/telephonyconfig/valid_telephony_config.pb
04-10 22:33:30.369  7799  7966 E droid.deskclock: hiddenapi: Accessing hidden field Ljava/util/Collections$SynchronizedCollection;->mutex:Ljava/lang/Object; (runtime_flags=0, domain=core-platform, api=max-target-o) from Lj$/util/DesugarCollections; (domain=app, TargetSdkVersion=33) using reflection: denied
04-10 22:33:30.378  7799  7966 E droid.deskclock: hiddenapi: Accessing hidden method Ljava/util/Collections$SynchronizedSet;-><init>(Ljava/util/Set;Ljava/lang/Object;)V (runtime_flags=0, domain=core-platform, api=max-target-o) from Lj$/util/DesugarCollections; (domain=app, TargetSdkVersion=33) using reflection: denied
04-10 22:33:30.378  7799  7966 E droid.deskclock: hiddenapi: Accessing hidden method Ljava/util/Collections$SynchronizedCollection;-><init>(Ljava/util/Collection;Ljava/lang/Object;)V (runtime_flags=0, domain=core-platform, api=max-target-o) from Lj$/util/DesugarCollections; (domain=app, TargetSdkVersion=33) using reflection: denied
04-10 22:33:30.430   710  1858 E libbinder.IPCThreadState: Binder transaction failure. id: 212188, cmd: BR_DEAD_REPLY (29189), error: -3 (No such process)
04-10 22:33:30.535   710   710 E JobServiceContext: Error sending onStart message to 'androidx.work.impl.background.systemjob.SystemJobService' 
04-10 22:33:30.535   710   710 E JobServiceContext: android.os.DeadObjectException
04-10 22:33:30.535   710   710 E JobServiceContext: 	at android.os.BinderProxy.transactNative(Native Method)
04-10 22:33:30.535   710   710 E JobServiceContext: 	at android.os.BinderProxy.transact(BinderProxy.java:617)
04-10 22:33:30.535   710   710 E JobServiceContext: 	at android.app.job.IJobService$Stub$Proxy.startJob(IJobService.java:190)
04-10 22:33:30.535   710   710 E JobServiceContext: 	at com.android.server.job.JobServiceContext.handleServiceBoundLocked(JobServiceContext.java:1361)
04-10 22:33:30.535   710   710 E JobServiceContext: 	at com.android.server.job.JobServiceContext.doServiceBoundLocked(JobServiceContext.java:1270)
04-10 22:33:30.535   710   710 E JobServiceContext: 	at com.android.server.job.JobServiceContext.onServiceConnected(JobServiceContext.java:1124)
04-10 22:33:30.535   710   710 E JobServiceContext: 	at android.content.ServiceConnection.onServiceConnected(ServiceConnection.java:75)
04-10 22:33:30.535   710   710 E JobServiceContext: 	at android.app.LoadedApk$ServiceDispatcher.doConnected(LoadedApk.java:2453)
04-10 22:33:30.535   710   710 E JobServiceContext: 	at android.app.LoadedApk$ServiceDispatcher$RunConnection.run(LoadedApk.java:2489)
04-10 22:33:30.535   710   710 E JobServiceContext: 	at android.os.Handler.handleCallback(Handler.java:1095)
04-10 22:33:30.535   710   710 E JobServiceContext: 	at android.os.Handler.dispatchMessageImpl(Handler.java:135)
04-10 22:33:30.535   710   710 E JobServiceContext: 	at android.os.Handler.dispatchMessage(Handler.java:125)
04-10 22:33:30.535   710   710 E JobServiceContext: 	at android.os.Looper.loopOnce(Looper.java:292)
04-10 22:33:30.535   710   710 E JobServiceContext: 	at android.os.Looper.loop(Looper.java:393)
04-10 22:33:30.535   710   710 E JobServiceContext: 	at com.android.server.SystemServer.run(SystemServer.java:1092)
04-10 22:33:30.535   710   710 E JobServiceContext: 	at com.android.server.SystemServer.main(SystemServer.java:721)
04-10 22:33:30.535   710   710 E JobServiceContext: 	at java.lang.reflect.Method.invoke(Native Method)
04-10 22:33:30.535   710   710 E JobServiceContext: 	at com.android.internal.os.RuntimeInit$MethodAndArgsCaller.run(RuntimeInit.java:575)
04-10 22:33:30.535   710   710 E JobServiceContext: 	at com.android.internal.os.ZygoteInit.main(ZygoteInit.java:917)
04-10 22:33:30.567   710  2504 E JobScheduler.JobStatus: App com.google.android.inputmethod.latin became active but still in NEVER bucket
04-10 22:33:30.622   710   710 E JobScheduler.JobStatus: App com.google.android.dialer became active but still in NEVER bucket
04-10 22:33:30.729   710   880 E InputDispatcher: channel '[Gesture Monitor] minus-one' ~ Channel is unrecoverably broken and will be disposed!
04-10 22:33:31.274  7560  7560 E SmsApplication: com.google.android.apps.messaging lost android:read_cell_broadcasts:  (fixing)
04-10 22:33:32.573  7651  7939 E libbinder.IPCThreadState: Binder transaction failure. id: 213162, cmd: BR_DEAD_REPLY (29189), error: -22 (Invalid argument)
04-10 22:33:32.583  7651  7942 E libbinder.IPCThreadState: Binder transaction failure. id: 213167, cmd: BR_DEAD_REPLY (29189), error: -22 (Invalid argument)
04-10 22:33:32.744   710   734 E libbinder.Parcel: Reading a NULL string not supported here.
04-10 22:33:32.745   710   734 E ARProxy : Unknown descriptor: 
04-10 22:33:33.116   710  1849 E TaskPersister: File error accessing recents directory (directory doesn't exist?).
04-10 22:33:35.151  7521  8032 E libbinder.IPCThreadState: Binder transaction failure. id: 213879, cmd: BR_DEAD_REPLY (29189), error: -22 (Invalid argument)
04-10 22:33:35.155  7521  8032 E libbinder.IPCThreadState: Binder transaction failure. id: 213889, cmd: BR_DEAD_REPLY (29189), error: -22 (Invalid argument)
04-10 22:33:35.264  7572  7795 E ConsumerBase: [ImageReader-320x320f1u2816m2-7572-0] abandonLocked: ConsumerBase is abandoned!
04-10 22:33:35.941   710  1456 E TransitionChain: Can't collect into a chain with no transition
04-10 22:33:35.941   710  1456 E TransitionChain: Can't collect into a chain with no transition
04-10 22:33:36.855   710  1744 E JobScheduler.JobStatus: App com.google.android.inputmethod.latin became active but still in NEVER bucket
04-10 22:33:36.924   710   880 E InputDispatcher: channel 'stylus-handwriting-event-receiver-0' ~ Channel is unrecoverably broken and will be disposed!
04-10 22:33:37.011  7651  7651 E NetworkScheduler: Compat called without init
04-10 22:33:38.622   288   295 E lowmemorykiller: process_mrelease 7596 failed: No such process
04-10 22:33:38.895  7560  7560 E TelephonyConfigUpdateInstallReceiver: Failed to read current content : /data/misc/telephonyconfig/valid_telephony_config.pb
04-10 22:33:39.571  7560  7560 E SatelliteModemInterface: Unable to bind to the satellite service because the package is undefined.
04-10 22:33:39.680  7560  7560 E SessionMetricsStats: create new SessionMetricsStats.
04-10 22:33:39.687  7560  7560 E SatelliteController: registerForSatelliteCommunicationAccessStateChanged: SatelliteManager is null
04-10 22:33:40.330  7560  7560 E AccessControllerMetricsStats: create new AccessControllerMetricsStats.
04-10 22:33:40.336  7651  7939 E UsageReportingOptionsSt: INTERNAL_ERROR: setOptInOption should not be called while user is locked. [CONTEXT service_id=41 ]
04-10 22:33:40.459  7560  8180 E SatelliteAccessController: loadConfigUpdaterConfigs: satelliteConfigVersion is invalid: 0
04-10 22:33:41.823   710   925 E Nl80211Native: getChannelsMhzForBand: Wiphy index not recorded for band 8
04-10 22:33:41.823   710   925 E Nl80211Native: getChannelsMhzForBand: Wiphy index not recorded for band 16
04-10 22:33:42.104  8071  8217 E droid.deskclock: hiddenapi: Accessing hidden field Ljava/util/Collections$SynchronizedCollection;->mutex:Ljava/lang/Object; (runtime_flags=0, domain=core-platform, api=max-target-o) from Lj$/util/DesugarCollections; (domain=app, TargetSdkVersion=33) using reflection: denied
04-10 22:33:42.106  8071  8217 E droid.deskclock: hiddenapi: Accessing hidden method Ljava/util/Collections$SynchronizedSet;-><init>(Ljava/util/Set;Ljava/lang/Object;)V (runtime_flags=0, domain=core-platform, api=max-target-o) from Lj$/util/DesugarCollections; (domain=app, TargetSdkVersion=33) using reflection: denied
04-10 22:33:42.203   288   295 E lowmemorykiller: process_mrelease 7521 failed: No such process
04-10 22:33:42.569   710  2489 E TransitionChain: Can't collect into a chain with no transition
04-10 22:33:42.569   710  2489 E TransitionChain: Can't collect into a chain with no transition
04-10 22:33:43.119  7651  7651 E .gms.persistent: hiddenapi: Accessing hidden method Landroid/net/ConnectivityManager;->isNetworkTypeMobile(I)Z (runtime_flags=0, domain=platform, api=max-target-p) from Lbzxz; (domain=app, TargetSdkVersion=37) using reflection: denied
04-10 22:33:43.119  7651  7651 E .gms.persistent: hiddenapi: Accessing hidden method Landroid/os/PowerManager;->isLightDeviceIdleMode()Z (runtime_flags=0, domain=platform, api=max-target-s) from Lbzxz; (domain=app, TargetSdkVersion=37) using reflection: denied
04-10 22:33:44.207   710   936 E AppOps  : attributionTag VCN not declared in manifest of android
04-10 22:33:44.227   710   936 E AppOps  : attributionTag VCN not declared in manifest of android
04-10 22:33:44.436   710   710 E libbinder.IPCThreadState: Binder transaction failure. id: 219439, cmd: BR_DEAD_REPLY (29189), error: -22 (Invalid argument)
04-10 22:33:44.458   710   710 E libbinder.IPCThreadState: Binder transaction failure. id: 219486, cmd: BR_DEAD_REPLY (29189), error: -22 (Invalid argument)
04-10 22:33:45.444  7560  7560 E SatelliteController: registerForSatelliteModemStateChanged: mSatelliteSessionController is not initialized yet
04-10 22:33:45.444  7560  7560 E SatelliteController: unregisterForModemStateChanged: mSatelliteSessionController is not initialized yet
04-10 22:32:00.162  8278  8413 E cr_ChromiumAndroidLinker: AndroidDlopenExt: android_dlopen_ext: dlopen failed: reserved address space 17711104 smaller than 219037696 bytes needed for "/data/app/~~x3YFQnTN1CAaAqJEfcc9Vg==/com.google.android.trichromelibrary_763204538-4rf3lNwmBJHjF-b4wp8jRg==/TrichromeLibrary.apk!/lib/x86_64/libmonochrome_64.so"
04-10 22:32:00.162  8278  8413 E cr_ChromiumAndroidLinker: LoadWithDlopenExt: android_dlopen_ext() error
04-10 22:32:00.162  8278  8413 E cr_ChromiumAndroidLinker: LoadLibrary: Failed to load native library: libmonochrome_64.so
04-10 22:32:00.162  8278  8413 E cr_Linker: Unable to load with Linker, using the system linker instead
04-10 22:32:00.752   288   295 E lowmemorykiller: process_mrelease 8278 failed: No such process
04-10 22:32:01.288   710   710 E libbinder.IPCThreadState: Binder transaction failure. id: 221793, cmd: BR_DEAD_REPLY (29189), error: -22 (Invalid argument)
04-10 22:32:01.452  8306  8306 E LibraryModuleRegistry: LibraryModuleRegistry.register():48 Module mobilebert_classifier_android_jni has already been registered to integrated_shared_object
04-10 22:32:01.488   710  1986 E JobScheduler.JobStatus: App com.google.android.apps.photos became active but still in NEVER bucket
04-10 22:32:01.616   710  1986 E JobScheduler.JobStatus: App com.google.android.apps.photos became active but still in NEVER bucket
04-10 22:32:01.641   288   294 E lowmemorykiller: process_mrelease 8366 failed: No such process
04-10 22:32:01.723   505   534 E GFXSTREAM: [egl.cpp(2130)] eglQueryContext 3100  EGL_BAD_ATTRIBUTE
04-10 22:32:01.723   505   534 E GFXSTREAM: [egl.cpp(2131)] tid 534: error 0x3004 (EGL_BAD_ATTRIBUTE)
04-10 22:32:01.753   710   710 E JobServiceContext: Error sending onStart message to 'androidx.work.impl.background.systemjob.SystemJobService' 
04-10 22:32:01.753   710   710 E JobServiceContext: android.os.DeadObjectException
04-10 22:32:01.753   710   710 E JobServiceContext: 	at android.os.BinderProxy.transactNative(Native Method)
04-10 22:32:01.753   710   710 E JobServiceContext: 	at android.os.BinderProxy.transact(BinderProxy.java:617)
04-10 22:32:01.753   710   710 E JobServiceContext: 	at android.app.job.IJobService$Stub$Proxy.startJob(IJobService.java:190)
04-10 22:32:01.753   710   710 E JobServiceContext: 	at com.android.server.job.JobServiceContext.handleServiceBoundLocked(JobServiceContext.java:1361)
04-10 22:32:01.753   710   710 E JobServiceContext: 	at com.android.server.job.JobServiceContext.doServiceBoundLocked(JobServiceContext.java:1270)
04-10 22:32:01.753   710   710 E JobServiceContext: 	at com.android.server.job.JobServiceContext.onServiceConnected(JobServiceContext.java:1124)
04-10 22:32:01.753   710   710 E JobServiceContext: 	at android.content.ServiceConnection.onServiceConnected(ServiceConnection.java:75)
04-10 22:32:01.753   710   710 E JobServiceContext: 	at android.app.LoadedApk$ServiceDispatcher.doConnected(LoadedApk.java:2453)
04-10 22:32:01.753   710   710 E JobServiceContext: 	at android.app.LoadedApk$ServiceDispatcher$RunConnection.run(LoadedApk.java:2489)
04-10 22:32:01.753   710   710 E JobServiceContext: 	at android.os.Handler.handleCallback(Handler.java:1095)
04-10 22:32:01.753   710   710 E JobServiceContext: 	at android.os.Handler.dispatchMessageImpl(Handler.java:135)
04-10 22:32:01.753   710   710 E JobServiceContext: 	at android.os.Handler.dispatchMessage(Handler.java:125)
04-10 22:32:01.753   710   710 E JobServiceContext: 	at android.os.Looper.loopOnce(Looper.java:292)
04-10 22:32:01.753   710   710 E JobServiceContext: 	at android.os.Looper.loop(Looper.java:393)
04-10 22:32:01.753   710   710 E JobServiceContext: 	at com.android.server.SystemServer.run(SystemServer.java:1092)
04-10 22:32:01.753   710   710 E JobServiceContext: 	at com.android.server.SystemServer.main(SystemServer.java:721)
04-10 22:32:01.753   710   710 E JobServiceContext: 	at java.lang.reflect.Method.invoke(Native Method)
04-10 22:32:01.753   710   710 E JobServiceContext: 	at com.android.internal.os.RuntimeInit$MethodAndArgsCaller.run(RuntimeInit.java:575)
04-10 22:32:01.753   710   710 E JobServiceContext: 	at com.android.internal.os.ZygoteInit.main(ZygoteInit.java:917)
04-10 22:32:01.870  7818  7818 E ConfigUpdater: Content URL or Metadata URL from flag is empty, ignoring flag change.
04-10 22:32:01.975   710  1990 E JobScheduler.JobStatus: App com.google.android.apps.photos became active but still in NEVER bucket
04-10 22:32:02.063  7818  7818 E ConfigUpdater: Content URL or Metadata URL from flag is empty, ignoring flag change.
04-10 22:32:02.125  7818  7818 E ConfigUpdater: Content URL or Metadata URL from flag is empty, ignoring flag change.
04-10 22:32:02.207  7818  7818 E ConfigUpdater: Content URL or Metadata URL from flag is empty, ignoring flag change.
04-10 22:32:02.248   288   295 E lowmemorykiller: process_mrelease 7912 failed: No such process
04-10 22:32:02.382   710  1745 E AppOps  : Bad call made by uid 1000. Package "com.google.android.apps.photos" does not belong to uid 1000.
04-10 22:32:02.391   288   295 E lowmemorykiller: process_mrelease 7818 failed: No such process
04-10 22:32:02.639   710   925 E Nl80211Native: getChannelsMhzForBand: Wiphy index not recorded for band 8
04-10 22:32:02.639   710   925 E Nl80211Native: getChannelsMhzForBand: Wiphy index not recorded for band 16
04-10 22:32:02.643   710  1456 E WifiService: Attempt to retrieve Passpoint configuration with null osuProviders
04-10 22:32:02.802   288   295 E lowmemorykiller: process_mrelease 8033 failed: No such process
04-10 22:32:03.145  7560  8282 E PhoneInterfaceManager: getServiceStateForSlot retuning null for invalid slotIndex=-1
04-10 22:32:03.162   710   724 E AuthService: No face sensors.
04-10 22:32:03.289   505   522 E SurfaceFlinger: getDisplayDecorationSupport failed Status(-8, EX_SERVICE_SPECIFIC): '8: '
04-10 22:32:03.290   505   522 E SurfaceFlinger: getDisplayDecorationSupport: getDisplayDecorationSupport failed for display 4619827259835644672: UNSUPPORTED (8)
04-10 22:32:03.350   710   844 E WifiService: Attempt to retrieve Passpoint configuration with null osuProviders
04-10 22:32:03.525  7560  7560 E SatelliteController: registerForSatelliteModemStateChanged: mSatelliteSessionController is not initialized yet
04-10 22:32:03.525  7560  7560 E SatelliteController: unregisterForModemStateChanged: mSatelliteSessionController is not initialized yet
04-10 22:32:03.603   710   747 E PackageManager: Optimistic bind failed.
04-10 22:32:03.603   710   747 E PackageManager: java.util.concurrent.TimeoutException: [Optimistic Bind] Didn't bind to resolver in time!
04-10 22:32:03.603   710   747 E PackageManager: 	at com.android.server.pm.InstantAppResolverConnection.waitForBindLocked(InstantAppResolverConnection.java:160)
04-10 22:32:03.603   710   747 E PackageManager: 	at com.android.server.pm.InstantAppResolverConnection.bind(InstantAppResolverConnection.java:230)
04-10 22:32:03.603   710   747 E PackageManager: 	at com.android.server.pm.InstantAppResolverConnection.lambda$optimisticBind$0(InstantAppResolverConnection.java:260)
04-10 22:32:03.603   710   747 E PackageManager: 	at com.android.server.pm.InstantAppResolverConnection.$r8$lambda$66W2s2mMKe4pk_xXCScH9RCqav8(InstantAppResolverConnection.java:0)
04-10 22:32:03.603   710   747 E PackageManager: 	at com.android.server.pm.InstantAppResolverConnection$$ExternalSyntheticLambda0.run(R8$$SyntheticClass:0)
04-10 22:32:03.603   710   747 E PackageManager: 	at android.os.Handler.handleCallback(Handler.java:1095)
04-10 22:32:03.603   710   747 E PackageManager: 	at android.os.Handler.dispatchMessageImpl(Handler.java:135)
04-10 22:32:03.603   710   747 E PackageManager: 	at android.os.Handler.dispatchMessage(Handler.java:125)
04-10 22:32:03.603   710   747 E PackageManager: 	at android.os.Looper.loopOnce(Looper.java:292)
04-10 22:32:03.603   710   747 E PackageManager: 	at android.os.Looper.loop(Looper.java:393)
04-10 22:32:03.603   710   747 E PackageManager: 	at android.os.HandlerThread.run(HandlerThread.java:139)
04-10 22:32:03.878  8306  8306 E GoogleInputMethodService: GoogleInputMethodService.getAppEditorInfo():1891 App EditorInfo should never be null.
04-10 22:32:04.323   710  8427 E ActivityManager: ANR in com.android.systemui
04-10 22:32:04.323   710  8427 E ActivityManager: PID: 7572
04-10 22:32:04.323   710  8427 E ActivityManager: Reason: Process ProcessRecord{bb0ea7b 7572:com.android.systemui/u0a196} failed to complete startup
04-10 22:32:04.323   710  8427 E ActivityManager: ErrorId: 0964f044-99d8-4c31-a6a7-ab0c3e77d053
04-10 22:32:04.323   710  8427 E ActivityManager: Frozen: false
04-10 22:32:04.323   710  8427 E ActivityManager: Load: 42.32 / 30.26 / 14.24
04-10 22:32:04.323   710  8427 E ActivityManager: ----- Output from /proc/pressure/memory -----
04-10 22:32:04.323   710  8427 E ActivityManager: some avg10=2.29 avg60=2.97 avg300=2.29 total=13596416
04-10 22:32:04.323   710  8427 E ActivityManager: full avg10=1.21 avg60=1.38 avg300=1.16 total=7728799
04-10 22:32:04.323   710  8427 E ActivityManager: ----- End output from /proc/pressure/memory -----
04-10 22:32:04.323   710  8427 E ActivityManager: ----- Output from /proc/pressure/cpu -----
04-10 22:32:04.323   710  8427 E ActivityManager: some avg10=81.40 avg60=82.10 avg300=63.32 total=360198276
04-10 22:32:04.323   710  8427 E ActivityManager: full avg10=0.00 avg60=0.00 avg300=0.00 total=0
04-10 22:32:04.323   710  8427 E ActivityManager: ----- End output from /proc/pressure/cpu -----
04-10 22:32:04.323   710  8427 E ActivityManager: ----- Output from /proc/pressure/io -----
04-10 22:32:04.323   710  8427 E ActivityManager: some avg10=38.05 avg60=38.73 avg300=31.98 total=195320635
04-10 22:32:04.323   710  8427 E ActivityManager: full avg10=0.10 avg60=0.28 avg300=0.75 total=8839627
04-10 22:32:04.323   710  8427 E ActivityManager: ----- End output from /proc/pressure/io -----
04-10 22:32:04.323   710  8427 E ActivityManager: 
04-10 22:32:04.323   710  8427 E ActivityManager: CPU usage from 31473ms to -52ms ago (2026-04-10 22:33:15.167 to 2026-04-10 22:32:01.119):
04-10 22:32:04.323   710  8427 E ActivityManager:   72% 710/system_server: 37% user + 35% kernel / faults: 30670 minor 88 major
04-10 22:32:04.323   710  8427 E ActivityManager:   9.7% 54/kcompactd0: 0% user + 9.7% kernel
04-10 22:32:04.323   710  8427 E ActivityManager:   7% 512/adbd: 3.3% user + 3.7% kernel / faults: 5687 minor 2 major
04-10 22:32:04.323   710  8427 E ActivityManager:   6.6% 505/surfaceflinger: 2.9% user + 3.6% kernel / faults: 1 minor 31 major
04-10 22:32:04.323   710  8427 E ActivityManager:   5.9% 449/android.hardware.sensors-service.multihal: 2.6% user + 3.3% kernel
04-10 22:32:04.323   710  8427 E ActivityManager:   5.7% 67/kswapd0: 0% user + 5.7% kernel
04-10 22:32:04.323   710  8427 E ActivityManager:   5.5% 1936/artd: 2.8% user + 2.6% kernel / faults: 10184 minor
04-10 22:32:04.323   710  8427 E ActivityManager:   3.1% 289/servicemanager: 1.2% user + 1.9% kernel
04-10 22:32:04.323   710  8427 E ActivityManager:   2.8% 458/android.hardware.graphics.composer3-service.ranchu: 1.2% user + 1.6% kernel
04-10 22:32:04.323   710  8427 E ActivityManager:   2.8% 436/zygote64: 0.2% user + 2.5% kernel / faults: 1118 minor
04-10 22:32:04.323   710  8427 E ActivityManager: 99% TOTAL: 44% user + 46% kernel + 0.3% iowait + 7.6% irq + 0.9% softirq
04-10 22:32:04.323   710  8427 E ActivityManager: CPU usage from 266ms to 2069ms later (2026-04-10 22:32:01.333 to 2026-04-10 22:32:03.136):
04-10 22:32:04.323   710  8427 E ActivityManager:   135% 710/system_server: 72% user + 62% kernel / faults: 617 minor 8 major
04-10 22:32:04.323   710  8427 E ActivityManager:     32% 8440/AnrAuxiliaryTas: 15% user + 16% kernel
04-10 22:32:04.323   710  8427 E ActivityManager:     21% 885/NetworkWatchlis: 17% user + 3.7% kernel
04-10 22:32:04.323   710  8427 E ActivityManager:     18% 859/eduling.default: 9.3% user + 9.3% kernel
04-10 22:32:04.323   710  8427 E ActivityManager:     4.6% 1990/binder:710_1A: 1.8% user + 2.7% kernel
04-10 22:32:04.323   710  8427 E ActivityManager:     3.7% 724/binder:710_1: 1.8% user + 1.8% kernel
04-10 22:32:04.323   710  8427 E ActivityManager:     3.7% 1994/binder:710_1C: 2.7% user + 0.9% kernel
04-10 22:32:04.323   710  8427 E ActivityManager:     2.7% 725/binder:710_2: 0.9% user + 1.8% kernel
04-10 22:32:04.323   710  8427 E ActivityManager:     2.7% 750/ActivityManager: 1.8% user + 0.9% kernel
04-10 22:32:04.323   710  8427 E ActivityManager:     2.7% 860/SensorService: 1.8% user + 0.9% kernel
04-10 22:32:04.323   710  8427 E ActivityManager:     2.7% 1858/binder:710_13: 1.8% user + 0.9% kernel
04-10 22:32:04.323   710  8427 E ActivityManager:     1.8% 735/android.ui: 0.9% user + 0.9% kernel
04-10 22:32:04.323   710  8427 E ActivityManager:     1.8% 748/ActivityManager: 0.9% user + 0.9% kernel
04-10 22:32:04.323   710  8427 E ActivityManager:     1.8% 844/binder:710_3: 0.9% user + 0.9% kernel
04-10 22:32:04.323   710  8427 E ActivityManager:     1.8% 918/tworkPolicy.uid: 0.9% user + 0.9% kernel
04-10 22:32:04.323   710  8427 E ActivityManager:     1.8% 1454/binder:710_C: 0.9% user + 0.9% kernel
04-10 22:32:04.323   710  8427 E ActivityManager:     1.8% 1916/binder:710_16: 0.9% user + 0.9% kernel
04-10 22:32:04.323   710  8427 E ActivityManager:     1.8% 1926/binder:710_18: 1.8% user + 0% kernel
04-10 22:32:04.323   710  8427 E ActivityManager:     1.8% 1986/binder:710_19: 1.8% user + 0% kernel
04-10 22:32:04.323   710  8427 E ActivityManager:     1.8% 1991/binder:710_1B: 0.9% user + 0.9% kernel
04-10 22:32:04.323   710  8427 E ActivityManager:     0.9% 710/system_server: 0.9% user + 0% kernel
04-10 22:32:04.323   710  8427 E ActivityManager:     0.9% 734/android.fg: 0.9% user + 0% kernel
04-10 22:32:04.323   710  8427 E ActivityManager:     0.9% 737/android.io: 0% user + 0.9% kernel
04-10 22:32:04.323   710  8427 E ActivityManager:     0.9% 740/android.anim: 0% user + 0.9% kernel
04-10 22:32:04.323   710  8427 E ActivityManager:     0.9% 747/android.bg: 0.9% user + 0% kernel
04-10 22:32:04.323   710  8427 E ActivityManager:     0.9% 755/OomAdjuster: 0.9% user + 0% kernel
04-10 22:32:04.323   710  8427 E ActivityManager:     0.9% 758/batterystats-ha: 0.9% user + 0% kernel
04-10 22:32:04.323   710  8427 E ActivityManager:     0.9% 762/bgres-controlle: 0.9% user + 0% kernel
04-10 22:32:04.323   710  8427 E ActivityManager:     0.9% 763/FileObserver: 0% user + 0.9% kernel
04-10 22:32:04.323   710  8427 E ActivityManager:     0.9% 919/WifiHandlerThre: 0% user + 0.9% kernel
04-10 22:32:04.323   710  8427 E ActivityManager:     0.9% 927/ConnectivitySer: 0.9% user + 0% kernel
04-10 22:32:04.323   710  8427 E ActivityManager:     0.9% 978/shortcut: 0.9% user + 0% kernel
04-10 22:32:04.323   710  8427 E ActivityManager:     0.9% 1105/binder:710_7: 0.9% user + 0% kernel
04-10 22:32:04.323   710  8427 E ActivityManager:     0.9% 1456/binder:710_E: 0.9% user + 0% kernel
04-10 22:32:04.323   710  8427 E ActivityManager:     0.9% 1745/binder:710_10: 0.9% user + 0% kernel
04-10 22:32:04.323   710  8427 E ActivityManager:     0.9% 1919/binder:710_17: 0.9% user + 0% kernel
04-10 22:32:04.323   710  8427 E ActivityManager:   57% 8306/com.google.android.inputmethod.latin: 35% user + 22% kernel / faults: 984 minor 29 major
04-10 22:32:04.323   710  8427 E ActivityManager:     14% 8306/putmethod.latin: 9.5% user + 4.7% kernel
04-10 22:32:04.323   710  8427 E ActivityManager:     11% 8434/Back-P10-1: 6.3% user + 4.7% kernel
04-10 22:32:04.323   710  8427 E ActivityManager:     4.7% 8409/SharedPreferenc: 3.1% user + 1.5% kernel
04-10 22:32:04.323   710  8427 E ActivityManager:     4.7% 8500/Light-P0-2: 3.1% user + 1.5% kernel
04-10 22:32:04.323   710  8427 E ActivityManager:     3.1% 8456/Light-P0-1: 1.5% user + 1.5% kernel
04-10 22:32:04.323   710  8427 E ActivityManager:     3.1% 8501/ExeSeq-P10-1: 1.5% user + 1.5% kernel
04-10 22:32:04.323   710  8427 E ActivityManager:     1.5% 8444/Back-P10-2: 1.5% user + 0% kernel
04-10 22:32:04.323   710  8427 E ActivityManager:     1.5% 8455/Back-P10-3: 1.5% user + 0% kernel
04-10 22:32:04.323   710  8427 E ActivityManager:     1.5% 8460/Back-P10-4: 1.5% user + 0% kernel
04-10 22:32:04.323   710  8427 E ActivityManager:    +0% 8507/sp-control-1: 0% user + 0% kernel
04-10 22:32:04.323   710  8427 E ActivityManager:    +0% 8508/ExeSeq-P0-1: 0% user + 0% kernel
04-10 22:32:04.323   710  8427 E ActivityManager:    +0% 8509/handlerThread: 0% user + 0% kernel
04-10 22:32:04.323   710  8427 E ActivityManager:    +0% 8510/Primes-1: 0% user + 0% kernel
04-10 22:32:04.323   710  8427 E ActivityManager:    +0% 8514/Primes-nativecr: 0% user + 0% kernel
04-10 22:32:04.323   710  8427 E ActivityManager:   27% 7572/com.android.systemui: 13% user + 13% kernel / faults: 1125 minor 5 major
04-10 22:32:04.323   710  8427 E ActivityManager:     10% 7591/HeapTaskDaemon: 4.6% user + 6.2% kernel
04-10 22:32:04.323   710  8427 E ActivityManager:     3.1% 7572/ndroid.systemui: 1.5% user + 1.5% kernel
04-10 22:32:04.323   710  8427 E ActivityManager:     3.1% 8243/WifiPickerTrack: 1.5% user + 1.5% kernel
04-10 22:32:04.323   710  8427 E ActivityManager:     3.1% 8496/ImageWallpaper: 1.5% user + 1.5% kernel
04-10 22:32:04.323   710  8427 E ActivityManager:     1.5% 7590/Jit thread pool: 0% user + 1.5% kernel
04-10 22:32:04.323   710  8427 E ActivityManager:     1.5% 7882/SystemUIBg-4: 1.5% user + 0% kernel
04-10 22:32:04.323   710  8427 E ActivityManager:     1.5% 8493/SysUiLng: 1.5% user + 0% kernel
04-10 22:32:04.323   710  8427 E ActivityManager:    +0% 8511/ScreenDecoratio: 0% user + 0% kernel
04-10 22:32:04.323   710  8427 E ActivityManager:   7.9% 288/lmkd: 1.8% user + 6.1% kernel
04-10 22:32:04.323   710  8427 E ActivityManager:     3.6% 288/lmkd: 1.8% user + 1.8% kernel
04-10 22:32:04.323   710  8427 E ActivityManager:     2.4% 294/lmkd_reaper0: 0% user + 2.4% kernel
04-10 22:32:04.323   710  8427 E ActivityManager:     0.6% 293/lmkd_setprio: 0% user + 0.6% kernel
04-10 22:32:04.323   710  8427 E ActivityManager:     0.6% 295/lmkd_reaper1: 0% user + 0.6% kernel
04-10 22:32:04.323   710  8427 E ActivityManager:   6.7% 287/logd: 2.4% user + 4.2% kernel / faults: 21 minor 1 major
04-10 22:32:04.323   710  8427 E ActivityManager:     6.7% 299/logd.writer: 2.4% user + 4.2% kernel
04-10 22:32:04.323   710  8427 E ActivityManager:   7% 505/surfaceflinger: 3.5% user + 3.5% kernel
04-10 22:32:04.323   710  8427 E ActivityManager:     2.6% 521/binder:505_1: 0.8% user + 1.7% kernel
04-10 22:32:04.323   710  8427 E ActivityManager:     1.7% 505/surfaceflinger: 0.8% user + 0.8% kernel
04-10 22:32:04.323   710  8427 E ActivityManager:     0.8% 522/binder:505_2: 0% user + 0.8% kernel
04-10 22:32:04.323   710  8427 E ActivityManager:     0.8% 569/TimerDispatch: 0% user + 0.8% kernel
04-10 22:32:04.323   710  8427 E ActivityManager:     0.8% 570/app: 0.8% user + 0% kernel
04-10 22:32:04.323   710  8427 E ActivityManager:     0.8% 579/BckgrndExec HP: 0% user + 0.8% kernel
04-10 22:32:04.323   710  8427 E ActivityManager:   13% 8307/com.google.android.as: 9.8% user + 3.2% kernel / faults: 350 minor 4 major
04-10 22:32:04.323   710  8427 E ActivityManager:     4.9% 8465/aiai-min-shared: 3.2% user + 1.6% kernel
04-10 22:32:04.323   710  8427 E ActivityManager:     3.2% 8492/WM.task-1: 1.6% user + 1.6% kernel
04-10 22:32:04.323   710  8427 E ActivityManager:     1.6% 8375/Profile Saver: 1.6% user + 0% kernel
04-10 22:32:04.323   710  8427 E ActivityManager:   3.9% 444/android.hardware.audio.service: 0.6% user + 3.3% kernel
04-10 22:32:04.323   710  8427 E ActivityManager:     3.9% 8255/audio.service: 0.6% user + 3.3% kernel
04-10 22:32:04.323   710  8427 E ActivityManager:   4.1% 449/android.hardware.sensors-service.multihal: 2% user + 2% kernel
04-10 22:32:04.323   710  8427 E ActivityManager:     3.4% 473/android.hardwar: 2% user + 1.3% kernel
04-10 22:32:04.323   710  8427 E ActivityManager:   7.8% 7560/com.android.phone: 4.6% user + 3.1% kernel / faults: 80 minor 3 major
04-10 22:32:04.323   710  8427 E ActivityManager:     3.1% 7560/m.android.phone: 1.5% user + 1.5% kernel
04-10 22:32:04.323   710  8427 E ActivityManager:     3.1% 7762/elephony.worker: 1.5% user + 1.5% kernel
04-10 22:32:04.323   710  8427 E ActivityManager:    +0% 8521/Stk App Service: 0% user + 0% kernel
04-10 22:32:04.323   710  8427 E ActivityManager:    +0% 8522/DataService: 0% user + 0% kernel
04-10 22:32:04.323   710  8427 E ActivityManager:   2.6% 436/zygote64: 0.6% user + 1.9% kernel / faults: 90 minor
04-10 22:32:04.323   710  8427 E ActivityManager:   3.1% 458/android.hardware.graphics.composer3-service.ranchu: 1.5% user + 1.5% kernel
04-10 22:32:04.323   710  8427 E ActivityManager:     3.1% 557/_thread: 1.5% user + 1.5% kernel
04-10 22:32:04.323   710  8427 E ActivityManager:   1.7% 97/erofs_worker/3: 0% user + 1.7% kernel
04-10 22:32:04.323   710  8427 E ActivityManager:   1.9% 435/statsd: 1.3% user + 0.6% kernel
04-10 22:32:04.323   710  8427 E ActivityManager:     1.3% 439/statsd.writer: 0.6% user + 0.6% kernel
04-10 22:32:04.323   710  8427 E ActivityManager:   1.1% 18/rcu_preempt: 0% user + 1.1% kernel
04-10 22:32:04.323   710  8427 E ActivityManager:   1.2% 289/servicemanager: 0% user + 1.2% kernel
04-10 22:32:04.323   710  8427 E ActivityManager:     1.2% 289/servicemanager: 0% user + 1.2% kernel
04-10 22:32:04.323   710  8427 E ActivityManager:   1.2% 331/kworker/u17:3-fscrypt_read_queue: 0% user + 1.2% kernel
04-10 22:32:04.323   710  8427 E ActivityManager:   1.2% 340/jbd2/dm-6-8: 0% user + 1.2% kernel
04-10 22:32:04.323   710  8427 E ActivityManager:   1.3% 434/netd: 0.6% user + 0.6% kernel / faults: 25 minor
04-10 22:32:04.323   710  8427 E ActivityManager:   0.5% 1/init: 0.5% user + 0% kernel
04-10 22:32:04.323   710  8427 E ActivityManager:     0.5% 1/init: 0.5% user + 0% kernel
04-10 22:32:04.323   710  8427 E ActivityManager:   0.5% 17/ksoftirqd/0: 0% user + 0.5% kernel
04-10 22:32:04.323   710  8427 E ActivityManager:   0.5% 19/rcuog/0: 0% user + 0.5% kernel
04-10 22:32:04.323   710  8427 E ActivityManager:   0.5% 20/rcuop/0: 0% user + 0.5% kernel
04-10 22:32:04.323   710  8427 E ActivityManager:   0.5% 23/rcu_exp_gp_kthread_worker: 0% user + 0.5% kernel
04-10 22:32:04.323   710  8427 E ActivityManager:   0.5% 33/rcuop/1: 0% user + 0.5% kernel
04-10 22:32:04.323   710  8427 E ActivityManager:   0.5% 40/rcuog/2: 0% user + 0.5% kernel
04-10 22:32:04.323   710  8427 E ActivityManager:   0.5% 41/rcuop/2: 0% user + 0.5% kernel
04-10 22:32:04.323   710  8427 E ActivityManager:   0.5% 59/kworker/3:1-cgroup_bpf_destroy: 0% user + 0.5% kernel
04-10 22:32:04.323   710  8427 E ActivityManager:   0.5% 221/kworker/u16:3-events_unbound: 0% user + 0.5% kernel
04-10 22:32:04.323   710  8427 E ActivityManager:   0.6% 285/prng_seeder: 0.6% user + 0% kernel
04-10 22:32:04.323   710  8427 E ActivityManager:   0.8% 476/kworker/2:3-virtio_vsock: 0% user + 0.8% kernel
04-10 22:32:04.323   710  8427 E ActivityManager:   1.5% 5926/kworker/0:1-events: 0% user + 1.5% kernel
04-10 22:32:04.323   710  8427 E ActivityManager:   1.5% 7315/kworker/3:4H-kverityd: 0% user + 1.5% kernel
04-10 22:32:04.323   710  8427 E ActivityManager:  +0% 8472/com.google.android.apps.nexuslauncher: 0% user + 0% kernel
04-10 22:32:04.323   710  8427 E ActivityManager:  +0% 8494/kworker/0:3-events: 0% user + 0% kernel
04-10 22:32:04.323   710  8427 E ActivityManager:  +0% 8502/kworker/1:0-events: 0% user + 0% kernel
04-10 22:32:04.323   710  8427 E ActivityManager:  +0% 8506/<pre-initialized>: 0% user + 0% kernel
04-10 22:32:04.323   710  8427 E ActivityManager: 100% TOTAL: 46% user + 46% kernel + 6% irq + 0.7% softirq
04-10 22:32:04.710   710   880 E InputDispatcher: channel 'c0e843f com.android.systemui.wallpapers.ImageWallpaper' ~ Channel is unrecoverably broken and will be disposed!
04-10 22:32:04.776   710  1919 E TransitionChain: Can't collect into a chain with no transition
04-10 22:32:04.776   710  1919 E TransitionChain: Can't collect into a chain with no transition
04-10 22:32:04.776   710  1455 E BiometricService: Enabled callback binder died
04-10 22:32:04.786   710  1105 E BiometricService: Enabled callback binder died
04-10 22:32:04.790   710  1919 E TransitionChain: Can't collect into a chain with no transition
04-10 22:32:04.790   710  1919 E TransitionChain: Can't collect into a chain with no transition
04-10 22:32:04.798   710   725 E LockoutResetTracker: Callback binder died: android.os.BinderProxy@81da8fe
04-10 22:32:04.798   710   725 E LockoutResetTracker: Removing dead callback for: com.android.systemui
04-10 22:32:04.805   710  1919 E TransitionChain: Can't collect into a chain with no transition
04-10 22:32:04.805   710  1919 E TransitionChain: Can't collect into a chain with no transition
04-10 22:32:04.806   710  1919 E TransitionChain: Can't collect into a chain with no transition
04-10 22:32:04.806   710  1919 E TransitionChain: Can't collect into a chain with no transition
04-10 22:32:04.809   710  1919 E TransitionChain: Can't collect into a chain with no transition
04-10 22:32:04.809   710  1919 E TransitionChain: Can't collect into a chain with no transition
04-10 22:32:04.813   710  1919 E TransitionChain: Can't collect into a chain with no transition
04-10 22:32:04.814   710  1919 E TransitionChain: Can't collect into a chain with no transition
04-10 22:32:04.845   710  2489 E TaskOrganizerController: Exception sending onStartTaskFinished callback
04-10 22:32:04.845   710  2489 E TaskOrganizerController: android.os.DeadObjectException
04-10 22:32:04.845   710  2489 E TaskOrganizerController: 	at android.os.BinderProxy.transactNative(Native Method)
04-10 22:32:04.845   710  2489 E TaskOrganizerController: 	at android.os.BinderProxy.transact(BinderProxy.java:617)
04-10 22:32:04.845   710  2489 E TaskOrganizerController: 	at android.window.ITaskOrganizer$Stub$Proxy.removeStartingWindow(ITaskOrganizer.java:417)
04-10 22:32:04.845   710  2489 E TaskOrganizerController: 	at com.android.server.wm.TaskOrganizerController.removeStartingWindow(TaskOrganizerController.java:762)
04-10 22:32:04.845   710  2489 E TaskOrganizerController: 	at com.android.server.wm.StartingSurfaceController$StartingSurface.remove(StartingSurfaceController.java:276)
04-10 22:32:04.845   710  2489 E TaskOrganizerController: 	at com.android.server.wm.ActivityRecord.postWindowRemoveStartingWindowCleanup(ActivityRecord.java:7153)
04-10 22:32:04.845   710  2489 E TaskOrganizerController: 	at com.android.server.wm.WindowManagerService.postWindowRemoveCleanupLocked(WindowManagerService.java:2324)
04-10 22:32:04.845   710  2489 E TaskOrganizerController: 	at com.android.server.wm.WindowState.removeImmediately(WindowState.java:2346)
04-10 22:32:04.845   710  2489 E TaskOrganizerController: 	at com.android.server.wm.WindowState.removeIfPossible(WindowState.java:2519)
04-10 22:32:04.845   710  2489 E TaskOrganizerController: 	at com.android.server.wm.Session.binderDied(Session.java:256)
04-10 22:32:04.845   710  2489 E TaskOrganizerController: 	at android.os.IBinder$DeathRecipient.binderDied(IBinder.java:341)
04-10 22:32:04.845   710  2489 E TaskOrganizerController: 	at android.os.BinderProxy.sendDeathNotice(BinderProxy.java:839)
04-10 22:32:04.892   710   750 E libprocessgroup: Failed to write 1 to /sys/fs/cgroup/apps/uid_10196/pid_7572/cgroup.kill: No such file or directory
04-10 22:32:04.975   505   505 E BpTransactionCompletedListener: Failed to transact (-32)
04-10 22:32:04.975   505   505 E BpTransactionCompletedListener: Failed to transact (-32)
04-10 22:32:05.389   710   936 E AppOps  : attributionTag VCN not declared in manifest of android
04-10 22:32:05.691  8307  8443 E Ambient : Installed publisher verification failed
04-10 22:32:05.691  8307  8443 E Ambient : Installed publisher verification failed
04-10 22:32:05.906  8306  8507 E EmojiSlicingStrategy: EmojiSlicingStrategy.getSlices():88 getSlices() : Received null or empty userEnabledLocales.
04-10 22:32:05.931  8306  8507 E EmojiSlicingStrategy: EmojiSlicingStrategy.getSlices():88 getSlices() : Received null or empty userEnabledLocales.
04-10 22:32:06.873   710  1746 E AppOps  : attributionTag VCN not declared in manifest of android
04-10 22:32:08.569  8306  8306 E GoogleInputMethodService: GoogleInputMethodService.getAppEditorInfo():1891 App EditorInfo should never be null.
04-10 22:32:08.835  8306  8434 E HandwritingSuperpacksUtil: HandwritingSuperpacksUtil.getPackMappingPackName():42 No pack mapping pack found in []
04-10 22:32:08.875   710   936 E AppOps  : attributionTag VCN not declared in manifest of android
04-10 22:32:09.018  1214  1304 E SystemServiceRegistry: No service published for: ethernet
04-10 22:32:09.018  1214  1304 E SystemServiceRegistry: android.os.ServiceManager$ServiceNotFoundException: No service published for: ethernet
04-10 22:32:09.018  1214  1304 E SystemServiceRegistry: 	at android.os.ServiceManager.getServiceOrThrow(ServiceManager.java:176)
04-10 22:32:09.018  1214  1304 E SystemServiceRegistry: 	at android.app.SystemServiceRegistry$168.createService(SystemServiceRegistry.java:2638)
04-10 22:32:09.018  1214  1304 E SystemServiceRegistry: 	at android.app.SystemServiceRegistry$CachedServiceFetcher.getService(SystemServiceRegistry.java:2768)
04-10 22:32:09.018  1214  1304 E SystemServiceRegistry: 	at android.app.SystemServiceRegistry.getSystemService(SystemServiceRegistry.java:2285)
04-10 22:32:09.018  1214  1304 E SystemServiceRegistry: 	at android.app.ContextImpl.getSystemService(ContextImpl.java:2448)
04-10 22:32:09.018  1214  1304 E SystemServiceRegistry: 	at android.content.ContextWrapper.getSystemService(ContextWrapper.java:991)
04-10 22:32:09.018  1214  1304 E SystemServiceRegistry: 	at com.android.networkstack.tethering.Tethering.isEthernetSupported(Tethering.java:1849)
04-10 22:32:09.018  1214  1304 E SystemServiceRegistry: 	at com.android.networkstack.tethering.Tethering.makeSupportedDownstreams(Tethering.java:2830)
04-10 22:32:09.018  1214  1304 E SystemServiceRegistry: 	at com.android.networkstack.tethering.Tethering.updateSupportedDownstreams(Tethering.java:2804)
04-10 22:32:09.018  1214  1304 E SystemServiceRegistry: 	at com.android.networkstack.tethering.Tethering.updateConfiguration(Tethering.java:558)
04-10 22:32:09.018  1214  1304 E SystemServiceRegistry: 	at com.android.networkstack.tethering.Tethering.-$$Nest$mupdateConfiguration(Tethering.java:0)
04-10 22:32:09.018  1214  1304 E SystemServiceRegistry: 	at com.android.networkstack.tethering.Tethering$ActiveDataSubIdListener.onActiveDataSubscriptionIdChanged(Tethering.java:534)
04-10 22:32:09.018  1214  1304 E SystemServiceRegistry: 	at android.telephony.PhoneStateListener$IPhoneStateListenerStub.lambda$onActiveDataSubIdChanged$56(PhoneStateListener.java:1622)
04-10 22:32:09.018  1214  1304 E SystemServiceRegistry: 	at android.telephony.PhoneStateListener$IPhoneStateListenerStub$$ExternalSyntheticLambda15.run(D8$$SyntheticClass:0)
04-10 22:32:09.018  1214  1304 E SystemServiceRegistry: 	at android.os.Handler.handleCallback(Handler.java:1095)
04-10 22:32:09.018  1214  1304 E SystemServiceRegistry: 	at android.os.Handler.dispatchMessageImpl(Handler.java:135)
04-10 22:32:09.018  1214  1304 E SystemServiceRegistry: 	at android.os.Handler.dispatchMessage(Handler.java:125)
04-10 22:32:09.018  1214  1304 E SystemServiceRegistry: 	at android.os.Looper.loopOnce(Looper.java:292)
04-10 22:32:09.018  1214  1304 E SystemServiceRegistry: 	at android.os.Looper.loop(Looper.java:393)
04-10 22:32:09.018  1214  1304 E SystemServiceRegistry: 	at android.os.HandlerThread.run(HandlerThread.java:139)
04-10 22:32:09.311  8306  8434 E MDDTaskScheduler: MDDTaskScheduler.scheduleDownload():191 work Data {charging : false, mdd_task_tag : download, network : false} scheduled
04-10 22:32:09.537  7560  7762 E SatelliteController: registerForSatelliteCommunicationAccessStateChanged: SatelliteManager is null
04-10 22:32:09.645  7560  7762 E SatelliteController: evaluateEnablingSatelliteForCarrier: phone is null for subId=-1
04-10 22:32:09.665  7560  7762 E SatelliteModemInterface: requestIsSatelliteSupported: Satellite service is unavailable.
04-10 22:32:09.666  7560  7762 E SatelliteServiceUtils: isSatelliteSupported SatelliteException: android.telephony.satellite.SatelliteManager$SatelliteException
04-10 22:32:10.419  8520  8520 E .gms.persistent: hiddenapi: Accessing hidden method Landroid/net/ConnectivityManager;->isNetworkTypeMobile(I)Z (runtime_flags=0, domain=platform, api=max-target-p) from Lbzxz; (domain=app, TargetSdkVersion=37) using reflection: denied
04-10 22:32:10.426  8520  8520 E .gms.persistent: hiddenapi: Accessing hidden method Landroid/os/PowerManager;->isLightDeviceIdleMode()Z (runtime_flags=0, domain=platform, api=max-target-s) from Lbzxz; (domain=app, TargetSdkVersion=37) using reflection: denied
04-10 22:32:10.448   710  2002 E JobScheduler.JobStatus: App com.google.android.inputmethod.latin became active but still in NEVER bucket
04-10 22:32:10.457  8307  8357 E AiAiNotificationAssistantService: No completion listener supplied for this service!
04-10 22:32:11.447  8721  8883 E droid.deskclock: hiddenapi: Accessing hidden field Ljava/util/Collections$SynchronizedCollection;->mutex:Ljava/lang/Object; (runtime_flags=0, domain=core-platform, api=max-target-o) from Lj$/util/DesugarCollections; (domain=app, TargetSdkVersion=33) using reflection: denied
04-10 22:32:11.448  8721  8883 E droid.deskclock: hiddenapi: Accessing hidden method Ljava/util/Collections$SynchronizedSet;-><init>(Ljava/util/Set;Ljava/lang/Object;)V (runtime_flags=0, domain=core-platform, api=max-target-o) from Lj$/util/DesugarCollections; (domain=app, TargetSdkVersion=33) using reflection: denied
04-10 22:32:11.449  8721  8883 E droid.deskclock: hiddenapi: Accessing hidden method Ljava/util/Collections$SynchronizedCollection;-><init>(Ljava/util/Collection;Ljava/lang/Object;)V (runtime_flags=0, domain=core-platform, api=max-target-o) from Lj$/util/DesugarCollections; (domain=app, TargetSdkVersion=33) using reflection: denied
04-10 22:32:11.558  7560  7560 E SatelliteController: registerForSatelliteModemStateChanged: mSatelliteSessionController is not initialized yet
04-10 22:32:11.558  7560  7560 E SatelliteController: unregisterForModemStateChanged: mSatelliteSessionController is not initialized yet
04-10 22:32:11.625  7560  7560 E SatelliteController: registerForSatelliteModemStateChanged: mSatelliteSessionController is not initialized yet
04-10 22:32:11.625  7560  7560 E SatelliteController: unregisterForModemStateChanged: mSatelliteSessionController is not initialized yet
04-10 22:32:11.745  7560  7762 E SatelliteController: registerForSatelliteCommunicationAccessStateChanged: SatelliteManager is null
04-10 22:32:11.788   710  1003 E JobScheduler.JobStatus: App com.google.android.inputmethod.latin became active but still in NEVER bucket
04-10 22:32:12.329  8472  8472 E ConsumerBase: [ImageReader-132x132f1u2816m2-8472-0] abandonLocked: ConsumerBase is abandoned!
04-10 22:32:12.461   710   936 E AppOps  : attributionTag VCN not declared in manifest of android
04-10 22:32:12.537  7560  7762 E SatelliteModemInterface: requestIsSatelliteSupported: Satellite service is unavailable.
04-10 22:32:12.538  7560  7762 E SatelliteServiceUtils: isSatelliteSupported SatelliteException: android.telephony.satellite.SatelliteManager$SatelliteException
04-10 22:32:12.598   710  2002 E JobScheduler.JobStatus: App com.google.android.inputmethod.latin became active but still in NEVER bucket
04-10 22:32:12.605  8551  8847 E FirebaseInstanceId: Failed to get FIS auth token
04-10 22:32:12.605  8551  8847 E FirebaseInstanceId: java.util.concurrent.ExecutionException: com.google.firebase.installations.FirebaseInstallationsException: Firebase Installations Service is unavailable. Please try again later.
04-10 22:32:12.605  8551  8847 E FirebaseInstanceId: 	at cal.aayo.c(PG:32)
04-10 22:32:12.605  8551  8847 E FirebaseInstanceId: 	at cal.aayo.a(PG:54)
04-10 22:32:12.605  8551  8847 E FirebaseInstanceId: 	at cal.asms.a(PG:103)
04-10 22:32:12.605  8551  8847 E FirebaseInstanceId: 	at cal.asmz.a(PG:57)
04-10 22:32:12.605  8551  8847 E FirebaseInstanceId: 	at cal.asml.a(PG:95)
04-10 22:32:12.605  8551  8847 E FirebaseInstanceId: 	at cal.aaxm.run(PG:8)
04-10 22:32:12.605  8551  8847 E FirebaseInstanceId: 	at java.util.concurrent.ThreadPoolExecutor.runWorker(ThreadPoolExecutor.java:1100)
04-10 22:32:12.605  8551  8847 E FirebaseInstanceId: 	at java.util.concurrent.ThreadPoolExecutor$Worker.run(ThreadPoolExecutor.java:624)
04-10 22:32:12.605  8551  8847 E FirebaseInstanceId: 	at cal.aahn.run(PG:7)
04-10 22:32:12.605  8551  8847 E FirebaseInstanceId: 	at java.lang.Thread.run(Thread.java:1572)
04-10 22:32:12.605  8551  8847 E FirebaseInstanceId: Caused by: com.google.firebase.installations.FirebaseInstallationsException: Firebase Installations Service is unavailable. Please try again later.
04-10 22:32:12.605  8551  8847 E FirebaseInstanceId: 	at cal.asoe.c(PG:335)
04-10 22:32:12.605  8551  8847 E FirebaseInstanceId: 	at cal.asnh.run(PG:117)
04-10 22:32:12.605  8551  8847 E FirebaseInstanceId: 	at java.util.concurrent.ThreadPoolExecutor.runWorker(ThreadPoolExecutor.java:1100)
04-10 22:32:12.605  8551  8847 E FirebaseInstanceId: 	at java.util.concurrent.ThreadPoolExecutor$Worker.run(ThreadPoolExecutor.java:624)
04-10 22:32:12.605  8551  8847 E FirebaseInstanceId: 	... 1 more
04-10 22:32:12.745  8472  8486 E NexusCSStateManager: Failed to fetch from AppSearch
04-10 22:32:12.745  8472  8486 E NexusCSStateManager: java.util.NoSuchElementException: No value present
04-10 22:32:12.745  8472  8486 E NexusCSStateManager: 	at java.util.Optional.get(Optional.java:143)
04-10 22:32:12.745  8472  8486 E NexusCSStateManager: 	at p6.l.onResult(go/retraceme 7226a759aa2bb3787a79806f85d80eaad84f1f1e15acd6db988f2df789d1680d:36)
04-10 22:32:12.745  8472  8486 E NexusCSStateManager: 	at android.app.appsearch.SearchSessionUtil$1.lambda$onResult$0(go/retraceme 50c746ee5c32f88f733077ebeb4008935661f54b3d9e8e373e734d129bb80b29:144)
04-10 22:32:12.745  8472  8486 E NexusCSStateManager: 	at android.app.appsearch.SearchSessionUtil$1.$r8$lambda$CEk3q8sDAQVhU3rQwVueB8FAj_M(go/retraceme 50c746ee5c32f88f733077ebeb4008935661f54b3d9e8e373e734d129bb80b29:1)
04-10 22:32:12.745  8472  8486 E NexusCSStateManager: 	at android.app.appsearch.SearchSessionUtil$1$$ExternalSyntheticLambda0.run(go/retraceme 50c746ee5c32f88f733077ebeb4008935661f54b3d9e8e373e734d129bb80b29:22)
04-10 22:32:12.745  8472  8486 E NexusCSStateManager: 	at androidx.appfunctions.internal.e.execute(go/retraceme 7226a759aa2bb3787a79806f85d80eaad84f1f1e15acd6db988f2df789d1680d:0)
04-10 22:32:12.745  8472  8486 E NexusCSStateManager: 	at android.app.appsearch.SearchSessionUtil.safeExecute(go/retraceme 50c746ee5c32f88f733077ebeb4008935661f54b3d9e8e373e734d129bb80b29:21)
04-10 22:32:12.745  8472  8486 E NexusCSStateManager: 	at android.app.appsearch.SearchSessionUtil$1.onResult(go/retraceme 50c746ee5c32f88f733077ebeb4008935661f54b3d9e8e373e734d129bb80b29:18)
04-10 22:32:12.745  8472  8486 E NexusCSStateManager: 	at android.app.appsearch.aidl.IAppSearchBatchResultCallback$Stub.onTransact(go/retraceme 50c746ee5c32f88f733077ebeb4008935661f54b3d9e8e373e734d129bb80b29:50)
04-10 22:32:12.745  8472  8486 E NexusCSStateManager: 	at android.os.Binder.execTransactInternal(Binder.java:1471)
04-10 22:32:12.745  8472  8486 E NexusCSStateManager: 	at android.os.Binder.execTransact(Binder.java:1411)
04-10 22:32:13.394   710   725 E JobScheduler.JobStatus: App com.google.android.inputmethod.latin became active but still in NEVER bucket
04-10 22:32:13.410   710   936 E AppOps  : attributionTag VCN not declared in manifest of android
04-10 22:32:13.466  8472  8472 E ConsumerBase: [ImageReader-1x1f1u2816m2-8472-1] abandonLocked: ConsumerBase is abandoned!
04-10 22:32:13.795  1214  1304 E SystemServiceRegistry: No service published for: ethernet
04-10 22:32:13.795  1214  1304 E SystemServiceRegistry: android.os.ServiceManager$ServiceNotFoundException: No service published for: ethernet
04-10 22:32:13.795  1214  1304 E SystemServiceRegistry: 	at android.os.ServiceManager.getServiceOrThrow(ServiceManager.java:176)
04-10 22:32:13.795  1214  1304 E SystemServiceRegistry: 	at android.app.SystemServiceRegistry$168.createService(SystemServiceRegistry.java:2638)
04-10 22:32:13.795  1214  1304 E SystemServiceRegistry: 	at android.app.SystemServiceRegistry$CachedServiceFetcher.getService(SystemServiceRegistry.java:2768)
04-10 22:32:13.795  1214  1304 E SystemServiceRegistry: 	at android.app.SystemServiceRegistry.getSystemService(SystemServiceRegistry.java:2285)
04-10 22:32:13.795  1214  1304 E SystemServiceRegistry: 	at android.app.ContextImpl.getSystemService(ContextImpl.java:2448)
04-10 22:32:13.795  1214  1304 E SystemServiceRegistry: 	at android.content.ContextWrapper.getSystemService(ContextWrapper.java:991)
04-10 22:32:13.795  1214  1304 E SystemServiceRegistry: 	at com.android.networkstack.tethering.Tethering.isEthernetSupported(Tethering.java:1849)
04-10 22:32:13.795  1214  1304 E SystemServiceRegistry: 	at com.android.networkstack.tethering.Tethering.makeSupportedDownstreams(Tethering.java:2830)
04-10 22:32:13.795  1214  1304 E SystemServiceRegistry: 	at com.android.networkstack.tethering.Tethering.updateSupportedDownstreams(Tethering.java:2804)
04-10 22:32:13.795  1214  1304 E SystemServiceRegistry: 	at com.android.networkstack.tethering.Tethering.updateConfiguration(Tethering.java:558)
04-10 22:32:13.795  1214  1304 E SystemServiceRegistry: 	at com.android.networkstack.tethering.Tethering.-$$Nest$mupdateConfiguration(Tethering.java:0)
04-10 22:32:13.795  1214  1304 E SystemServiceRegistry: 	at com.android.networkstack.tethering.Tethering$ActiveDataSubIdListener.onActiveDataSubscriptionIdChanged(Tethering.java:534)
04-10 22:32:13.795  1214  1304 E SystemServiceRegistry: 	at android.telephony.PhoneStateListener$IPhoneStateListenerStub.lambda$onActiveDataSubIdChanged$56(PhoneStateListener.java:1622)
04-10 22:32:13.795  1214  1304 E SystemServiceRegistry: 	at android.telephony.PhoneStateListener$IPhoneStateListenerStub$$ExternalSyntheticLambda15.run(D8$$SyntheticClass:0)
04-10 22:32:13.795  1214  1304 E SystemServiceRegistry: 	at android.os.Handler.handleCallback(Handler.java:1095)
04-10 22:32:13.795  1214  1304 E SystemServiceRegistry: 	at android.os.Handler.dispatchMessageImpl(Handler.java:135)
04-10 22:32:13.795  1214  1304 E SystemServiceRegistry: 	at android.os.Handler.dispatchMessage(Handler.java:125)
04-10 22:32:13.795  1214  1304 E SystemServiceRegistry: 	at android.os.Looper.loopOnce(Looper.java:292)
04-10 22:32:13.795  1214  1304 E SystemServiceRegistry: 	at android.os.Looper.loop(Looper.java:393)
04-10 22:32:13.795  1214  1304 E SystemServiceRegistry: 	at android.os.HandlerThread.run(HandlerThread.java:139)
04-10 22:32:16.637   710   734 E libbinder.Parcel: Reading a NULL string not supported here.
04-10 22:32:16.638   710   734 E ARProxy : Unknown descriptor: 
04-10 22:32:16.684   710  1766 E JobScheduler.JobStatus: App com.google.android.inputmethod.latin became active but still in NEVER bucket
04-10 22:32:16.811   434   478 E FrameworkListener: read() failed (Connection reset by peer)
04-10 22:32:16.943   710  1990 E JobServiceContext: Error sending onStopJob to client.
04-10 22:32:16.943   710  1990 E JobServiceContext: android.os.DeadObjectException
04-10 22:32:16.943   710  1990 E JobServiceContext: 	at android.os.BinderProxy.transactNative(Native Method)
04-10 22:32:16.943   710  1990 E JobServiceContext: 	at android.os.BinderProxy.transact(BinderProxy.java:617)
04-10 22:32:16.943   710  1990 E JobServiceContext: 	at android.app.job.IJobService$Stub$Proxy.stopJob(IJobService.java:203)
04-10 22:32:16.943   710  1990 E JobServiceContext: 	at com.android.server.job.JobServiceContext.sendStopMessageLocked(JobServiceContext.java:1619)
04-10 22:32:16.943   710  1990 E JobServiceContext: 	at com.android.server.job.JobServiceContext.handleCancelLocked(JobServiceContext.java:1454)
04-10 22:32:16.943   710  1990 E JobServiceContext: 	at com.android.server.job.JobServiceContext.doCancelLocked(JobServiceContext.java:1335)
04-10 22:32:16.943   710  1990 E JobServiceContext: 	at com.android.server.job.JobServiceContext.cancelExecutingJobLocked(JobServiceContext.java:728)
04-10 22:32:16.943   710  1990 E JobServiceContext: 	at com.android.server.job.JobConcurrencyManager.stopJobOnServiceContextLocked(JobConcurrencyManager.java:1343)
04-10 22:32:16.943   710  1990 E JobServiceContext: 	at com.android.server.job.JobSchedulerService.cancelJobImplLocked(JobSchedulerService.java:2451)
04-10 22:32:16.943   710  1990 E JobServiceContext: 	at com.android.server.job.JobSchedulerService.scheduleAsPackage(JobSchedulerService.java:1968)
04-10 22:32:16.943   710  1990 E JobServiceContext: 	at com.android.server.job.JobSchedulerService$JobSchedulerStub.schedule(JobSchedulerService.java:5278)
04-10 22:32:16.943   710  1990 E JobServiceContext: 	at android.app.job.IJobScheduler$Stub.onTransact(IJobScheduler.java:249)
04-10 22:32:16.943   710  1990 E JobServiceContext: 	at android.os.Binder.execTransactInternal(Binder.java:1466)
04-10 22:32:16.943   710  1990 E JobServiceContext: 	at android.os.Binder.execTransact(Binder.java:1411)
04-10 22:32:16.953  8520  8822 E libbinder.IPCThreadState: Binder transaction failure. id: 233389, cmd: BR_DEAD_REPLY (29189), error: -22 (Invalid argument)
04-10 22:32:17.012  8520  8807 E libbinder.IPCThreadState: Binder transaction failure. id: 233395, cmd: BR_DEAD_REPLY (29189), error: -22 (Invalid argument)
04-10 22:32:17.274  8520  8538 E libbinder.IPCThreadState: Binder transaction failure. id: 233460, cmd: BR_DEAD_REPLY (29189), error: -22 (Invalid argument)
04-10 22:32:17.637   710   927 E libbinder.IPCThreadState: Binder transaction failure. id: 233633, cmd: BR_DEAD_REPLY (29189), error: -22 (Invalid argument)
04-10 22:32:17.639   710   927 E ConnectivityService: RemoteException caught trying to send a callback msg for NetworkRequest [ TRACK_DEFAULT id=252, [ Capabilities: INTERNET&NOT_RESTRICTED&TRUSTED&NOT_VCN_MANAGED&NOT_BANDWIDTH_CONSTRAINED Uid: 10156 RequestorUid: 10156 RequestorPkg: com.google.android.apps.pulse UnderlyingNetworks: Null] ]
04-10 22:32:17.906  8520  8520 E NetworkScheduler: Compat called without init
04-10 22:32:18.206   710  1168 E TransitionChain: Can't collect into a chain with no transition
04-10 22:32:18.365   710   936 E AppOps  : attributionTag VCN not declared in manifest of android
04-10 22:32:18.492   710  1990 E TransitionChain: Can't collect into a chain with no transition
04-10 22:32:18.708   710   936 E AppOps  : attributionTag VCN not declared in manifest of android
04-10 22:32:18.744   710   880 E InputDispatcher: channel 'stylus-handwriting-event-receiver-0' ~ Channel is unrecoverably broken and will be disposed!
04-10 22:32:19.707  7560  7560 E TelephonyConfigUpdateInstallReceiver: Failed to read current content : /data/misc/telephonyconfig/valid_telephony_config.pb
04-10 22:32:19.714  7560  7560 E TelephonyConfigUpdateInstallReceiver: Failed to read current content : /data/misc/telephonyconfig/valid_telephony_config.pb
04-10 22:32:19.733  7560  7560 E TelephonyConfigUpdateInstallReceiver: Failed to read current content : /data/misc/telephonyconfig/valid_telephony_config.pb
04-10 22:32:19.736  7560  7560 E TelephonyConfigUpdateInstallReceiver: Failed to read current content : /data/misc/telephonyconfig/valid_telephony_config.pb
04-10 22:32:19.746  7560  7560 E SatelliteController: registerForSatelliteModemStateChanged: mSatelliteSessionController is not initialized yet
04-10 22:32:19.746  7560  7560 E SatelliteController: unregisterForModemStateChanged: mSatelliteSessionController is not initialized yet
04-10 22:32:19.767  7560  7560 E SatelliteController: registerForSatelliteModemStateChanged: mSatelliteSessionController is not initialized yet
04-10 22:32:19.767  7560  7560 E SatelliteController: unregisterForModemStateChanged: mSatelliteSessionController is not initialized yet
04-10 22:32:19.800  7560  7762 E SatelliteController: registerForSatelliteCommunicationAccessStateChanged: SatelliteManager is null
04-10 22:32:19.950  8887  8887 E FeatureFlagsImplExport: android.os.flagging.AconfigStorageReadException: ERROR_PACKAGE_NOT_FOUND: package android.xr cannot be found on the device
04-10 22:32:19.955   710   725 E TransitionChain: Can't collect into a chain with no transition
04-10 22:32:19.955   710   725 E TransitionChain: Can't collect into a chain with no transition
04-10 22:32:20.517   710   936 E AppOps  : attributionTag VCN not declared in manifest of android
04-10 22:32:22.158  8472  8605 E ConsumerBase: [ImageReader-132x132f1u2816m2-8472-2] abandonLocked: ConsumerBase is abandoned!
04-10 22:32:22.299   288   294 E lowmemorykiller: process_mrelease 8551 failed: No such process
04-10 22:32:22.335   288   294 E lowmemorykiller: process_mrelease 8472 failed: No such process
04-10 22:32:22.639   710   747 E libbinder.IPCThreadState: Binder transaction failure. id: 237013, cmd: BR_DEAD_REPLY (29189), error: -22 (Invalid argument)
04-10 22:32:22.640   710  1926 E libbinder.IPCThreadState: binder thread pool (31 threads) starved for 339 ms
04-10 22:32:22.931  8567  9153 E chromium: [0410/223222.920829:ERROR:android_webview/browser/variations/variations_seed_loader.cc:39] Seed missing signature.
04-10 22:32:22.970  8520  8796 E libbinder.IPCThreadState: Binder transaction failure. id: 237390, cmd: BR_DEAD_REPLY (29189), error: -22 (Invalid argument)
04-10 22:32:23.307  8520  8860 E libbinder.IPCThreadState: Binder transaction failure. id: 237601, cmd: BR_DEAD_REPLY (29189), error: -22 (Invalid argument)
04-10 22:32:23.375  8520  8796 E libbinder.IPCThreadState: Binder transaction failure. id: 237678, cmd: BR_DEAD_REPLY (29189), error: -22 (Invalid argument)
04-10 22:32:23.459  8520  8860 E libbinder.IPCThreadState: Binder transaction failure. id: 237801, cmd: BR_DEAD_REPLY (29189), error: -22 (Invalid argument)
04-10 22:32:23.837  7560  7762 E SatelliteController: registerForSatelliteCommunicationAccessStateChanged: SatelliteManager is null
04-10 22:32:24.112   288   295 E lowmemorykiller: process_mrelease 9096 failed: No such process
04-10 22:32:24.376  7560  7560 E SatelliteController: registerForSatelliteModemStateChanged: mSatelliteSessionController is not initialized yet
04-10 22:32:24.376  7560  7560 E SatelliteController: unregisterForModemStateChanged: mSatelliteSessionController is not initialized yet
04-10 22:32:24.969  9065  9065 E LibraryModuleRegistry: LibraryModuleRegistry.register():48 Module mobilebert_classifier_android_jni has already been registered to integrated_shared_object
04-10 22:32:26.164  9203  9264 E ashmem  : readlink(/proc/self/fd/106) failed: Operation not permitted
04-10 22:32:26.165  9203  9264 E ashmem  : readlink(/proc/self/fd/106) failed: Operation not permitted
04-10 22:32:27.218   710   710 E libbinder.IPCThreadState: Binder transaction failure. id: 240810, cmd: BR_DEAD_REPLY (29189), error: -22 (Invalid argument)
04-10 22:32:27.285   710   710 E libbinder.IPCThreadState: Binder transaction failure. id: 240869, cmd: BR_DEAD_REPLY (29189), error: -22 (Invalid argument)
04-10 22:32:27.448   710  1858 E JobScheduler.JobStatus: App com.google.android.apps.photos became active but still in NEVER bucket
04-10 22:32:27.543  9203  9264 E ashmem  : readlink(/proc/self/fd/97) failed: Operation not permitted
04-10 22:32:27.603  9203  9264 E ashmem  : readlink(/proc/self/fd/105) failed: Operation not permitted
04-10 22:32:27.604  9203  9264 E ashmem  : readlink(/proc/self/fd/114) failed: Operation not permitted
04-10 22:32:27.609  9203  9303 E ashmem  : readlink(/proc/self/fd/113) failed: Operation not permitted
04-10 22:32:27.611  9203  9303 E ashmem  : readlink(/proc/self/fd/115) failed: Operation not permitted
04-10 22:32:27.611  9203  9303 E ashmem  : readlink(/proc/self/fd/117) failed: Operation not permitted
04-10 22:32:27.883  8567  9187 E cr_AwSupervisedUserDel: Unable to determine if restricted content blocking is required. Exception: java.util.concurrent.TimeoutException
04-10 22:32:28.289  9065  9065 E GoogleInputMethodService: GoogleInputMethodService.getAppEditorInfo():1891 App EditorInfo should never be null.
04-10 22:32:28.397  8520  8860 E WakeLock: GCM_CONN_ALARM ** IS FORCE-RELEASED ON TIMEOUT ** [CONTEXT service_id=259 ]
04-10 22:32:28.751  8520  9466 E CastAuth: [CastAuthModuleInitIntent] Feature is not available, reason = CastAuth feature is disabled on this 1p device.. [CONTEXT service_id=360 ]
04-10 22:32:29.207  9065  9386 E EmojiSlicingStrategy: EmojiSlicingStrategy.getSlices():88 getSlices() : Received null or empty userEnabledLocales.
04-10 22:32:29.552  9065  9386 E EmojiSlicingStrategy: EmojiSlicingStrategy.getSlices():88 getSlices() : Received null or empty userEnabledLocales.
04-10 22:32:29.717   710  2504 E AppOps  : Bad call made by uid 1000. Package "com.google.android.apps.photos" does not belong to uid 1000.
04-10 22:32:29.939   710  1746 E libbinder.IPCThreadState: Binder transaction failure. id: 243543, cmd: BR_DEAD_REPLY (29189), error: -22 (Invalid argument)
04-10 22:32:30.207  9323  9528 E droid.deskclock: hiddenapi: Accessing hidden field Ljava/util/Collections$SynchronizedCollection;->mutex:Ljava/lang/Object; (runtime_flags=0, domain=core-platform, api=max-target-o) from Lj$/util/DesugarCollections; (domain=app, TargetSdkVersion=33) using reflection: denied
04-10 22:32:30.207  9323  9528 E droid.deskclock: hiddenapi: Accessing hidden method Ljava/util/Collections$SynchronizedSet;-><init>(Ljava/util/Set;Ljava/lang/Object;)V (runtime_flags=0, domain=core-platform, api=max-target-o) from Lj$/util/DesugarCollections; (domain=app, TargetSdkVersion=33) using reflection: denied
04-10 22:32:30.298  9323  9528 E droid.deskclock: hiddenapi: Accessing hidden method Ljava/util/Collections$SynchronizedCollection;-><init>(Ljava/util/Collection;Ljava/lang/Object;)V (runtime_flags=0, domain=core-platform, api=max-target-o) from Lj$/util/DesugarCollections; (domain=app, TargetSdkVersion=33) using reflection: denied
04-10 22:32:30.307   505   534 E GFXSTREAM: [egl.cpp(2130)] eglQueryContext 3100  EGL_BAD_ATTRIBUTE
04-10 22:32:30.307   505   534 E GFXSTREAM: [egl.cpp(2131)] tid 534: error 0x3004 (EGL_BAD_ATTRIBUTE)
04-10 22:32:30.321  7560  7560 E SatelliteController: registerForSatelliteModemStateChanged: mSatelliteSessionController is not initialized yet
04-10 22:32:30.321  7560  7560 E SatelliteController: unregisterForModemStateChanged: mSatelliteSessionController is not initialized yet
04-10 22:32:30.381   710   710 E JobScheduler.JobStatus: App com.google.android.apps.photos became active but still in NEVER bucket
04-10 22:32:30.442   710   710 E JobScheduler.JobStatus: App com.google.android.apps.photos became active but still in NEVER bucket
04-10 22:32:30.458   710   710 E JobScheduler.JobStatus: App com.google.android.apps.photos became active but still in NEVER bucket
04-10 22:32:30.487   710   880 E InputDispatcher: channel 'stylus-handwriting-event-receiver-0' ~ Channel is unrecoverably broken and will be disposed!
04-10 22:32:30.720  7560  7560 E TelephonyConfigUpdateInstallReceiver: Failed to read current content : /data/misc/telephonyconfig/valid_telephony_config.pb
04-10 22:32:30.722  7560  7560 E TelephonyConfigUpdateInstallReceiver: Failed to read current content : /data/misc/telephonyconfig/valid_telephony_config.pb
04-10 22:32:30.728  8567  8567 E chromium: [ERROR:android_webview/browser/aw_browser_terminator.cc:175] Renderer process (9203) crash detected (code -1).
04-10 22:32:30.730  7560  7560 E TelephonyConfigUpdateInstallReceiver: Failed to read current content : /data/misc/telephonyconfig/valid_telephony_config.pb
04-10 22:32:30.732  7560  7560 E TelephonyConfigUpdateInstallReceiver: Failed to read current content : /data/misc/telephonyconfig/valid_telephony_config.pb
04-10 22:32:30.741  7560  7560 E SatelliteController: registerForSatelliteModemStateChanged: mSatelliteSessionController is not initialized yet
04-10 22:32:30.741  7560  7560 E SatelliteController: unregisterForModemStateChanged: mSatelliteSessionController is not initialized yet
04-10 22:32:30.749   710  1147 E WifiService: Attempt to retrieve passpoint with invalid scanResult List
04-10 22:32:30.794   710  2504 E WifiService: Attempt to retrieve Passpoint configuration with null osuProviders
04-10 22:32:31.215   710  1858 E WifiService: Attempt to retrieve passpoint with invalid scanResult List
04-10 22:32:31.215   710  1858 E WifiService: Attempt to retrieve Passpoint configuration with null osuProviders
04-10 22:32:31.217  7560  7560 E TelephonyProvider: internal sim-specific settings backup data file does not exist. Aborting restore
04-10 22:32:32.007   710   925 E Nl80211Native: getChannelsMhzForBand: Wiphy index not recorded for band 8
04-10 22:32:32.007   710   925 E Nl80211Native: getChannelsMhzForBand: Wiphy index not recorded for band 16
04-10 22:32:32.651   710  1746 E AuthService: No face sensors.
04-10 22:32:32.705  9298  9524 E libbinder.IPCThreadState: Binder transaction failure. id: 245737, cmd: BR_DEAD_REPLY (29189), error: -3 (No such process)
04-10 22:32:32.710   710  1919 E libbinder.IPCThreadState: Binder transaction failure. id: 245755, cmd: BR_DEAD_REPLY (29189), error: -3 (No such process)
04-10 22:32:32.720   505   590 E SurfaceFlinger: getDisplayDecorationSupport failed Status(-8, EX_SERVICE_SPECIFIC): '8: '
04-10 22:32:32.720   505   590 E SurfaceFlinger: getDisplayDecorationSupport: getDisplayDecorationSupport failed for display 4619827259835644672: UNSUPPORTED (8)
04-10 22:32:32.739   434   478 E FrameworkListener: read() failed (Connection reset by peer)
04-10 22:32:32.746   710   936 E AppOps  : attributionTag VCN not declared in manifest of android
04-10 22:32:32.790   710   925 E Nl80211Native: getChannelsMhzForBand: Wiphy index not recorded for band 8
04-10 22:32:32.790   710   925 E Nl80211Native: getChannelsMhzForBand: Wiphy index not recorded for band 16
04-10 22:32:32.830   710  1916 E TransitionChain: Can't collect into a chain with no transition
04-10 22:32:32.830   710  1916 E TransitionChain: Can't collect into a chain with no transition
04-10 22:32:33.108  7560  8180 E SmsApplication: com.google.android.apps.messaging lost android:read_cell_broadcasts:  (fixing)
04-10 22:32:33.180  7560  7762 E TelephonyConfigUpdateInstallReceiver: Failed to read current content : /data/misc/telephonyconfig/valid_telephony_config.pb
04-10 22:32:33.199  7560  7762 E TelephonyConfigUpdateInstallReceiver: Failed to read current content : /data/misc/telephonyconfig/valid_telephony_config.pb
04-10 22:32:33.249  7560  7762 E TelephonyConfigUpdateInstallReceiver: Failed to read current content : /data/misc/telephonyconfig/valid_telephony_config.pb
04-10 22:32:33.305  7560  7762 E SatelliteController: registerForSatelliteCommunicationAccessStateChanged: SatelliteManager is null
04-10 22:32:33.312  7560  7762 E TelephonyConfigUpdateInstallReceiver: Failed to read current content : /data/misc/telephonyconfig/valid_telephony_config.pb
04-10 22:32:33.350  7560  7762 E SatelliteController: registerForSatelliteCommunicationAccessStateChanged: SatelliteManager is null
04-10 22:32:33.371  1214  1304 E SystemServiceRegistry: No service published for: ethernet
04-10 22:32:33.371  1214  1304 E SystemServiceRegistry: android.os.ServiceManager$ServiceNotFoundException: No service published for: ethernet
04-10 22:32:33.371  1214  1304 E SystemServiceRegistry: 	at android.os.ServiceManager.getServiceOrThrow(ServiceManager.java:176)
04-10 22:32:33.371  1214  1304 E SystemServiceRegistry: 	at android.app.SystemServiceRegistry$168.createService(SystemServiceRegistry.java:2638)
04-10 22:32:33.371  1214  1304 E SystemServiceRegistry: 	at android.app.SystemServiceRegistry$CachedServiceFetcher.getService(SystemServiceRegistry.java:2768)
04-10 22:32:33.371  1214  1304 E SystemServiceRegistry: 	at android.app.SystemServiceRegistry.getSystemService(SystemServiceRegistry.java:2285)
04-10 22:32:33.371  1214  1304 E SystemServiceRegistry: 	at android.app.ContextImpl.getSystemService(ContextImpl.java:2448)
04-10 22:32:33.371  1214  1304 E SystemServiceRegistry: 	at android.content.ContextWrapper.getSystemService(ContextWrapper.java:991)
04-10 22:32:33.371  1214  1304 E SystemServiceRegistry: 	at com.android.networkstack.tethering.Tethering.isEthernetSupported(Tethering.java:1849)
04-10 22:32:33.371  1214  1304 E SystemServiceRegistry: 	at com.android.networkstack.tethering.Tethering.makeSupportedDownstreams(Tethering.java:2830)
04-10 22:32:33.371  1214  1304 E SystemServiceRegistry: 	at com.android.networkstack.tethering.Tethering.updateSupportedDownstreams(Tethering.java:2804)
04-10 22:32:33.371  1214  1304 E SystemServiceRegistry: 	at com.android.networkstack.tethering.Tethering.updateConfiguration(Tethering.java:558)
04-10 22:32:33.371  1214  1304 E SystemServiceRegistry: 	at com.android.networkstack.tethering.Tethering.lambda$new$4(Tethering.java:352)
04-10 22:32:33.371  1214  1304 E SystemServiceRegistry: 	at com.android.networkstack.tethering.Tethering.$r8$lambda$4V1rGOzF7AkW0XBFoABAQmt9cHM(Tethering.java:0)
04-10 22:32:33.371  1214  1304 E SystemServiceRegistry: 	at com.android.networkstack.tethering.Tethering$$ExternalSyntheticLambda10.accept(R8$$SyntheticClass:0)
04-10 22:32:33.371  1214  1304 E SystemServiceRegistry: 	at com.android.networkstack.tethering.util.VersionedBroadcastListener$Receiver.lambda$onReceive$0(VersionedBroadcastListener.java:107)
04-10 22:32:33.371  1214  1304 E SystemServiceRegistry: 	at com.android.networkstack.tethering.util.VersionedBroadcastListener$Receiver.$r8$lambda$_Z7KkSifencKcebyQaai-Spxf2M(VersionedBroadcastListener.java:0)
04-10 22:32:33.371  1214  1304 E SystemServiceRegistry: 	at com.android.networkstack.tethering.util.VersionedBroadcastListener$Receiver$$ExternalSyntheticLambda0.run(R8$$SyntheticClass:0)
04-10 22:32:33.371  1214  1304 E SystemServiceRegistry: 	at android.os.Handler.handleCallback(Handler.java:1095)
04-10 22:32:33.371  1214  1304 E SystemServiceRegistry: 	at android.os.Handler.dispatchMessageImpl(Handler.java:135)
04-10 22:32:33.371  1214  1304 E SystemServiceRegistry: 	at android.os.Handler.dispatchMessage(Handler.java:125)
04-10 22:32:33.371  1214  1304 E SystemServiceRegistry: 	at android.os.Looper.loopOnce(Looper.java:292)
04-10 22:32:33.371  1214  1304 E SystemServiceRegistry: 	at android.os.Looper.loop(Looper.java:393)
04-10 22:32:33.371  1214  1304 E SystemServiceRegistry: 	at android.os.HandlerThread.run(HandlerThread.java:139)
04-10 22:32:33.386  7560  7762 E SatelliteServiceUtils: handleSetSatellitePlmnInfoCmd CommandException: com.android.internal.telephony.CommandException: REQUEST_NOT_SUPPORTED
04-10 22:32:33.386  7560  7762 E SatelliteServiceUtils: requestSetSatelliteEnabledForCarrier CommandException: com.android.internal.telephony.CommandException: REQUEST_NOT_SUPPORTED
04-10 22:32:33.388  7560  7762 E TelephonyConfigUpdateInstallReceiver: Failed to read current content : /data/misc/telephonyconfig/valid_telephony_config.pb
04-10 22:32:33.514  7560  7762 E SatelliteServiceUtils: handleSetSatellitePlmnInfoCmd CommandException: com.android.internal.telephony.CommandException: REQUEST_NOT_SUPPORTED
04-10 22:32:33.583  7560  7762 E SatelliteServiceUtils: requestSetSatelliteEnabledForCarrier CommandException: com.android.internal.telephony.CommandException: REQUEST_NOT_SUPPORTED
04-10 22:32:33.690   710   844 E AppOps  : attributionTag VCN not declared in manifest of android
04-10 22:32:33.706   710   747 E PackageManager: Optimistic bind failed.
04-10 22:32:33.706   710   747 E PackageManager: java.util.concurrent.TimeoutException: [Optimistic Bind] Didn't bind to resolver in time!
04-10 22:32:33.706   710   747 E PackageManager: 	at com.android.server.pm.InstantAppResolverConnection.waitForBindLocked(InstantAppResolverConnection.java:160)
04-10 22:32:33.706   710   747 E PackageManager: 	at com.android.server.pm.InstantAppResolverConnection.bind(InstantAppResolverConnection.java:230)
04-10 22:32:33.706   710   747 E PackageManager: 	at com.android.server.pm.InstantAppResolverConnection.lambda$optimisticBind$0(InstantAppResolverConnection.java:260)
04-10 22:32:33.706   710   747 E PackageManager: 	at com.android.server.pm.InstantAppResolverConnection.$r8$lambda$66W2s2mMKe4pk_xXCScH9RCqav8(InstantAppResolverConnection.java:0)
04-10 22:32:33.706   710   747 E PackageManager: 	at com.android.server.pm.InstantAppResolverConnection$$ExternalSyntheticLambda0.run(R8$$SyntheticClass:0)
04-10 22:32:33.706   710   747 E PackageManager: 	at android.os.Handler.handleCallback(Handler.java:1095)
04-10 22:32:33.706   710   747 E PackageManager: 	at android.os.Handler.dispatchMessageImpl(Handler.java:135)
04-10 22:32:33.706   710   747 E PackageManager: 	at android.os.Handler.dispatchMessage(Handler.java:125)
04-10 22:32:33.706   710   747 E PackageManager: 	at android.os.Looper.loopOnce(Looper.java:292)
04-10 22:32:33.706   710   747 E PackageManager: 	at android.os.Looper.loop(Looper.java:393)
04-10 22:32:33.706   710   747 E PackageManager: 	at android.os.HandlerThread.run(HandlerThread.java:139)
04-10 22:32:33.755  7560  7762 E TelephonyConfigUpdateInstallReceiver: Failed to read current content : /data/misc/telephonyconfig/valid_telephony_config.pb
04-10 22:32:33.756   710   710 E libbinder.IPCThreadState: Binder transaction failure. id: 246882, cmd: BR_DEAD_REPLY (29189), error: -22 (Invalid argument)
04-10 22:32:33.961  9434  9678 E ActivityThread: Failed to find provider info for androidx.car.app.connection
04-10 22:32:34.005  7560  7762 E SatelliteServiceUtils: handleSetSatellitePlmnInfoCmd CommandException: com.android.internal.telephony.CommandException: REQUEST_NOT_SUPPORTED
04-10 22:32:34.804  9339  9537 E Ambient : Installed publisher verification failed
04-10 22:32:34.804  9339  9537 E Ambient : Installed publisher verification failed
04-10 22:32:35.617  9434  9615 E PhenotypeFlagCommitter: Retrieving snapshot for com.google.android.dialer failed
04-10 22:32:35.617  9434  9615 E PhenotypeFlagCommitter: java.util.concurrent.TimeoutException: Timed out waiting for Task
04-10 22:32:35.617  9434  9615 E PhenotypeFlagCommitter: 	at zib.l(PG:55)
04-10 22:32:35.617  9434  9615 E PhenotypeFlagCommitter: 	at ylk.c(PG:15)
04-10 22:32:35.617  9434  9615 E PhenotypeFlagCommitter: 	at ylk.d(PG:38)
04-10 22:32:35.617  9434  9615 E PhenotypeFlagCommitter: 	at quj.call(PG:346)
04-10 22:32:35.617  9434  9615 E PhenotypeFlagCommitter: 	at agin.call(PG:21)
04-10 22:32:35.617  9434  9615 E PhenotypeFlagCommitter: 	at aglc.a(PG:3)
04-10 22:32:35.617  9434  9615 E PhenotypeFlagCommitter: 	at agkf.run(PG:19)
04-10 22:32:35.617  9434  9615 E PhenotypeFlagCommitter: 	at agld.run(PG:5)
04-10 22:32:35.617  9434  9615 E PhenotypeFlagCommitter: 	at zgq.run(PG:7)
04-10 22:32:35.617  9434  9615 E PhenotypeFlagCommitter: 	at java.util.concurrent.ThreadPoolExecutor.runWorker(ThreadPoolExecutor.java:1100)
04-10 22:32:35.617  9434  9615 E PhenotypeFlagCommitter: 	at java.util.concurrent.ThreadPoolExecutor$Worker.run(ThreadPoolExecutor.java:624)
04-10 22:32:35.617  9434  9615 E PhenotypeFlagCommitter: 	at xyv.run(PG:80)
04-10 22:32:35.617  9434  9615 E PhenotypeFlagCommitter: 	at zgc.run(PG:678)
04-10 22:32:35.617  9434  9615 E PhenotypeFlagCommitter: 	at java.lang.Thread.run(Thread.java:1572)
04-10 22:32:35.617  9434  9615 E PhenotypeFlagCommitter: 	at zhr.run(PG:61)
04-10 22:32:35.915  9693  9693 E LibraryModuleRegistry: LibraryModuleRegistry.register():48 Module mobilebert_classifier_android_jni has already been registered to integrated_shared_object
04-10 22:32:36.295   710   925 E Nl80211Native: getChannelsMhzForBand: Wiphy index not recorded for band 8
04-10 22:32:36.295   710   925 E Nl80211Native: getChannelsMhzForBand: Wiphy index not recorded for band 16
04-10 22:32:36.550  9339  9718 E AiAiNotificationAssistantService: No completion listener supplied for this service!
04-10 22:32:37.788  8613  8613 E EdgeBackGestureHandler: No resource found for gesture-blocking activities
04-10 22:32:38.092  7560  7560 E CarrierKeyDownloadManager [0]: handleAlarmOrConfigChange ActiveSubscriptionInfoList = 1
04-10 22:32:38.268  9298  9524 E libbinder.IPCThreadState: Binder transaction failure. id: 250569, cmd: BR_DEAD_REPLY (29189), error: -22 (Invalid argument)
04-10 22:32:38.412   710  1741 E RoleControllerServiceImpl: Default/fallback role holder package doesn't qualify for the role, package: com.google.android.gms.supervision, role: android.app.role.SYSTEM_SUPERVISION, user: 0
04-10 22:32:38.619   710  1741 E RoleControllerServiceImpl: Default/fallback role holder package doesn't qualify for the role, package: com.google.android.gms, role: android.app.role.SYSTEM_DEPENDENCY_INSTALLER, user: 0
04-10 22:32:38.795   710  1741 E RoleControllerServiceImpl: Default/fallback role holder package doesn't qualify for the role, package: com.google.android.gms, role: android.app.role.WALLET, user: 0
04-10 22:32:39.176  7560  7560 E TelephonyConfigUpdateInstallReceiver: Failed to read current content : /data/misc/telephonyconfig/valid_telephony_config.pb
04-10 22:32:39.327  7560  7560 E TelephonyConfigUpdateInstallReceiver: Failed to read current content : /data/misc/telephonyconfig/valid_telephony_config.pb
04-10 22:32:39.537  7560  7560 E TelephonyConfigUpdateInstallReceiver: Failed to read current content : /data/misc/telephonyconfig/valid_telephony_config.pb
04-10 22:32:39.539  7560  7560 E TelephonyConfigUpdateInstallReceiver: Failed to read current content : /data/misc/telephonyconfig/valid_telephony_config.pb
04-10 22:32:39.540  7560  7560 E SatelliteController: registerForSatelliteModemStateChanged: mSatelliteSessionController is not initialized yet
04-10 22:32:39.540  7560  7560 E SatelliteController: unregisterForModemStateChanged: mSatelliteSessionController is not initialized yet
04-10 22:32:39.562  7560  7560 E SatelliteController: registerForSatelliteModemStateChanged: mSatelliteSessionController is not initialized yet
04-10 22:32:39.562  7560  7560 E SatelliteController: unregisterForModemStateChanged: mSatelliteSessionController is not initialized yet
04-10 22:32:39.646  8613  9019 E AmbientCueCoreStartable: OverlayManager failed to set AmbientCueOverlay enabled as false
04-10 22:32:39.646  8613  9019 E AmbientCueCoreStartable: java.lang.IllegalArgumentException: Unable to retrieve overlay information for com.android.systemui.overlay.ambientcue
04-10 22:32:39.646  8613  9019 E AmbientCueCoreStartable: 	at android.os.Parcel.createExceptionOrNull(Parcel.java:3387)
04-10 22:32:39.646  8613  9019 E AmbientCueCoreStartable: 	at android.os.Parcel.createException(Parcel.java:3367)
04-10 22:32:39.646  8613  9019 E AmbientCueCoreStartable: 	at android.os.Parcel.readException(Parcel.java:3350)
04-10 22:32:39.646  8613  9019 E AmbientCueCoreStartable: 	at android.os.Parcel.readException(Parcel.java:3292)
04-10 22:32:39.646  8613  9019 E AmbientCueCoreStartable: 	at android.content.om.IOverlayManager$Stub$Proxy.setEnabled(IOverlayManager.java:723)
04-10 22:32:39.646  8613  9019 E AmbientCueCoreStartable: 	at android.content.om.OverlayManager.setEnabled(OverlayManager.java:213)
04-10 22:32:39.646  8613  9019 E AmbientCueCoreStartable: 	at com.android.systemui.ambientcue.ui.startable.AmbientCueCoreStartable$start$3$1.emit(go/retraceme 2b9555e93469c570fe1eba6e00ba55c641998f0b05ea4e8d6000e443e74ca7fc:18)
04-10 22:32:39.646  8613  9019 E AmbientCueCoreStartable: 	at kotlinx.coroutines.flow.StateFlowImpl.collect(go/retraceme 2b9555e93469c570fe1eba6e00ba55c641998f0b05ea4e8d6000e443e74ca7fc:170)
04-10 22:32:39.646  8613  9019 E AmbientCueCoreStartable: 	at com.android.systemui.ambientcue.ui.startable.AmbientCueCoreStartable$start$3.invokeSuspend(go/retraceme 2b9555e93469c570fe1eba6e00ba55c641998f0b05ea4e8d6000e443e74ca7fc:43)
04-10 22:32:39.646  8613  9019 E AmbientCueCoreStartable: 	at kotlin.coroutines.jvm.internal.BaseContinuationImpl.resumeWith(go/retraceme 2b9555e93469c570fe1eba6e00ba55c641998f0b05ea4e8d6000e443e74ca7fc:7)
04-10 22:32:39.646  8613  9019 E AmbientCueCoreStartable: 	at kotlinx.coroutines.DispatchedTask.run(go/retraceme 2b9555e93469c570fe1eba6e00ba55c641998f0b05ea4e8d6000e443e74ca7fc:111)
04-10 22:32:39.646  8613  9019 E AmbientCueCoreStartable: 	at java.util.concurrent.ThreadPoolExecutor.runWorker(ThreadPoolExecutor.java:1100)
04-10 22:32:39.646  8613  9019 E AmbientCueCoreStartable: 	at java.util.concurrent.ThreadPoolExecutor$Worker.run(ThreadPoolExecutor.java:624)
04-10 22:32:39.646  8613  9019 E AmbientCueCoreStartable: 	at java.lang.Thread.run(Thread.java:1572)
04-10 22:32:39.646  8613  9019 E AmbientCueCoreStartable: Caused by: android.os.RemoteException: Remote stack trace:
04-10 22:32:39.646  8613  9019 E AmbientCueCoreStartable: 	at com.android.server.wm.Task$$ExternalSyntheticBUOutline2.m(R8$$SyntheticClass:0)
04-10 22:32:39.646  8613  9019 E AmbientCueCoreStartable: 	at com.android.server.om.OverlayManagerService$1.enforceActor(OverlayManagerService.java:1179)
04-10 22:32:39.646  8613  9019 E AmbientCueCoreStartable: 	at com.android.server.om.OverlayManagerService$1.setEnabled(OverlayManagerService.java:703)
04-10 22:32:39.646  8613  9019 E AmbientCueCoreStartable: 	at com.android.server.om.OverlayManagerService$1.setEnabled(OverlayManagerService.java:680)
04-10 22:32:39.646  8613  9019 E AmbientCueCoreStartable: 	at android.content.om.IOverlayManager$Stub.onTransact(IOverlayManager.java:418)
04-10 22:32:39.646  8613  9019 E AmbientCueCoreStartable: 
04-10 22:32:39.791  7560  7762 E SatelliteController: registerForSatelliteCommunicationAccessStateChanged: SatelliteManager is null
04-10 22:32:40.266  9163  9313 E libbinder.IPCThreadState: Binder transaction failure. id: 252408, cmd: BR_DEAD_REPLY (29189), error: -22 (Invalid argument)
04-10 22:32:40.285   710   883 E BluetoothSystemServer: BluetoothManagerService: TIMEOUT_BIND: Impossible to bind to Bluetooth service
04-10 22:32:40.550  9298 10020 E GoogleApiManager: Failed to get service from broker. 
04-10 22:32:40.550  9298 10020 E GoogleApiManager: java.lang.SecurityException: Unknown calling package name 'com.google.android.gms'.
04-10 22:32:40.550  9298 10020 E GoogleApiManager: 	at android.os.Parcel.createExceptionOrNull(Parcel.java:3383)
04-10 22:32:40.550  9298 10020 E GoogleApiManager: 	at android.os.Parcel.createException(Parcel.java:3367)
04-10 22:32:40.550  9298 10020 E GoogleApiManager: 	at android.os.Parcel.readException(Parcel.java:3350)
04-10 22:32:40.550  9298 10020 E GoogleApiManager: 	at android.os.Parcel.readException(Parcel.java:3292)
04-10 22:32:40.550  9298 10020 E GoogleApiManager: 	at bhqq.a(:com.google.android.gms@261133038@26.11.33 (260800-887465546):36)
04-10 22:32:40.550  9298 10020 E GoogleApiManager: 	at bhor.z(:com.google.android.gms@261133038@26.11.33 (260800-887465546):143)
04-10 22:32:40.550  9298 10020 E GoogleApiManager: 	at bgut.run(:com.google.android.gms@261133038@26.11.33 (260800-887465546):42)
04-10 22:32:40.550  9298 10020 E GoogleApiManager: 	at android.os.Handler.handleCallback(Handler.java:1095)
04-10 22:32:40.550  9298 10020 E GoogleApiManager: 	at android.os.Handler.dispatchMessageImpl(Handler.java:135)
04-10 22:32:40.550  9298 10020 E GoogleApiManager: 	at android.os.Handler.dispatchMessage(Handler.java:125)
04-10 22:32:40.550  9298 10020 E GoogleApiManager: 	at cwwb.mr(:com.google.android.gms@261133038@26.11.33 (260800-887465546):1)
04-10 22:32:40.550  9298 10020 E GoogleApiManager: 	at cwwb.dispatchMessage(:com.google.android.gms@261133038@26.11.33 (260800-887465546):5)
04-10 22:32:40.550  9298 10020 E GoogleApiManager: 	at android.os.Looper.loopOnce(Looper.java:292)
04-10 22:32:40.550  9298 10020 E GoogleApiManager: 	at android.os.Looper.loop(Looper.java:393)
04-10 22:32:40.550  9298 10020 E GoogleApiManager: 	at android.os.HandlerThread.run(HandlerThread.java:139)
04-10 22:32:40.707  9671  9671 E ConsumerBase: [ImageReader-132x132f1u2816m2-9671-0] abandonLocked: ConsumerBase is abandoned!
04-10 22:32:40.710   710  1197 E JobScheduler.JobStatus: App com.google.android.dialer became active but still in NEVER bucket
04-10 22:32:40.711   710   883 E BluetoothSystemServer: BluetoothManagerService: Recovery #5 scheduled in 3M20S
04-10 22:32:40.933  9298  9524 E libbinder.IPCThreadState: Binder transaction failure. id: 252772, cmd: BR_DEAD_REPLY (29189), error: -22 (Invalid argument)
04-10 22:32:41.088   710  1168 E JobScheduler.JobStatus: App com.google.android.dialer became active but still in NEVER bucket
04-10 22:32:41.094  9658  9658 E .gms.persistent: hiddenapi: Accessing hidden method Landroid/net/ConnectivityManager;->isNetworkTypeMobile(I)Z (runtime_flags=0, domain=platform, api=max-target-p) from Lbzxz; (domain=app, TargetSdkVersion=37) using reflection: denied
04-10 22:32:41.102  9658  9658 E .gms.persistent: hiddenapi: Accessing hidden method Landroid/os/PowerManager;->isLightDeviceIdleMode()Z (runtime_flags=0, domain=platform, api=max-target-s) from Lbzxz; (domain=app, TargetSdkVersion=37) using reflection: denied
04-10 22:32:41.193  9671  9761 E NexusCSStateManager: Failed to fetch from AppSearch
04-10 22:32:41.193  9671  9761 E NexusCSStateManager: java.util.NoSuchElementException: No value present
04-10 22:32:41.193  9671  9761 E NexusCSStateManager: 	at java.util.Optional.get(Optional.java:143)
04-10 22:32:41.193  9671  9761 E NexusCSStateManager: 	at p6.l.onResult(go/retraceme 7226a759aa2bb3787a79806f85d80eaad84f1f1e15acd6db988f2df789d1680d:36)
04-10 22:32:41.193  9671  9761 E NexusCSStateManager: 	at android.app.appsearch.SearchSessionUtil$1.lambda$onResult$0(go/retraceme 50c746ee5c32f88f733077ebeb4008935661f54b3d9e8e373e734d129bb80b29:144)
04-10 22:32:41.193  9671  9761 E NexusCSStateManager: 	at android.app.appsearch.SearchSessionUtil$1.$r8$lambda$CEk3q8sDAQVhU3rQwVueB8FAj_M(go/retraceme 50c746ee5c32f88f733077ebeb4008935661f54b3d9e8e373e734d129bb80b29:1)
04-10 22:32:41.193  9671  9761 E NexusCSStateManager: 	at android.app.appsearch.SearchSessionUtil$1$$ExternalSyntheticLambda0.run(go/retraceme 50c746ee5c32f88f733077ebeb4008935661f54b3d9e8e373e734d129bb80b29:22)
04-10 22:32:41.193  9671  9761 E NexusCSStateManager: 	at androidx.appfunctions.internal.e.execute(go/retraceme 7226a759aa2bb3787a79806f85d80eaad84f1f1e15acd6db988f2df789d1680d:0)
04-10 22:32:41.193  9671  9761 E NexusCSStateManager: 	at android.app.appsearch.SearchSessionUtil.safeExecute(go/retraceme 50c746ee5c32f88f733077ebeb4008935661f54b3d9e8e373e734d129bb80b29:21)
04-10 22:32:41.193  9671  9761 E NexusCSStateManager: 	at android.app.appsearch.SearchSessionUtil$1.onResult(go/retraceme 50c746ee5c32f88f733077ebeb4008935661f54b3d9e8e373e734d129bb80b29:18)
04-10 22:32:41.193  9671  9761 E NexusCSStateManager: 	at android.app.appsearch.aidl.IAppSearchBatchResultCallback$Stub.onTransact(go/retraceme 50c746ee5c32f88f733077ebeb4008935661f54b3d9e8e373e734d129bb80b29:50)
04-10 22:32:41.193  9671  9761 E NexusCSStateManager: 	at android.os.Binder.execTransactInternal(Binder.java:1471)
04-10 22:32:41.193  9671  9761 E NexusCSStateManager: 	at android.os.Binder.execTransact(Binder.java:1411)
04-10 22:32:41.841  9671  9671 E ConsumerBase: [ImageReader-1x1f1u2816m2-9671-1] abandonLocked: ConsumerBase is abandoned!
04-10 22:32:42.317  9693  9693 E GoogleInputMethodService: GoogleInputMethodService.getAppEditorInfo():1891 App EditorInfo should never be null.
04-10 22:32:42.630   288   294 E lowmemorykiller: process_mrelease 9631 failed: No such process
04-10 22:32:42.692   710  1105 E libbinder.IPCThreadState: Binder transaction failure. id: 254313, cmd: BR_DEAD_REPLY (29189), error: -22 (Invalid argument)
04-10 22:32:42.865   710   710 E JobServiceContext: Error sending onStart message to 'com.google.android.finsky.scheduler.process.mainimpl.PhoneskyJobServiceMain' 
04-10 22:32:42.865   710   710 E JobServiceContext: android.os.DeadObjectException
04-10 22:32:42.865   710   710 E JobServiceContext: 	at android.os.BinderProxy.transactNative(Native Method)
04-10 22:32:42.865   710   710 E JobServiceContext: 	at android.os.BinderProxy.transact(BinderProxy.java:617)
04-10 22:32:42.865   710   710 E JobServiceContext: 	at android.app.job.IJobService$Stub$Proxy.startJob(IJobService.java:190)
04-10 22:32:42.865   710   710 E JobServiceContext: 	at com.android.server.job.JobServiceContext.handleServiceBoundLocked(JobServiceContext.java:1361)
04-10 22:32:42.865   710   710 E JobServiceContext: 	at com.android.server.job.JobServiceContext.doServiceBoundLocked(JobServiceContext.java:1270)
04-10 22:32:42.865   710   710 E JobServiceContext: 	at com.android.server.job.JobServiceContext.onServiceConnected(JobServiceContext.java:1124)
04-10 22:32:42.865   710   710 E JobServiceContext: 	at android.content.ServiceConnection.onServiceConnected(ServiceConnection.java:75)
04-10 22:32:42.865   710   710 E JobServiceContext: 	at android.app.LoadedApk$ServiceDispatcher.doConnected(LoadedApk.java:2453)
04-10 22:32:42.865   710   710 E JobServiceContext: 	at android.app.LoadedApk$ServiceDispatcher$RunConnection.run(LoadedApk.java:2489)
04-10 22:32:42.865   710   710 E JobServiceContext: 	at android.os.Handler.handleCallback(Handler.java:1095)
04-10 22:32:42.865   710   710 E JobServiceContext: 	at android.os.Handler.dispatchMessageImpl(Handler.java:135)
04-10 22:32:42.865   710   710 E JobServiceContext: 	at android.os.Handler.dispatchMessage(Handler.java:125)
04-10 22:32:42.865   710   710 E JobServiceContext: 	at android.os.Looper.loopOnce(Looper.java:292)
04-10 22:32:42.865   710   710 E JobServiceContext: 	at android.os.Looper.loop(Looper.java:393)
04-10 22:32:42.865   710   710 E JobServiceContext: 	at com.android.server.SystemServer.run(SystemServer.java:1092)
04-10 22:32:42.865   710   710 E JobServiceContext: 	at com.android.server.SystemServer.main(SystemServer.java:721)
04-10 22:32:42.865   710   710 E JobServiceContext: 	at java.lang.reflect.Method.invoke(Native Method)
04-10 22:32:42.865   710   710 E JobServiceContext: 	at com.android.internal.os.RuntimeInit$MethodAndArgsCaller.run(RuntimeInit.java:575)
04-10 22:32:42.865   710   710 E JobServiceContext: 	at com.android.internal.os.ZygoteInit.main(ZygoteInit.java:917)
04-10 22:32:42.890   710   724 E JobScheduler.JobStatus: App com.google.android.dialer became active but still in NEVER bucket
04-10 22:32:43.205  9693 10050 E EmojiSlicingStrategy: EmojiSlicingStrategy.getSlices():88 getSlices() : Received null or empty userEnabledLocales.
04-10 22:32:43.231  9693 10050 E EmojiSlicingStrategy: EmojiSlicingStrategy.getSlices():88 getSlices() : Received null or empty userEnabledLocales.
04-10 22:32:43.504  7560  7560 E SmsApplication: com.google.android.apps.messaging lost android:read_cell_broadcasts:  (fixing)
04-10 22:32:43.521  9693  9693 E AbstractOpenableExtension: AbstractOpenableExtension$1.onFailure():144 failed to parse keyboard group def : 2132213998 -> 0_resource_name_obfuscated. 
04-10 22:32:43.521  9693  9693 E AbstractOpenableExtension: java.util.concurrent.CancellationException: Task was cancelled.
04-10 22:32:43.521  9693  9693 E AbstractOpenableExtension: 	at ufk.i(PG:33)
04-10 22:32:43.521  9693  9693 E AbstractOpenableExtension: 	at ufs.r(PG:24)
04-10 22:32:43.521  9693  9693 E AbstractOpenableExtension: 	at ufk.get(PG:1)
04-10 22:32:43.521  9693  9693 E AbstractOpenableExtension: 	at a.n(PG:2)
04-10 22:32:43.521  9693  9693 E AbstractOpenableExtension: 	at uhk.run(PG:92)
04-10 22:32:43.521  9693  9693 E AbstractOpenableExtension: 	at ugs.execute(PG:1)
04-10 22:32:43.521  9693  9693 E AbstractOpenableExtension: 	at ufk.g(PG:1)
04-10 22:32:43.521  9693  9693 E AbstractOpenableExtension: 	at ufk.l(PG:101)
04-10 22:32:43.521  9693  9693 E AbstractOpenableExtension: 	at ufk.cancel(PG:52)
04-10 22:32:43.521  9693  9693 E AbstractOpenableExtension: 	at ufk.n(PG:17)
04-10 22:32:43.521  9693  9693 E AbstractOpenableExtension: 	at ufw.c(PG:3)
04-10 22:32:43.521  9693  9693 E AbstractOpenableExtension: 	at ufk.l(PG:30)
04-10 22:32:43.521  9693  9693 E AbstractOpenableExtension: 	at ufk.cancel(PG:52)
04-10 22:32:43.521  9693  9693 E AbstractOpenableExtension: 	at fsm.e(PG:64)
04-10 22:32:43.521  9693  9693 E AbstractOpenableExtension: 	at fsm.N(PG:4)
04-10 22:32:43.521  9693  9693 E AbstractOpenableExtension: 	at fsm.O(PG:1)
04-10 22:32:43.521  9693  9693 E AbstractOpenableExtension: 	at may.h(PG:33)
04-10 22:32:43.521  9693  9693 E AbstractOpenableExtension: 	at mwe.ag(PG:20)
04-10 22:32:43.521  9693  9693 E AbstractOpenableExtension: 	at ead.o(PG:247)
04-10 22:32:43.521  9693  9693 E AbstractOpenableExtension: 	at mvz.e(PG:3)
04-10 22:32:43.521  9693  9693 E AbstractOpenableExtension: 	at mtj.dx(PG:9)
04-10 22:32:43.521  9693  9693 E AbstractOpenableExtension: 	at nsh.run(PG:198)
04-10 22:32:43.521  9693  9693 E AbstractOpenableExtension: 	at ugs.execute(PG:1)
04-10 22:32:43.521  9693  9693 E AbstractOpenableExtension: 	at onf.c(PG:14)
04-10 22:32:43.521  9693  9693 E AbstractOpenableExtension: 	at nzd.l(PG:94)
04-10 22:32:43.521  9693  9693 E AbstractOpenableExtension: 	at nzd.j(PG:33)
04-10 22:32:43.521  9693  9693 E AbstractOpenableExtension: 	at oyp.b(PG:154)
04-10 22:32:43.521  9693  9693 E AbstractOpenableExtension: 	at uhk.run(PG:98)
04-10 22:32:43.521  9693  9693 E AbstractOpenableExtension: 	at android.os.Handler.handleCallback(Handler.java:1095)
04-10 22:32:43.521  9693  9693 E AbstractOpenableExtension: 	at android.os.Handler.dispatchMessageImpl(Handler.java:135)
04-10 22:32:43.521  9693  9693 E AbstractOpenableExtension: 	at android.os.Handler.dispatchMessage(Handler.java:125)
04-10 22:32:43.521  9693  9693 E AbstractOpenableExtension: 	at android.os.Looper.loopOnce(Looper.java:292)
04-10 22:32:43.521  9693  9693 E AbstractOpenableExtension: 	at android.os.Looper.loop(Looper.java:393)
04-10 22:32:43.521  9693  9693 E AbstractOpenableExtension: 	at android.app.ActivityThread.main(ActivityThread.java:9486)
04-10 22:32:43.521  9693  9693 E AbstractOpenableExtension: 	at java.lang.reflect.Method.invoke(Native Method)
04-10 22:32:43.521  9693  9693 E AbstractOpenableExtension: 	at com.android.internal.os.RuntimeInit$MethodAndArgsCaller.run(RuntimeInit.java:575)
04-10 22:32:43.521  9693  9693 E AbstractOpenableExtension: 	at com.android.internal.os.ZygoteInit.main(ZygoteInit.java:939)
04-10 22:32:43.597  9693  9693 E GoogleInputMethodService: GoogleInputMethodService.getAppEditorInfo():1891 App EditorInfo should never be null.
04-10 22:32:44.459   710  1746 E libbinder.IPCThreadState: binder thread pool (31 threads) starved for 307 ms
04-10 22:32:44.516  9693  9818 E HandwritingSuperpacksUtil: HandwritingSuperpacksUtil.getPackMappingPackName():42 No pack mapping pack found in []
04-10 22:32:44.682   710   747 E libbinder.IPCThreadState: Binder transaction failure. id: 255856, cmd: BR_DEAD_REPLY (29189), error: -22 (Invalid argument)
04-10 22:32:44.776  7560  8180 E SmsApplication: com.google.android.apps.messaging lost android:read_cell_broadcasts:  (fixing)
04-10 22:32:44.992  9693 10140 E MDDTaskScheduler: MDDTaskScheduler.scheduleDownload():191 work Data {charging : false, mdd_task_tag : download, network : false} scheduled
04-10 22:32:45.030  9968  9968 E FeatureFlagsImplExport: android.os.flagging.AconfigStorageReadException: ERROR_PACKAGE_NOT_FOUND: package android.xr cannot be found on the device
04-10 22:32:45.453   710   919 E MboOceController: onDataConnectionStateChanged unexpected State: 1
04-10 22:32:45.453   710   919 E WifiDataStall: onDataConnectionStateChanged unexpected State: 1
04-10 22:32:45.464   710   734 E libbinder.Parcel: Reading a NULL string not supported here.
04-10 22:32:45.464   710   734 E ARProxy : Unknown descriptor: 
04-10 22:32:45.928  9658 10090 E libbinder.IPCThreadState: Binder transaction failure. id: 256755, cmd: BR_DEAD_REPLY (29189), error: -22 (Invalid argument)
04-10 22:32:45.954  8613  8613 E UdfpsOverlayInteractor: invalid pixelPitch: -1.0. Pixel pitch must be updated per device.
04-10 22:32:46.199  9658 10090 E libbinder.IPCThreadState: Binder transaction failure. id: 257204, cmd: BR_DEAD_REPLY (29189), error: -22 (Invalid argument)
04-10 22:32:46.498  9658 10089 E libbinder.IPCThreadState: Binder transaction failure. id: 257168, cmd: BR_DEAD_REPLY (29189), error: -22 (Invalid argument)
04-10 22:32:46.753  9658 10090 E libbinder.IPCThreadState: Binder transaction failure. id: 257754, cmd: BR_DEAD_REPLY (29189), error: -22 (Invalid argument)
04-10 22:32:46.811  9658 10090 E libbinder.IPCThreadState: Binder transaction failure. id: 257826, cmd: BR_DEAD_REPLY (29189), error: -22 (Invalid argument)
04-10 22:32:47.061  9671  9935 E ConsumerBase: [ImageReader-132x132f1u2816m2-9671-2] abandonLocked: ConsumerBase is abandoned!
04-10 22:32:47.235  9658 10089 E libbinder.IPCThreadState: Binder transaction failure. id: 258195, cmd: BR_DEAD_REPLY (29189), error: -22 (Invalid argument)
04-10 22:32:47.675   710   927 E ConnectivityService: exception in interfaceSetMtu()android.os.ServiceSpecificException: Remote I/O error (code 121)
04-10 22:32:48.157   434   467 E NetlinkEvent: NetlinkEvent::FindParam(): Parameter 'INTERFACE' not found
04-10 22:32:48.157   434   467 E NetlinkEvent: NetlinkEvent::FindParam(): Parameter 'STATE' not found
04-10 22:32:48.157   434   467 E NetlinkEvent: NetlinkEvent::FindParam(): Parameter 'TIME_NS' not found
04-10 22:32:48.157   434   467 E NetlinkEvent: NetlinkEvent::FindParam(): Parameter 'UID' not found
04-10 22:32:49.598  9693  9823 E HandwritingSuperpacksUtil: HandwritingSuperpacksUtil.getPackMappingPackName():42 No pack mapping pack found in []
04-10 22:32:50.013  9658  9658 E NetworkScheduler: Compat called without init
04-10 22:32:50.119  9671  9935 E ConsumerBase: [ImageReader-132x132f1u2816m2-9671-3] abandonLocked: ConsumerBase is abandoned!
04-10 22:32:50.161   288   294 E lowmemorykiller: process_mrelease 9986 failed: No such process
04-10 22:32:50.589   710  2506 E AppOps  : Bad call made by uid 1000. Package "com.google.android.apps.photos" does not belong to uid 1000.
04-10 22:32:50.611   710  1105 E libbinder.IPCThreadState: Binder transaction failure. id: 261280, cmd: BR_DEAD_REPLY (29189), error: -22 (Invalid argument)
04-10 22:32:50.666   710   845 E JobServiceContext: Error sending onStopJob to client.
04-10 22:32:50.666   710   845 E JobServiceContext: android.os.DeadObjectException
04-10 22:32:50.666   710   845 E JobServiceContext: 	at android.os.BinderProxy.transactNative(Native Method)
04-10 22:32:50.666   710   845 E JobServiceContext: 	at android.os.BinderProxy.transact(BinderProxy.java:617)
04-10 22:32:50.666   710   845 E JobServiceContext: 	at android.app.job.IJobService$Stub$Proxy.stopJob(IJobService.java:203)
04-10 22:32:50.666   710   845 E JobServiceContext: 	at com.android.server.job.JobServiceContext.sendStopMessageLocked(JobServiceContext.java:1619)
04-10 22:32:50.666   710   845 E JobServiceContext: 	at com.android.server.job.JobServiceContext.handleCancelLocked(JobServiceContext.java:1454)
04-10 22:32:50.666   710   845 E JobServiceContext: 	at com.android.server.job.JobServiceContext.handleStartedLocked(JobServiceContext.java:1393)
04-10 22:32:50.666   710   845 E JobServiceContext: 	at com.android.server.job.JobServiceContext.doCallbackLocked(JobServiceContext.java:1296)
04-10 22:32:50.666   710   845 E JobServiceContext: 	at com.android.server.job.JobServiceContext.doCallback(JobServiceContext.java:1280)
04-10 22:32:50.666   710   845 E JobServiceContext: 	at com.android.server.job.JobServiceContext.doAcknowledgeStartMessage(JobServiceContext.java:924)
04-10 22:32:50.666   710   845 E JobServiceContext: 	at com.android.server.job.JobServiceContext$JobCallback.acknowledgeStartMessage(JobServiceContext.java:298)
04-10 22:32:50.666   710   845 E JobServiceContext: 	at android.app.job.IJobCallback$Stub.onTransact(IJobCallback.java:264)
04-10 22:32:50.666   710   845 E JobServiceContext: 	at android.os.Binder.execTransactInternal(Binder.java:1466)
04-10 22:32:50.666   710   845 E JobServiceContext: 	at android.os.Binder.execTransact(Binder.java:1411)
04-10 22:32:50.867   505   572 E libbinder.IPCThreadState: Binder transaction failure. id: 261543, cmd: BR_DEAD_REPLY (29189), error: -3 (No such process)
04-10 22:32:50.960   710   880 E InputDispatcher: channel '[Gesture Monitor] swipe-up' ~ Channel is unrecoverably broken and will be disposed!
04-10 22:32:50.990   710   880 E InputDispatcher: channel 'c1c94c8 Taskbar' ~ Channel is unrecoverably broken and will be disposed!
04-10 22:32:50.994   710   880 E libbinder.IPCThreadState: Binder transaction failure. id: 261608, cmd: BR_DEAD_REPLY (29189), error: -3 (No such process)
04-10 22:32:50.998   710   880 E libbinder.IPCThreadState: Binder transaction failure. id: 261613, cmd: BR_DEAD_REPLY (29189), error: -3 (No such process)
04-10 22:32:51.125   505   505 E BpTransactionCompletedListener: Failed to transact (-32)
04-10 22:32:51.249  8613  8613 E LauncherProxyService: Failed to get launcher proxy for disable flags.
04-10 22:32:51.343  8613 10248 E ndroid.systemui: Failed to query component interface for required system resources: 6
04-10 22:32:51.368  8613 10247 E ndroid.systemui: Failed to query component interface for required system resources: 6
04-10 22:32:51.393   594   663 E Codec2-ComponentInterface: We have a failed config
04-10 22:32:51.404   594   622 E Codec2-ComponentInterface: We have a failed config
04-10 22:32:51.548  9658 10089 E libbinder.IPCThreadState: Binder transaction failure. id: 262488, cmd: BR_DEAD_REPLY (29189), error: -22 (Invalid argument)
04-10 22:32:51.555  9658 10089 E libbinder.IPCThreadState: Binder transaction failure. id: 262497, cmd: BR_DEAD_REPLY (29189), error: -22 (Invalid argument)
04-10 22:32:51.820  8613  8613 E LauncherProxyService: Failed to get launcher proxy for disable flags.
04-10 22:32:51.875   710   880 E InputDispatcher: channel 'stylus-handwriting-event-receiver-0' ~ Channel is unrecoverably broken and will be disposed!
04-10 22:32:52.324   710   927 E libbinder.IPCThreadState: Binder transaction failure. id: 263213, cmd: BR_DEAD_REPLY (29189), error: -22 (Invalid argument)
04-10 22:32:52.324   710   927 E ConnectivityService: RemoteException caught trying to send a callback msg for NetworkRequest [ LISTEN id=296, [ Capabilities: INTERNET&TRUSTED&NOT_VCN_MANAGED Uid: 10217 RequestorUid: 10217 RequestorPkg: com.google.android.gms MatchNonThreadLocalNetworks UnderlyingNetworks: Null] ]
04-10 22:32:52.327   710   927 E libbinder.IPCThreadState: Binder transaction failure. id: 263216, cmd: BR_DEAD_REPLY (29189), error: -22 (Invalid argument)
04-10 22:32:52.327   710   927 E ConnectivityService: RemoteException caught trying to send a callback msg for NetworkRequest [ TRACK_DEFAULT id=297, [ Capabilities: INTERNET&NOT_RESTRICTED&TRUSTED&NOT_VCN_MANAGED&NOT_BANDWIDTH_CONSTRAINED Uid: 10217 RequestorUid: 10217 RequestorPkg: com.google.android.gms UnderlyingNetworks: Null] ]
04-10 22:32:52.327   710   927 E libbinder.IPCThreadState: Binder transaction failure. id: 263217, cmd: BR_DEAD_REPLY (29189), error: -22 (Invalid argument)
04-10 22:32:52.328   710   927 E ConnectivityService: RemoteException caught trying to send a callback msg for NetworkRequest [ TRACK_DEFAULT id=309, [ Capabilities: INTERNET&NOT_RESTRICTED&TRUSTED&NOT_VCN_MANAGED&NOT_BANDWIDTH_CONSTRAINED Uid: 10217 RequestorUid: 10217 RequestorPkg: com.google.android.gms UnderlyingNetworks: Null] ]
04-10 22:32:53.184  8613 10589 E ndroid.systemui: Failed to query component interface for required system resources: 6
04-10 22:32:53.199   594  7514 E Codec2-ComponentInterface: We have a failed config
04-10 22:32:53.467   710   747 E PackageManager: Optimistic bind failed.
04-10 22:32:53.467   710   747 E PackageManager: java.util.concurrent.TimeoutException: [Optimistic Bind] Didn't bind to resolver in time!
04-10 22:32:53.467   710   747 E PackageManager: 	at com.android.server.pm.InstantAppResolverConnection.waitForBindLocked(InstantAppResolverConnection.java:160)
04-10 22:32:53.467   710   747 E PackageManager: 	at com.android.server.pm.InstantAppResolverConnection.bind(InstantAppResolverConnection.java:230)
04-10 22:32:53.467   710   747 E PackageManager: 	at com.android.server.pm.InstantAppResolverConnection.lambda$optimisticBind$0(InstantAppResolverConnection.java:260)
04-10 22:32:53.467   710   747 E PackageManager: 	at com.android.server.pm.InstantAppResolverConnection.$r8$lambda$66W2s2mMKe4pk_xXCScH9RCqav8(InstantAppResolverConnection.java:0)
04-10 22:32:53.467   710   747 E PackageManager: 	at com.android.server.pm.InstantAppResolverConnection$$ExternalSyntheticLambda0.run(R8$$SyntheticClass:0)
04-10 22:32:53.467   710   747 E PackageManager: 	at android.os.Handler.handleCallback(Handler.java:1095)
04-10 22:32:53.467   710   747 E PackageManager: 	at android.os.Handler.dispatchMessageImpl(Handler.java:135)
04-10 22:32:53.467   710   747 E PackageManager: 	at android.os.Handler.dispatchMessage(Handler.java:125)
04-10 22:32:53.467   710   747 E PackageManager: 	at android.os.Looper.loopOnce(Looper.java:292)
04-10 22:32:53.467   710   747 E PackageManager: 	at android.os.Looper.loop(Looper.java:393)
04-10 22:32:53.467   710   747 E PackageManager: 	at android.os.HandlerThread.run(HandlerThread.java:139)
04-10 22:32:53.620 10260 10599 E ActivityThread: Failed to find provider info for androidx.car.app.connection
04-10 22:32:53.719  8613  9543 E NotificationListener: No completion listener supplied for this service!
04-10 22:32:54.424   288   295 E lowmemorykiller: process_mrelease 10256 failed: No such process
04-10 22:32:54.524   710  1745 E AppOps  : Bad call made by uid 1000. Package "com.google.android.googlequicksearchbox" does not belong to uid 1000.
04-10 22:32:54.865  7560  7560 E RemoteVvmTaskManager: onServiceDisconnected: remoteService disconnected, 1 tasks dropped.
04-10 22:32:55.447  8613  8613 E LauncherProxyService: Failed to get launcher proxy for disable flags.
04-10 22:32:55.642  8613  8613 E SharedConnectivityManager: Exception in registerCallback
04-10 22:32:55.642  8613  8613 E SharedConnectivityManager: android.os.DeadObjectException
04-10 22:32:55.642  8613  8613 E SharedConnectivityManager: 	at android.os.BinderProxy.transactNative(Native Method)
04-10 22:32:55.642  8613  8613 E SharedConnectivityManager: 	at android.os.BinderProxy.transact(BinderProxy.java:617)
04-10 22:32:55.642  8613  8613 E SharedConnectivityManager: 	at android.net.wifi.sharedconnectivity.service.ISharedConnectivityService$Stub$Proxy.registerCallback(ISharedConnectivityService.java:272)
04-10 22:32:55.642  8613  8613 E SharedConnectivityManager: 	at android.net.wifi.sharedconnectivity.app.SharedConnectivityManager.registerCallbackInternal(SharedConnectivityManager.java:368)
04-10 22:32:55.642  8613  8613 E SharedConnectivityManager: 	at android.net.wifi.sharedconnectivity.app.SharedConnectivityManager.-$$Nest$mregisterCallbackInternal(SharedConnectivityManager.java:0)
04-10 22:32:55.642  8613  8613 E SharedConnectivityManager: 	at android.net.wifi.sharedconnectivity.app.SharedConnectivityManager$1.lambda$onServiceConnected$0(SharedConnectivityManager.java:258)
04-10 22:32:55.642  8613  8613 E SharedConnectivityManager: 	at android.net.wifi.sharedconnectivity.app.SharedConnectivityManager$1.$r8$lambda$mlb7fWhC1Zt_3xRG12STYw0qiDg(SharedConnectivityManager.java:0)
04-10 22:32:55.642  8613  8613 E SharedConnectivityManager: 	at android.net.wifi.sharedconnectivity.app.SharedConnectivityManager$1$$ExternalSyntheticLambda0.accept(D8$$SyntheticClass:0)
04-10 22:32:55.642  8613  8613 E SharedConnectivityManager: 	at java.util.HashMap$KeySet.forEach(HashMap.java:1017)
04-10 22:32:55.642  8613  8613 E SharedConnectivityManager: 	at android.net.wifi.sharedconnectivity.app.SharedConnectivityManager$1.onServiceConnected(SharedConnectivityManager.java:257)
04-10 22:32:55.642  8613  8613 E SharedConnectivityManager: 	at android.content.ServiceConnection.onServiceConnected(ServiceConnection.java:75)
04-10 22:32:55.642  8613  8613 E SharedConnectivityManager: 	at android.app.LoadedApk$ServiceDispatcher.doConnected(LoadedApk.java:2453)
04-10 22:32:55.642  8613  8613 E SharedConnectivityManager: 	at android.app.LoadedApk$ServiceDispatcher$RunConnection.run(LoadedApk.java:2489)
04-10 22:32:55.642  8613  8613 E SharedConnectivityManager: 	at android.os.Handler.handleCallback(Handler.java:1095)
04-10 22:32:55.642  8613  8613 E SharedConnectivityManager: 	at android.os.Handler.dispatchMessageImpl(Handler.java:135)
04-10 22:32:55.642  8613  8613 E SharedConnectivityManager: 	at android.os.Handler.dispatchMessage(Handler.java:125)
04-10 22:32:55.642  8613  8613 E SharedConnectivityManager: 	at android.os.Looper.loopOnce(Looper.java:292)
04-10 22:32:55.642  8613  8613 E SharedConnectivityManager: 	at android.os.Looper.loop(Looper.java:393)
04-10 22:32:55.642  8613  8613 E SharedConnectivityManager: 	at android.app.ActivityThread.main(ActivityThread.java:9486)
04-10 22:32:55.642  8613  8613 E SharedConnectivityManager: 	at java.lang.reflect.Method.invoke(Native Method)
04-10 22:32:55.642  8613  8613 E SharedConnectivityManager: 	at com.android.internal.os.RuntimeInit$MethodAndArgsCaller.run(RuntimeInit.java:575)
04-10 22:32:55.642  8613  8613 E SharedConnectivityManager: 	at com.android.internal.os.ZygoteInit.main(ZygoteInit.java:939)
04-10 22:32:56.467  8613  8613 E LauncherProxyService: Failed to call onInitialize()
04-10 22:32:56.467  8613  8613 E LauncherProxyService: android.os.DeadObjectException
04-10 22:32:56.467  8613  8613 E LauncherProxyService: 	at android.os.BinderProxy.transactNative(Native Method)
04-10 22:32:56.467  8613  8613 E LauncherProxyService: 	at android.os.BinderProxy.transact(BinderProxy.java:617)
04-10 22:32:56.467  8613  8613 E LauncherProxyService: 	at com.android.systemui.LauncherProxyService$4.onServiceConnected(go/retraceme 2b9555e93469c570fe1eba6e00ba55c641998f0b05ea4e8d6000e443e74ca7fc:134)
04-10 22:32:56.467  8613  8613 E LauncherProxyService: 	at android.content.ServiceConnection.onServiceConnected(ServiceConnection.java:75)
04-10 22:32:56.467  8613  8613 E LauncherProxyService: 	at android.app.LoadedApk$ServiceDispatcher.doConnected(LoadedApk.java:2453)
04-10 22:32:56.467  8613  8613 E LauncherProxyService: 	at android.app.LoadedApk$ServiceDispatcher$RunConnection.run(LoadedApk.java:2489)
04-10 22:32:56.467  8613  8613 E LauncherProxyService: 	at android.os.Handler.handleCallback(Handler.java:1095)
04-10 22:32:56.467  8613  8613 E LauncherProxyService: 	at android.os.Handler.dispatchMessageImpl(Handler.java:135)
04-10 22:32:56.467  8613  8613 E LauncherProxyService: 	at android.os.Handler.dispatchMessage(Handler.java:125)
04-10 22:32:56.467  8613  8613 E LauncherProxyService: 	at android.os.Looper.loopOnce(Looper.java:292)
04-10 22:32:56.467  8613  8613 E LauncherProxyService: 	at android.os.Looper.loop(Looper.java:393)
04-10 22:32:56.467  8613  8613 E LauncherProxyService: 	at android.app.ActivityThread.main(ActivityThread.java:9486)
04-10 22:32:56.467  8613  8613 E LauncherProxyService: 	at java.lang.reflect.Method.invoke(Native Method)
04-10 22:32:56.467  8613  8613 E LauncherProxyService: 	at com.android.internal.os.RuntimeInit$MethodAndArgsCaller.run(RuntimeInit.java:575)
04-10 22:32:56.467  8613  8613 E LauncherProxyService: 	at com.android.internal.os.ZygoteInit.main(ZygoteInit.java:939)
04-10 22:32:56.475  8613  8613 E LauncherProxyService: Failed to notify sysui state change
04-10 22:32:56.475  8613  8613 E LauncherProxyService: android.os.DeadObjectException
04-10 22:32:56.475  8613  8613 E LauncherProxyService: 	at android.os.BinderProxy.transactNative(Native Method)
04-10 22:32:56.475  8613  8613 E LauncherProxyService: 	at android.os.BinderProxy.transact(BinderProxy.java:617)
04-10 22:32:56.475  8613  8613 E LauncherProxyService: 	at com.android.systemui.LauncherProxyService.notifySystemUiStateFlags(go/retraceme 2b9555e93469c570fe1eba6e00ba55c641998f0b05ea4e8d6000e443e74ca7fc:29)
04-10 22:32:56.475  8613  8613 E LauncherProxyService: 	at com.android.systemui.LauncherProxyService.notifySysUiStateFlagsForAllDisplays(go/retraceme 2b9555e93469c570fe1eba6e00ba55c641998f0b05ea4e8d6000e443e74ca7fc:50)
04-10 22:32:56.475  8613  8613 E LauncherProxyService: 	at com.android.systemui.LauncherProxyService$4.onServiceConnected(go/retraceme 2b9555e93469c570fe1eba6e00ba55c641998f0b05ea4e8d6000e443e74ca7fc:305)
04-10 22:32:56.475  8613  8613 E LauncherProxyService: 	at android.content.ServiceConnection.onServiceConnected(ServiceConnection.java:75)
04-10 22:32:56.475  8613  8613 E LauncherProxyService: 	at android.app.LoadedApk$ServiceDispatcher.doConnected(LoadedApk.java:2453)
04-10 22:32:56.475  8613  8613 E LauncherProxyService: 	at android.app.LoadedApk$ServiceDispatcher$RunConnection.run(LoadedApk.java:2489)
04-10 22:32:56.475  8613  8613 E LauncherProxyService: 	at android.os.Handler.handleCallback(Handler.java:1095)
04-10 22:32:56.475  8613  8613 E LauncherProxyService: 	at android.os.Handler.dispatchMessageImpl(Handler.java:135)
04-10 22:32:56.475  8613  8613 E LauncherProxyService: 	at android.os.Handler.dispatchMessage(Handler.java:125)
04-10 22:32:56.475  8613  8613 E LauncherProxyService: 	at android.os.Looper.loopOnce(Looper.java:292)
04-10 22:32:56.475  8613  8613 E LauncherProxyService: 	at android.os.Looper.loop(Looper.java:393)
04-10 22:32:56.475  8613  8613 E LauncherProxyService: 	at android.app.ActivityThread.main(ActivityThread.java:9486)
04-10 22:32:56.475  8613  8613 E LauncherProxyService: 	at java.lang.reflect.Method.invoke(Native Method)
04-10 22:32:56.475  8613  8613 E LauncherProxyService: 	at com.android.internal.os.RuntimeInit$MethodAndArgsCaller.run(RuntimeInit.java:575)
04-10 22:32:56.475  8613  8613 E LauncherProxyService: 	at com.android.internal.os.ZygoteInit.main(ZygoteInit.java:939)
04-10 22:32:56.664   710   710 E libbinder.IPCThreadState: Binder transaction failure. id: 266936, cmd: BR_DEAD_REPLY (29189), error: -22 (Invalid argument)
04-10 22:32:58.252 10572 10572 E .gms.persistent: hiddenapi: Accessing hidden method Landroid/net/ConnectivityManager;->isNetworkTypeMobile(I)Z (runtime_flags=0, domain=platform, api=max-target-p) from Lbzxz; (domain=app, TargetSdkVersion=37) using reflection: denied
04-10 22:32:58.261 10572 10572 E .gms.persistent: hiddenapi: Accessing hidden method Landroid/os/PowerManager;->isLightDeviceIdleMode()Z (runtime_flags=0, domain=platform, api=max-target-s) from Lbzxz; (domain=app, TargetSdkVersion=37) using reflection: denied
04-10 22:32:58.654 10228 10875 E chromium: [0410/223258.605236:ERROR:android_webview/browser/variations/variations_seed_loader.cc:39] Seed missing signature.
04-10 22:32:59.329   710   734 E libbinder.Parcel: Reading a NULL string not supported here.
04-10 22:32:59.329   710   734 E ARProxy : Unknown descriptor: 
04-10 22:33:00.526 10572 10572 E NetworkScheduler: Compat called without init
04-10 22:33:00.931 10770 10770 E LibraryModuleRegistry: LibraryModuleRegistry.register():48 Module mobilebert_classifier_android_jni has already been registered to integrated_shared_object
04-10 22:33:02.037   710  1746 E AppOps  : Bad call made by uid 1000. Package "com.google.android.apps.photos" does not belong to uid 1000.
04-10 22:33:02.199   288   294 E lowmemorykiller: process_mrelease 10546 failed: No such process
04-10 22:33:02.204 10559 10799 E Ambient : Installed publisher verification failed
04-10 22:33:02.204 10559 10799 E Ambient : Installed publisher verification failed
04-10 22:33:02.231   710   845 E libbinder.IPCThreadState: Binder transaction failure. id: 271739, cmd: BR_DEAD_REPLY (29189), error: -22 (Invalid argument)
04-10 22:33:02.835 10572 10876 E libbinder.IPCThreadState: Binder transaction failure. id: 272381, cmd: BR_DEAD_REPLY (29189), error: -22 (Invalid argument)
04-10 22:33:03.094 10805 10805 E ConsumerBase: [ImageReader-132x132f1u2816m2-10805-0] abandonLocked: ConsumerBase is abandoned!
04-10 22:33:03.374 10572 10877 E libbinder.IPCThreadState: Binder transaction failure. id: 272714, cmd: BR_DEAD_REPLY (29189), error: -22 (Invalid argument)
04-10 22:33:03.459 10805 10919 E NexusCSStateManager: Failed to fetch from AppSearch
04-10 22:33:03.459 10805 10919 E NexusCSStateManager: java.util.NoSuchElementException: No value present
04-10 22:33:03.459 10805 10919 E NexusCSStateManager: 	at java.util.Optional.get(Optional.java:143)
04-10 22:33:03.459 10805 10919 E NexusCSStateManager: 	at p6.l.onResult(go/retraceme 7226a759aa2bb3787a79806f85d80eaad84f1f1e15acd6db988f2df789d1680d:36)
04-10 22:33:03.459 10805 10919 E NexusCSStateManager: 	at android.app.appsearch.SearchSessionUtil$1.lambda$onResult$0(go/retraceme 50c746ee5c32f88f733077ebeb4008935661f54b3d9e8e373e734d129bb80b29:144)
04-10 22:33:03.459 10805 10919 E NexusCSStateManager: 	at android.app.appsearch.SearchSessionUtil$1.$r8$lambda$CEk3q8sDAQVhU3rQwVueB8FAj_M(go/retraceme 50c746ee5c32f88f733077ebeb4008935661f54b3d9e8e373e734d129bb80b29:1)
04-10 22:33:03.459 10805 10919 E NexusCSStateManager: 	at android.app.appsearch.SearchSessionUtil$1$$ExternalSyntheticLambda0.run(go/retraceme 50c746ee5c32f88f733077ebeb4008935661f54b3d9e8e373e734d129bb80b29:22)
04-10 22:33:03.459 10805 10919 E NexusCSStateManager: 	at androidx.appfunctions.internal.e.execute(go/retraceme 7226a759aa2bb3787a79806f85d80eaad84f1f1e15acd6db988f2df789d1680d:0)
04-10 22:33:03.459 10805 10919 E NexusCSStateManager: 	at android.app.appsearch.SearchSessionUtil.safeExecute(go/retraceme 50c746ee5c32f88f733077ebeb4008935661f54b3d9e8e373e734d129bb80b29:21)
04-10 22:33:03.459 10805 10919 E NexusCSStateManager: 	at android.app.appsearch.SearchSessionUtil$1.onResult(go/retraceme 50c746ee5c32f88f733077ebeb4008935661f54b3d9e8e373e734d129bb80b29:18)
04-10 22:33:03.459 10805 10919 E NexusCSStateManager: 	at android.app.appsearch.aidl.IAppSearchBatchResultCallback$Stub.onTransact(go/retraceme 50c746ee5c32f88f733077ebeb4008935661f54b3d9e8e373e734d129bb80b29:50)
04-10 22:33:03.459 10805 10919 E NexusCSStateManager: 	at android.os.Binder.execTransactInternal(Binder.java:1471)
04-10 22:33:03.459 10805 10919 E NexusCSStateManager: 	at android.os.Binder.execTransact(Binder.java:1411)
04-10 22:33:03.606 10572 10877 E libbinder.IPCThreadState: Binder transaction failure. id: 273051, cmd: BR_DEAD_REPLY (29189), error: -22 (Invalid argument)
04-10 22:33:03.689 10805 10805 E ConsumerBase: [ImageReader-1x1f1u2816m2-10805-1] abandonLocked: ConsumerBase is abandoned!
04-10 22:33:03.950  8613  8613 E NotifRow: Magnetic state changed from IDLE to IDLE on a null swiped listener, or the logging key of the listener is null
04-10 22:33:03.955  8613  8613 E LauncherProxyService: Failed to call disable()
04-10 22:33:03.955  8613  8613 E LauncherProxyService: android.os.DeadObjectException
04-10 22:33:03.955  8613  8613 E LauncherProxyService: 	at android.os.BinderProxy.transactNative(Native Method)
04-10 22:33:03.955  8613  8613 E LauncherProxyService: 	at android.os.BinderProxy.transact(BinderProxy.java:617)
04-10 22:33:03.955  8613  8613 E LauncherProxyService: 	at com.android.systemui.navigationbar.TaskbarDelegate.disable(go/retraceme 2b9555e93469c570fe1eba6e00ba55c641998f0b05ea4e8d6000e443e74ca7fc:51)
04-10 22:33:03.955  8613  8613 E LauncherProxyService: 	at com.android.systemui.statusbar.CommandQueue$H.handleMessage(go/retraceme 2b9555e93469c570fe1eba6e00ba55c641998f0b05ea4e8d6000e443e74ca7fc:2800)
04-10 22:33:03.955  8613  8613 E LauncherProxyService: 	at com.android.systemui.statusbar.CommandQueue.disable(go/retraceme 2b9555e93469c570fe1eba6e00ba55c641998f0b05ea4e8d6000e443e74ca7fc:60)
04-10 22:33:03.955  8613  8613 E LauncherProxyService: 	at com.android.systemui.statusbar.CommandQueue.recomputeDisableFlags(go/retraceme 2b9555e93469c570fe1eba6e00ba55c641998f0b05ea4e8d6000e443e74ca7fc:64)
04-10 22:33:03.955  8613  8613 E LauncherProxyService: 	at com.android.systemui.shade.NotificationPanelViewController.updateExpandedHeight$1(go/retraceme 2b9555e93469c570fe1eba6e00ba55c641998f0b05ea4e8d6000e443e74ca7fc:105)
04-10 22:33:03.955  8613  8613 E LauncherProxyService: 	at com.android.systemui.shade.NotificationPanelViewController$ShadeLayoutChangeListener.onLayoutChange(go/retraceme 2b9555e93469c570fe1eba6e00ba55c641998f0b05ea4e8d6000e443e74ca7fc:246)
04-10 22:33:03.955  8613  8613 E LauncherProxyService: 	at android.view.View.layout(View.java:26071)
04-10 22:33:03.955  8613  8613 E LauncherProxyService: 	at android.view.ViewGroup.layout(ViewGroup.java:6584)
04-10 22:33:03.955  8613  8613 E LauncherProxyService: 	at android.widget.FrameLayout.layoutChildren(FrameLayout.java:332)
04-10 22:33:03.955  8613  8613 E LauncherProxyService: 	at android.widget.FrameLayout.onLayout(FrameLayout.java:270)
04-10 22:33:03.955  8613  8613 E LauncherProxyService: 	at android.view.View.layout(View.java:26050)
04-10 22:33:03.955  8613  8613 E LauncherProxyService: 	at android.view.ViewGroup.layout(ViewGroup.java:6584)
04-10 22:33:03.955  8613  8613 E LauncherProxyService: 	at android.view.ViewRootImpl.performLayout(ViewRootImpl.java:5463)
04-10 22:33:03.955  8613  8613 E LauncherProxyService: 	at android.view.ViewRootImpl.performTraversals(ViewRootImpl.java:4547)
04-10 22:33:03.955  8613  8613 E LauncherProxyService: 	at android.view.ViewRootImpl.doTraversal(ViewRootImpl.java:3324)
04-10 22:33:03.955  8613  8613 E LauncherProxyService: 	at android.view.ViewRootImpl$TraversalCallback.onVsync(ViewRootImpl.java:11345)
04-10 22:33:03.955  8613  8613 E LauncherProxyService: 	at android.view.Choreographer$CallbackRecord.run(Choreographer.java:1667)
04-10 22:33:03.955  8613  8613 E LauncherProxyService: 	at android.view.Choreographer.doCallbacks(Choreographer.java:1255)
04-10 22:33:03.955  8613  8613 E LauncherProxyService: 	at android.view.Choreographer.doFrame(Choreographer.java:1212)
04-10 22:33:03.955  8613  8613 E LauncherProxyService: 	at android.view.Choreographer$FrameDisplayEventReceiver.run(Choreographer.java:1643)
04-10 22:33:03.955  8613  8613 E LauncherProxyService: 	at android.os.Handler.handleCallback(Handler.java:1095)
04-10 22:33:03.955  8613  8613 E LauncherProxyService: 	at android.os.Handler.dispatchMessageImpl(Handler.java:135)
04-10 22:33:03.955  8613  8613 E LauncherProxyService: 	at android.os.Handler.dispatchMessage(Handler.java:125)
04-10 22:33:03.955  8613  8613 E LauncherProxyService: 	at android.os.Looper.loopOnce(Looper.java:292)
04-10 22:33:03.955  8613  8613 E LauncherProxyService: 	at android.os.Looper.loop(Looper.java:393)
04-10 22:33:03.955  8613  8613 E LauncherProxyService: 	at android.app.ActivityThread.main(ActivityThread.java:9486)
04-10 22:33:03.955  8613  8613 E LauncherProxyService: 	at java.lang.reflect.Method.invoke(Native Method)
04-10 22:33:03.955  8613  8613 E LauncherProxyService: 	at com.android.internal.os.RuntimeInit$MethodAndArgsCaller.run(RuntimeInit.java:575)
04-10 22:33:03.955  8613  8613 E LauncherProxyService: 	at com.android.internal.os.ZygoteInit.main(ZygoteInit.java:939)
04-10 22:33:04.049 10825 11103 E ActivityThread: Failed to find provider info for androidx.car.app.connection
04-10 22:33:04.051   710  1456 E libbinder.IPCThreadState: binder thread pool (31 threads) starved for 206 ms
04-10 22:33:04.133  8613  8613 E BatteryInfoBroadcast: failed to register observer for remaining time
04-10 22:33:04.133  8613  8613 E BatteryInfoBroadcast: java.lang.SecurityException: Failed to find provider com.google.android.apps.turbo.estimated_time_remaining for user 0; expected to find a valid ContentProvider for this authority
04-10 22:33:04.133  8613  8613 E BatteryInfoBroadcast: 	at android.os.Parcel.createExceptionOrNull(Parcel.java:3383)
04-10 22:33:04.133  8613  8613 E BatteryInfoBroadcast: 	at android.os.Parcel.createException(Parcel.java:3367)
04-10 22:33:04.133  8613  8613 E BatteryInfoBroadcast: 	at android.os.Parcel.readException(Parcel.java:3350)
04-10 22:33:04.133  8613  8613 E BatteryInfoBroadcast: 	at android.os.Parcel.readException(Parcel.java:3292)
04-10 22:33:04.133  8613  8613 E BatteryInfoBroadcast: 	at android.content.IContentService$Stub$Proxy.registerContentObserver(IContentService.java:1039)
04-10 22:33:04.133  8613  8613 E BatteryInfoBroadcast: 	at android.content.ContentResolver.registerContentObserver(ContentResolver.java:2818)
04-10 22:33:04.133  8613  8613 E BatteryInfoBroadcast: 	at com.google.android.systemui.power.BatteryInfoBroadcast.registerObserver(go/retraceme 2b9555e93469c570fe1eba6e00ba55c641998f0b05ea4e8d6000e443e74ca7fc:8)
04-10 22:33:04.133  8613  8613 E BatteryInfoBroadcast: 	at com.google.android.systemui.power.BatteryInfoBroadcast.<init>(go/retraceme 2b9555e93469c570fe1eba6e00ba55c641998f0b05ea4e8d6000e443e74ca7fc:161)
04-10 22:33:04.133  8613  8613 E BatteryInfoBroadcast: 	at com.google.android.systemui.power.PowerNotificationWarningsGoogleImpl$$ExternalSyntheticLambda0.run(go/retraceme 2b9555e93469c570fe1eba6e00ba55c641998f0b05ea4e8d6000e443e74ca7fc:391)
04-10 22:33:04.133  8613  8613 E BatteryInfoBroadcast: 	at android.os.Handler.handleCallback(Handler.java:1095)
04-10 22:33:04.133  8613  8613 E BatteryInfoBroadcast: 	at android.os.Handler.dispatchMessageImpl(Handler.java:135)
04-10 22:33:04.133  8613  8613 E BatteryInfoBroadcast: 	at android.os.Handler.dispatchMessage(Handler.java:125)
04-10 22:33:04.133  8613  8613 E BatteryInfoBroadcast: 	at android.os.Looper.loopOnce(Looper.java:292)
04-10 22:33:04.133  8613  8613 E BatteryInfoBroadcast: 	at android.os.Looper.loop(Looper.java:393)
04-10 22:33:04.133  8613  8613 E BatteryInfoBroadcast: 	at android.app.ActivityThread.main(ActivityThread.java:9486)
04-10 22:33:04.133  8613  8613 E BatteryInfoBroadcast: 	at java.lang.reflect.Method.invoke(Native Method)
04-10 22:33:04.133  8613  8613 E BatteryInfoBroadcast: 	at com.android.internal.os.RuntimeInit$MethodAndArgsCaller.run(RuntimeInit.java:575)
04-10 22:33:04.133  8613  8613 E BatteryInfoBroadcast: 	at com.android.internal.os.ZygoteInit.main(ZygoteInit.java:939)
04-10 22:33:04.133  8613  8613 E BatteryInfoBroadcast: Caused by: android.os.RemoteException: Remote stack trace:
04-10 22:33:04.133  8613  8613 E BatteryInfoBroadcast: 	at com.android.server.wm.Session$$ExternalSyntheticBUOutline1.m(R8$$SyntheticClass:0)
04-10 22:33:04.133  8613  8613 E BatteryInfoBroadcast: 	at com.android.server.content.ContentService.registerContentObserver(ContentService.java:382)
04-10 22:33:04.133  8613  8613 E BatteryInfoBroadcast: 	at android.content.IContentService$Stub.onTransact(IContentService.java:493)
04-10 22:33:04.133  8613  8613 E BatteryInfoBroadcast: 	at android.os.Binder.execTransactInternal(Binder.java:1466)
04-10 22:33:04.133  8613  8613 E BatteryInfoBroadcast: 	at android.os.Binder.execTransact(Binder.java:1411)
04-10 22:33:04.133  8613  8613 E BatteryInfoBroadcast: 
04-10 22:33:04.181 10559 11137 E AiAiNotificationAssistantService: No completion listener supplied for this service!
04-10 22:33:04.269 10770 10770 E GoogleInputMethodService: GoogleInputMethodService.getAppEditorInfo():1891 App EditorInfo should never be null.
04-10 22:33:04.466 10572 10876 E libbinder.IPCThreadState: Binder transaction failure. id: 274056, cmd: BR_DEAD_REPLY (29189), error: -22 (Invalid argument)
04-10 22:33:05.044 10572 10877 E libbinder.IPCThreadState: Binder transaction failure. id: 274822, cmd: BR_DEAD_REPLY (29189), error: -22 (Invalid argument)
04-10 22:33:05.109 10825 10991 E PhenotypeFlagCommitter: Retrieving snapshot for com.google.android.dialer failed
04-10 22:33:05.109 10825 10991 E PhenotypeFlagCommitter: java.util.concurrent.TimeoutException: Timed out waiting for Task
04-10 22:33:05.109 10825 10991 E PhenotypeFlagCommitter: 	at zib.l(PG:55)
04-10 22:33:05.109 10825 10991 E PhenotypeFlagCommitter: 	at ylk.c(PG:15)
04-10 22:33:05.109 10825 10991 E PhenotypeFlagCommitter: 	at ylk.d(PG:38)
04-10 22:33:05.109 10825 10991 E PhenotypeFlagCommitter: 	at quj.call(PG:346)
04-10 22:33:05.109 10825 10991 E PhenotypeFlagCommitter: 	at agin.call(PG:21)
04-10 22:33:05.109 10825 10991 E PhenotypeFlagCommitter: 	at aglc.a(PG:3)
04-10 22:33:05.109 10825 10991 E PhenotypeFlagCommitter: 	at agkf.run(PG:19)
04-10 22:33:05.109 10825 10991 E PhenotypeFlagCommitter: 	at agld.run(PG:5)
04-10 22:33:05.109 10825 10991 E PhenotypeFlagCommitter: 	at zgq.run(PG:7)
04-10 22:33:05.109 10825 10991 E PhenotypeFlagCommitter: 	at java.util.concurrent.ThreadPoolExecutor.runWorker(ThreadPoolExecutor.java:1100)
04-10 22:33:05.109 10825 10991 E PhenotypeFlagCommitter: 	at java.util.concurrent.ThreadPoolExecutor$Worker.run(ThreadPoolExecutor.java:624)
04-10 22:33:05.109 10825 10991 E PhenotypeFlagCommitter: 	at xyv.run(PG:80)
04-10 22:33:05.109 10825 10991 E PhenotypeFlagCommitter: 	at zgc.run(PG:678)
04-10 22:33:05.109 10825 10991 E PhenotypeFlagCommitter: 	at java.lang.Thread.run(Thread.java:1572)
04-10 22:33:05.109 10825 10991 E PhenotypeFlagCommitter: 	at zhr.run(PG:61)
04-10 22:33:05.248  8613  8613 E LauncherProxyService: Failed to call onSystemBarAttributesChanged()
04-10 22:33:05.248  8613  8613 E LauncherProxyService: android.os.DeadObjectException
04-10 22:33:05.248  8613  8613 E LauncherProxyService: 	at android.os.BinderProxy.transactNative(Native Method)
04-10 22:33:05.248  8613  8613 E LauncherProxyService: 	at android.os.BinderProxy.transact(BinderProxy.java:617)
04-10 22:33:05.248  8613  8613 E LauncherProxyService: 	at com.android.systemui.navigationbar.TaskbarDelegate.onSystemBarAttributesChanged(go/retraceme 2b9555e93469c570fe1eba6e00ba55c641998f0b05ea4e8d6000e443e74ca7fc:36)
04-10 22:33:05.248  8613  8613 E LauncherProxyService: 	at com.android.systemui.statusbar.CommandQueue$H.handleMessage(go/retraceme 2b9555e93469c570fe1eba6e00ba55c641998f0b05ea4e8d6000e443e74ca7fc:2670)
04-10 22:33:05.248  8613  8613 E LauncherProxyService: 	at android.os.Handler.dispatchMessageImpl(Handler.java:142)
04-10 22:33:05.248  8613  8613 E LauncherProxyService: 	at android.os.Handler.dispatchMessage(Handler.java:125)
04-10 22:33:05.248  8613  8613 E LauncherProxyService: 	at android.os.Looper.loopOnce(Looper.java:292)
04-10 22:33:05.248  8613  8613 E LauncherProxyService: 	at android.os.Looper.loop(Looper.java:393)
04-10 22:33:05.248  8613  8613 E LauncherProxyService: 	at android.app.ActivityThread.main(ActivityThread.java:9486)
04-10 22:33:05.248  8613  8613 E LauncherProxyService: 	at java.lang.reflect.Method.invoke(Native Method)
04-10 22:33:05.248  8613  8613 E LauncherProxyService: 	at com.android.internal.os.RuntimeInit$MethodAndArgsCaller.run(RuntimeInit.java:575)
04-10 22:33:05.248  8613  8613 E LauncherProxyService: 	at com.android.internal.os.ZygoteInit.main(ZygoteInit.java:939)
04-10 22:33:05.281 10805 10928 E ZeroStateWebSuggestDataLoader: Failed to fetch suggestions from AppSearch
04-10 22:33:05.281 10805 10928 E ZeroStateWebSuggestDataLoader: java.util.NoSuchElementException: No value present
04-10 22:33:05.281 10805 10928 E ZeroStateWebSuggestDataLoader: 	at java.util.Optional.get(Optional.java:143)
04-10 22:33:05.281 10805 10928 E ZeroStateWebSuggestDataLoader: 	at d6.j.onResult(go/retraceme 7226a759aa2bb3787a79806f85d80eaad84f1f1e15acd6db988f2df789d1680d:32)
04-10 22:33:05.281 10805 10928 E ZeroStateWebSuggestDataLoader: 	at android.app.appsearch.SearchSessionUtil$1.lambda$onResult$0(go/retraceme 50c746ee5c32f88f733077ebeb4008935661f54b3d9e8e373e734d129bb80b29:144)
04-10 22:33:05.281 10805 10928 E ZeroStateWebSuggestDataLoader: 	at android.app.appsearch.SearchSessionUtil$1.$r8$lambda$CEk3q8sDAQVhU3rQwVueB8FAj_M(go/retraceme 50c746ee5c32f88f733077ebeb4008935661f54b3d9e8e373e734d129bb80b29:1)
04-10 22:33:05.281 10805 10928 E ZeroStateWebSuggestDataLoader: 	at android.app.appsearch.SearchSessionUtil$1$$ExternalSyntheticLambda0.run(go/retraceme 50c746ee5c32f88f733077ebeb4008935661f54b3d9e8e373e734d129bb80b29:22)
04-10 22:33:05.281 10805 10928 E ZeroStateWebSuggestDataLoader: 	at android.os.Handler.handleCallback(Handler.java:1095)
04-10 22:33:05.281 10805 10928 E ZeroStateWebSuggestDataLoader: 	at android.os.Handler.dispatchMessageImpl(Handler.java:135)
04-10 22:33:05.281 10805 10928 E ZeroStateWebSuggestDataLoader: 	at android.os.Handler.dispatchMessage(Handler.java:125)
04-10 22:33:05.281 10805 10928 E ZeroStateWebSuggestDataLoader: 	at android.os.Looper.loopOnce(Looper.java:292)
04-10 22:33:05.281 10805 10928 E ZeroStateWebSuggestDataLoader: 	at android.os.Looper.loop(Looper.java:393)
04-10 22:33:05.281 10805 10928 E ZeroStateWebSuggestDataLoader: 	at android.os.HandlerThread.run(HandlerThread.java:139)
04-10 22:33:05.383 10805 10805 E RecyclerView: Cannot scroll to position a LayoutManager set. Call setLayoutManager with a non-null argument.
04-10 22:33:05.390 10805 10805 E RecyclerView: Cannot scroll to position a LayoutManager set. Call setLayoutManager with a non-null argument.
04-10 22:33:05.832  8613  8613 E TaskbarDelegate: checkNavBarModes() failed
04-10 22:33:05.832  8613  8613 E TaskbarDelegate: android.os.DeadObjectException
04-10 22:33:05.832  8613  8613 E TaskbarDelegate: 	at android.os.BinderProxy.transactNative(Native Method)
04-10 22:33:05.832  8613  8613 E TaskbarDelegate: 	at android.os.BinderProxy.transact(BinderProxy.java:617)
04-10 22:33:05.832  8613  8613 E TaskbarDelegate: 	at com.android.systemui.navigationbar.TaskbarDelegate.checkNavBarModes(go/retraceme 2b9555e93469c570fe1eba6e00ba55c641998f0b05ea4e8d6000e443e74ca7fc:29)
04-10 22:33:05.832  8613  8613 E TaskbarDelegate: 	at com.android.systemui.navigationbar.NavigationBarControllerImpl.checkNavBarModes(go/retraceme 2b9555e93469c570fe1eba6e00ba55c641998f0b05ea4e8d6000e443e74ca7fc:16)
04-10 22:33:05.832  8613  8613 E TaskbarDelegate: 	at com.android.systemui.statusbar.phone.CentralSurfacesImpl.checkBarModes$1(go/retraceme 2b9555e93469c570fe1eba6e00ba55c641998f0b05ea4e8d6000e443e74ca7fc:11)
04-10 22:33:05.832  8613  8613 E TaskbarDelegate: 	at com.android.systemui.statusbar.phone.CentralSurfacesImpl$$ExternalSyntheticLambda4.run(go/retraceme 2b9555e93469c570fe1eba6e00ba55c641998f0b05ea4e8d6000e443e74ca7fc:110)
04-10 22:33:05.832  8613  8613 E TaskbarDelegate: 	at android.os.Handler.handleCallback(Handler.java:1095)
04-10 22:33:05.832  8613  8613 E TaskbarDelegate: 	at android.os.Handler.dispatchMessageImpl(Handler.java:135)
04-10 22:33:05.832  8613  8613 E TaskbarDelegate: 	at android.os.Handler.dispatchMessage(Handler.java:125)
04-10 22:33:05.832  8613  8613 E TaskbarDelegate: 	at android.os.Looper.loopOnce(Looper.java:292)
04-10 22:33:05.832  8613  8613 E TaskbarDelegate: 	at android.os.Looper.loop(Looper.java:393)
04-10 22:33:05.832  8613  8613 E TaskbarDelegate: 	at android.app.ActivityThread.main(ActivityThread.java:9486)
04-10 22:33:05.832  8613  8613 E TaskbarDelegate: 	at java.lang.reflect.Method.invoke(Native Method)
04-10 22:33:05.832  8613  8613 E TaskbarDelegate: 	at com.android.internal.os.RuntimeInit$MethodAndArgsCaller.run(RuntimeInit.java:575)
04-10 22:33:05.832  8613  8613 E TaskbarDelegate: 	at com.android.internal.os.ZygoteInit.main(ZygoteInit.java:939)
04-10 22:33:06.136 10805 11229 E s.nexuslauncher: Invalid resource ID 0x00000000.
04-10 22:33:06.379  8613  8613 E LauncherProxyService: Failed to notify sysui state change
04-10 22:33:06.379  8613  8613 E LauncherProxyService: android.os.DeadObjectException
04-10 22:33:06.379  8613  8613 E LauncherProxyService: 	at android.os.BinderProxy.transactNative(Native Method)
04-10 22:33:06.379  8613  8613 E LauncherProxyService: 	at android.os.BinderProxy.transact(BinderProxy.java:617)
04-10 22:33:06.379  8613  8613 E LauncherProxyService: 	at com.android.systemui.LauncherProxyService.notifySystemUiStateFlags(go/retraceme 2b9555e93469c570fe1eba6e00ba55c641998f0b05ea4e8d6000e443e74ca7fc:29)
04-10 22:33:06.379  8613  8613 E LauncherProxyService: 	at com.android.systemui.LauncherProxyService$7.onSystemUiStateChanged(go/retraceme 2b9555e93469c570fe1eba6e00ba55c641998f0b05ea4e8d6000e443e74ca7fc:2)
04-10 22:33:06.379  8613  8613 E LauncherProxyService: 	at com.android.systemui.model.SysUiStateImpl.commitUpdate(go/retraceme 2b9555e93469c570fe1eba6e00ba55c641998f0b05ea4e8d6000e443e74ca7fc:104)
04-10 22:33:06.379  8613  8613 E LauncherProxyService: 	at com.android.systemui.LauncherProxyService$10.onStartedWakingUp(go/retraceme 2b9555e93469c570fe1eba6e00ba55c641998f0b05ea4e8d6000e443e74ca7fc:26)
04-10 22:33:06.379  8613  8613 E LauncherProxyService: 	at com.android.systemui.keyguard.WakefulnessLifecycle$$ExternalSyntheticLambda0.accept(go/retraceme 2b9555e93469c570fe1eba6e00ba55c641998f0b05ea4e8d6000e443e74ca7fc:23)
04-10 22:33:06.379  8613  8613 E LauncherProxyService: 	at com.android.systemui.keyguard.Lifecycle$$ExternalSyntheticLambda0.invoke(go/retraceme 2b9555e93469c570fe1eba6e00ba55c641998f0b05ea4e8d6000e443e74ca7fc:4)
04-10 22:33:06.379  8613  8613 E LauncherProxyService: 	at com.android.systemui.keyguard.Lifecycle.dispatch(go/retraceme 2b9555e93469c570fe1eba6e00ba55c641998f0b05ea4e8d6000e443e74ca7fc:66)
04-10 22:33:06.379  8613  8613 E LauncherProxyService: 	at com.android.systemui.keyguard.KeyguardLifecyclesDispatcher$KeyguardLifecycleHandler.handleMessage(go/retraceme 2b9555e93469c570fe1eba6e00ba55c641998f0b05ea4e8d6000e443e74ca7fc:228)
04-10 22:33:06.379  8613  8613 E LauncherProxyService: 	at android.os.Handler.dispatchMessageImpl(Handler.java:142)
04-10 22:33:06.379  8613  8613 E LauncherProxyService: 	at android.os.Handler.dispatchMessage(Handler.java:125)
04-10 22:33:06.379  8613  8613 E LauncherProxyService: 	at android.os.Looper.loopOnce(Looper.java:292)
04-10 22:33:06.379  8613  8613 E LauncherProxyService: 	at android.os.Looper.loop(Looper.java:393)
04-10 22:33:06.379  8613  8613 E LauncherProxyService: 	at android.app.ActivityThread.main(ActivityThread.java:9486)
04-10 22:33:06.379  8613  8613 E LauncherProxyService: 	at java.lang.reflect.Method.invoke(Native Method)
04-10 22:33:06.379  8613  8613 E LauncherProxyService: 	at com.android.internal.os.RuntimeInit$MethodAndArgsCaller.run(RuntimeInit.java:575)
04-10 22:33:06.379  8613  8613 E LauncherProxyService: 	at com.android.internal.os.ZygoteInit.main(ZygoteInit.java:939)
04-10 22:33:06.388  8613  8613 E LauncherProxyService: Failed to notify sysui state change
04-10 22:33:06.388  8613  8613 E LauncherProxyService: android.os.DeadObjectException
04-10 22:33:06.388  8613  8613 E LauncherProxyService: 	at android.os.BinderProxy.transactNative(Native Method)
04-10 22:33:06.388  8613  8613 E LauncherProxyService: 	at android.os.BinderProxy.transact(BinderProxy.java:617)
04-10 22:33:06.388  8613  8613 E LauncherProxyService: 	at com.android.systemui.LauncherProxyService.notifySystemUiStateFlags(go/retraceme 2b9555e93469c570fe1eba6e00ba55c641998f0b05ea4e8d6000e443e74ca7fc:29)
04-10 22:33:06.388  8613  8613 E LauncherProxyService: 	at com.android.systemui.LauncherProxyService$7.onSystemUiStateChanged(go/retraceme 2b9555e93469c570fe1eba6e00ba55c641998f0b05ea4e8d6000e443e74ca7fc:2)
04-10 22:33:06.388  8613  8613 E LauncherProxyService: 	at com.android.systemui.model.SysUiStateImpl.commitUpdate(go/retraceme 2b9555e93469c570fe1eba6e00ba55c641998f0b05ea4e8d6000e443e74ca7fc:104)
04-10 22:33:06.388  8613  8613 E LauncherProxyService: 	at com.android.systemui.LauncherProxyService$10.onFinishedWakingUp(go/retraceme 2b9555e93469c570fe1eba6e00ba55c641998f0b05ea4e8d6000e443e74ca7fc:27)
04-10 22:33:06.388  8613  8613 E LauncherProxyService: 	at com.android.systemui.keyguard.WakefulnessLifecycle$$ExternalSyntheticLambda0.accept(go/retraceme 2b9555e93469c570fe1eba6e00ba55c641998f0b05ea4e8d6000e443e74ca7fc:19)
04-10 22:33:06.388  8613  8613 E LauncherProxyService: 	at com.android.systemui.keyguard.Lifecycle$$ExternalSyntheticLambda0.invoke(go/retraceme 2b9555e93469c570fe1eba6e00ba55c641998f0b05ea4e8d6000e443e74ca7fc:4)
04-10 22:33:06.388  8613  8613 E LauncherProxyService: 	at com.android.systemui.keyguard.Lifecycle.dispatch(go/retraceme 2b9555e93469c570fe1eba6e00ba55c641998f0b05ea4e8d6000e443e74ca7fc:66)
04-10 22:33:06.388  8613  8613 E LauncherProxyService: 	at com.android.systemui.keyguard.KeyguardLifecyclesDispatcher$KeyguardLifecycleHandler.handleMessage(go/retraceme 2b9555e93469c570fe1eba6e00ba55c641998f0b05ea4e8d6000e443e74ca7fc:137)
04-10 22:33:06.388  8613  8613 E LauncherProxyService: 	at android.os.Handler.dispatchMessageImpl(Handler.java:142)
04-10 22:33:06.388  8613  8613 E LauncherProxyService: 	at android.os.Handler.dispatchMessage(Handler.java:125)
04-10 22:33:06.388  8613  8613 E LauncherProxyService: 	at android.os.Looper.loopOnce(Looper.java:292)
04-10 22:33:06.388  8613  8613 E LauncherProxyService: 	at android.os.Looper.loop(Looper.java:393)
04-10 22:33:06.388  8613  8613 E LauncherProxyService: 	at android.app.ActivityThread.main(ActivityThread.java:9486)
04-10 22:33:06.388  8613  8613 E LauncherProxyService: 	at java.lang.reflect.Method.invoke(Native Method)
04-10 22:33:06.388  8613  8613 E LauncherProxyService: 	at com.android.internal.os.RuntimeInit$MethodAndArgsCaller.run(RuntimeInit.java:575)
04-10 22:33:06.388  8613  8613 E LauncherProxyService: 	at com.android.internal.os.ZygoteInit.main(ZygoteInit.java:939)
04-10 22:33:06.555 10572 10989 E libbinder.IPCThreadState: Binder transaction failure. id: 276488, cmd: BR_DEAD_REPLY (29189), error: -22 (Invalid argument)
04-10 22:33:06.596 10572 10975 E WakeLock: GCM_CONN_ALARM ** IS FORCE-RELEASED ON TIMEOUT ** [CONTEXT service_id=259 ]
04-10 22:33:07.020   710   880 E InputDispatcher: channel '[Gesture Monitor] swipe-up' ~ Channel is unrecoverably broken and will be disposed!
04-10 22:33:07.072 10559 11038 E AiAiEcho: Reading elements from Geller failed with cause
04-10 22:33:07.072 10559 11038 E AiAiEcho: ilw: Code: UNKNOWN, Message: Geller data fetch is not enabled
04-10 22:33:07.072 10559 11038 E AiAiEcho: 	at imn.a(PG:17)
04-10 22:33:07.072 10559 11038 E AiAiEcho: 	at lhh.b(PG:20)
04-10 22:33:07.072 10559 11038 E AiAiEcho: 	at abge.g(PG:11)
04-10 22:33:07.072 10559 11038 E AiAiEcho: 	at kotlinx.coroutines.DispatchedTask.run(PG:112)
04-10 22:33:07.072 10559 11038 E AiAiEcho: 	at java.util.concurrent.Executors$RunnableAdapter.call(Executors.java:520)
04-10 22:33:07.072 10559 11038 E AiAiEcho: 	at xjo.a(PG:3)
04-10 22:33:07.072 10559 11038 E AiAiEcho: 	at xir.run(PG:19)
04-10 22:33:07.072 10559 11038 E AiAiEcho: 	at xjp.run(PG:5)
04-10 22:33:07.072 10559 11038 E AiAiEcho: 	at java.util.concurrent.Executors$RunnableAdapter.call(Executors.java:520)
04-10 22:33:07.072 10559 11038 E AiAiEcho: 	at java.util.concurrent.FutureTask.run(FutureTask.java:328)
04-10 22:33:07.072 10559 11038 E AiAiEcho: 	at java.util.concurrent.ScheduledThreadPoolExecutor$ScheduledFutureTask.run(ScheduledThreadPoolExecutor.java:323)
04-10 22:33:07.072 10559 11038 E AiAiEcho: 	at java.util.concurrent.ThreadPoolExecutor.runWorker(ThreadPoolExecutor.java:1100)
04-10 22:33:07.072 10559 11038 E AiAiEcho: 	at java.util.concurrent.ThreadPoolExecutor$Worker.run(ThreadPoolExecutor.java:624)
04-10 22:33:07.072 10559 11038 E AiAiEcho: 	at hxw.run(PG:221)
04-10 22:33:07.072 10559 11038 E AiAiEcho: 	at java.lang.Thread.run(Thread.java:1572)
04-10 22:33:07.081 10805 10927 E SystemUiProxy: getRecentTasks() failed due to null mRecentTasks
04-10 22:33:07.122 10572 10804 E UsageReportingOptionsSt: INTERNAL_ERROR: setOptInOption should not be called while user is locked. [CONTEXT service_id=41 ]
04-10 22:33:07.189 10805 10930 E ConsumerBase: [ImageReader-132x132f1u2816m2-10805-2] abandonLocked: ConsumerBase is abandoned!
04-10 22:33:07.240   710  1010 E ConsumerBase: [ImageReader-576x1024f1m1-710-1] abandonLocked: ConsumerBase is abandoned!
04-10 22:33:07.522 10770 10770 E AbstractOpenableExtension: AbstractOpenableExtension$1.onFailure():144 failed to parse keyboard group def : 2132213997 -> 0_resource_name_obfuscated. 
04-10 22:33:07.522 10770 10770 E AbstractOpenableExtension: java.util.concurrent.CancellationException: Task was cancelled.
04-10 22:33:07.522 10770 10770 E AbstractOpenableExtension: 	at ufk.i(PG:33)
04-10 22:33:07.522 10770 10770 E AbstractOpenableExtension: 	at ufs.r(PG:24)
04-10 22:33:07.522 10770 10770 E AbstractOpenableExtension: 	at ufk.get(PG:1)
04-10 22:33:07.522 10770 10770 E AbstractOpenableExtension: 	at a.n(PG:2)
04-10 22:33:07.522 10770 10770 E AbstractOpenableExtension: 	at uhk.run(PG:92)
04-10 22:33:07.522 10770 10770 E AbstractOpenableExtension: 	at ugs.execute(PG:1)
04-10 22:33:07.522 10770 10770 E AbstractOpenableExtension: 	at ufk.g(PG:1)
04-10 22:33:07.522 10770 10770 E AbstractOpenableExtension: 	at ufk.l(PG:101)
04-10 22:33:07.522 10770 10770 E AbstractOpenableExtension: 	at ufk.cancel(PG:52)
04-10 22:33:07.522 10770 10770 E AbstractOpenableExtension: 	at ufk.n(PG:17)
04-10 22:33:07.522 10770 10770 E AbstractOpenableExtension: 	at ufw.c(PG:3)
04-10 22:33:07.522 10770 10770 E AbstractOpenableExtension: 	at ufk.l(PG:30)
04-10 22:33:07.522 10770 10770 E AbstractOpenableExtension: 	at ufk.cancel(PG:52)
04-10 22:33:07.522 10770 10770 E AbstractOpenableExtension: 	at fsm.e(PG:64)
04-10 22:33:07.522 10770 10770 E AbstractOpenableExtension: 	at fsm.N(PG:4)
04-10 22:33:07.522 10770 10770 E AbstractOpenableExtension: 	at fsm.O(PG:1)
04-10 22:33:07.522 10770 10770 E AbstractOpenableExtension: 	at may.h(PG:33)
04-10 22:33:07.522 10770 10770 E AbstractOpenableExtension: 	at mwe.ag(PG:20)
04-10 22:33:07.522 10770 10770 E AbstractOpenableExtension: 	at ead.o(PG:247)
04-10 22:33:07.522 10770 10770 E AbstractOpenableExtension: 	at mvz.e(PG:3)
04-10 22:33:07.522 10770 10770 E AbstractOpenableExtension: 	at mtj.dx(PG:9)
04-10 22:33:07.522 10770 10770 E AbstractOpenableExtension: 	at nsh.run(PG:198)
04-10 22:33:07.522 10770 10770 E AbstractOpenableExtension: 	at ugs.execute(PG:1)
04-10 22:33:07.522 10770 10770 E AbstractOpenableExtension: 	at onf.c(PG:14)
04-10 22:33:07.522 10770 10770 E AbstractOpenableExtension: 	at nzd.l(PG:94)
04-10 22:33:07.522 10770 10770 E AbstractOpenableExtension: 	at nzd.j(PG:33)
04-10 22:33:07.522 10770 10770 E AbstractOpenableExtension: 	at oyp.b(PG:154)
04-10 22:33:07.522 10770 10770 E AbstractOpenableExtension: 	at uhk.run(PG:98)
04-10 22:33:07.522 10770 10770 E AbstractOpenableExtension: 	at android.os.Handler.handleCallback(Handler.java:1095)
04-10 22:33:07.522 10770 10770 E AbstractOpenableExtension: 	at android.os.Handler.dispatchMessageImpl(Handler.java:135)
04-10 22:33:07.522 10770 10770 E AbstractOpenableExtension: 	at android.os.Handler.dispatchMessage(Handler.java:125)
04-10 22:33:07.522 10770 10770 E AbstractOpenableExtension: 	at android.os.Looper.loopOnce(Looper.java:292)
04-10 22:33:07.522 10770 10770 E AbstractOpenableExtension: 	at android.os.Looper.loop(Looper.java:393)
04-10 22:33:07.522 10770 10770 E AbstractOpenableExtension: 	at android.app.ActivityThread.main(ActivityThread.java:9486)
04-10 22:33:07.522 10770 10770 E AbstractOpenableExtension: 	at java.lang.reflect.Method.invoke(Native Method)
04-10 22:33:07.522 10770 10770 E AbstractOpenableExtension: 	at com.android.internal.os.RuntimeInit$MethodAndArgsCaller.run(RuntimeInit.java:575)
04-10 22:33:07.522 10770 10770 E AbstractOpenableExtension: 	at com.android.internal.os.ZygoteInit.main(ZygoteInit.java:939)
04-10 22:33:07.635 10770 10770 E GoogleInputMethodService: GoogleInputMethodService.getAppEditorInfo():1891 App EditorInfo should never be null.
04-10 22:33:08.255 10572 10877 E libbinder.IPCThreadState: Binder transaction failure. id: 278982, cmd: BR_DEAD_REPLY (29189), error: -22 (Invalid argument)
04-10 22:33:08.602 10770 11125 E MDDTaskScheduler: MDDTaskScheduler.scheduleDownload():191 work Data {charging : false, mdd_task_tag : download, network : false} scheduled
04-10 22:33:08.764 10770 10946 E HandwritingSuperpacksUtil: HandwritingSuperpacksUtil.getPackMappingPackName():42 No pack mapping pack found in []
04-10 22:33:08.792 10770 11099 E EmojiSlicingStrategy: EmojiSlicingStrategy.getSlices():88 getSlices() : Received null or empty userEnabledLocales.
04-10 22:33:08.793 10770 11099 E EmojiSlicingStrategy: EmojiSlicingStrategy.getSlices():88 getSlices() : Received null or empty userEnabledLocales.
04-10 22:33:08.824 10572 11274 E CastAuth: [CastAuthModuleInitIntent] Feature is not available, reason = CastAuth feature is disabled on this 1p device.. [CONTEXT service_id=360 ]
04-10 22:33:08.896 10572 11338 E ctxmgr  : [FencePendingIntentCache]Expected to find a PendingIntent for pendingIntentKey=fd1bdbb3-7f1a-403a-89ad-574c57897a49 [CONTEXT service_id=47 ]
04-10 22:33:08.897 10572 11338 E ctxmgr  : [FencePendingIntentCache]Expected to find a PendingIntent for pendingIntentKey=921bafc8-c838-4f03-9d39-cc6565dfd9ac [CONTEXT service_id=47 ]
04-10 22:33:09.096 10805 10927 E ConsumerBase: [ImageReader-26x26f1u2816m2-10805-3] abandonLocked: ConsumerBase is abandoned!
04-10 22:33:09.183 10992 11361 E ActivityThread: Failed to find provider info for androidx.car.app.connection
04-10 22:33:09.327  8613  8613 E LauncherProxyService: Failed to get launcher proxy for system bar attr change.
04-10 22:33:09.354  8613  8613 E LauncherProxyService: Failed to get launcher proxy for system bar attr change.
04-10 22:33:10.334 11107 11300 E PhenotypeFlagCommitter: Retrieving snapshot for com.google.android.partnersetup#com.google.android.partnersetup failed
04-10 22:33:10.334 11107 11300 E PhenotypeFlagCommitter: java.util.concurrent.TimeoutException: Timed out waiting for Task
04-10 22:33:10.334 11107 11300 E PhenotypeFlagCommitter: 	at ho.g(PG:95)
04-10 22:33:10.334 11107 11300 E PhenotypeFlagCommitter: 	at ho.i(PG:9)
04-10 22:33:10.334 11107 11300 E PhenotypeFlagCommitter: 	at ho.h(PG:28)
04-10 22:33:10.334 11107 11300 E PhenotypeFlagCommitter: 	at ahd.run(PG:58)
04-10 22:33:10.334 11107 11300 E PhenotypeFlagCommitter: 	at java.util.concurrent.Executors$RunnableAdapter.call(Executors.java:520)
04-10 22:33:10.334 11107 11300 E PhenotypeFlagCommitter: 	at aws.a(PG:3)
04-10 22:33:10.334 11107 11300 E PhenotypeFlagCommitter: 	at avx.run(PG:19)
04-10 22:33:10.334 11107 11300 E PhenotypeFlagCommitter: 	at awt.run(PG:5)
04-10 22:33:10.334 11107 11300 E PhenotypeFlagCommitter: 	at java.util.concurrent.ThreadPoolExecutor.runWorker(ThreadPoolExecutor.java:1100)
04-10 22:33:10.334 11107 11300 E PhenotypeFlagCommitter: 	at java.util.concurrent.ThreadPoolExecutor$Worker.run(ThreadPoolExecutor.java:624)
04-10 22:33:10.334 11107 11300 E PhenotypeFlagCommitter: 	at eu.run(PG:690)
04-10 22:33:10.334 11107 11300 E PhenotypeFlagCommitter: 	at java.lang.Thread.run(Thread.java:1572)
04-10 22:33:10.334 11107 11300 E PhenotypeFlagCommitter: 	at om.run(PG:58)
04-10 22:33:10.708 10572 10871 E CCTFlatFileLogStore: Failed to get boot count.
04-10 22:33:10.708 10572 10871 E CCTFlatFileLogStore: java.util.concurrent.TimeoutException: Timed out waiting for Task
04-10 22:33:10.708 10572 10871 E CCTFlatFileLogStore: 	at flbi.o(:com.google.android.gms@261133038@26.11.33 (260800-887465546):53)
04-10 22:33:10.708 10572 10871 E CCTFlatFileLogStore: 	at bgcm.v(:com.google.android.gms@261133038@26.11.33 (260800-887465546):21)
04-10 22:33:10.708 10572 10871 E CCTFlatFileLogStore: 	at bfwq.run(:com.google.android.gms@261133038@26.11.33 (260800-887465546):14)
04-10 22:33:10.708 10572 10871 E CCTFlatFileLogStore: 	at bikh.c(:com.google.android.gms@261133038@26.11.33 (260800-887465546):50)
04-10 22:33:10.708 10572 10871 E CCTFlatFileLogStore: 	at bikh.run(:com.google.android.gms@261133038@26.11.33 (260800-887465546):92)
04-10 22:33:10.708 10572 10871 E CCTFlatFileLogStore: 	at java.util.concurrent.ThreadPoolExecutor.runWorker(ThreadPoolExecutor.java:1100)
04-10 22:33:10.708 10572 10871 E CCTFlatFileLogStore: 	at java.util.concurrent.ThreadPoolExecutor$Worker.run(ThreadPoolExecutor.java:624)
04-10 22:33:10.708 10572 10871 E CCTFlatFileLogStore: 	at bipy.run(:com.google.android.gms@261133038@26.11.33 (260800-887465546):8)
04-10 22:33:10.708 10572 10871 E CCTFlatFileLogStore: 	at java.lang.Thread.run(Thread.java:1572)
04-10 22:33:11.010 10770 10963 E HandwritingSuperpacksUtil: HandwritingSuperpacksUtil.getPackMappingPackName():42 No pack mapping pack found in []
04-10 22:33:11.107   710  1454 E libbinder.IPCThreadState: binder thread pool (31 threads) starved for 1041 ms
04-10 22:33:11.120   710   880 E InputDispatcher: channel '[Gesture Monitor] swipe-up' ~ Channel is unrecoverably broken and will be disposed!
04-10 22:33:11.231 10992 11094 E Finsky  : [54] [Counters] attempted to use a non-positive increment for: 5969
04-10 22:33:11.363   710  1849 E TaskPersister: File error accessing recents directory (directory doesn't exist?).
04-10 22:33:11.812 10805 10930 E ConsumerBase: [ImageReader-132x132f1u2816m2-10805-4] abandonLocked: ConsumerBase is abandoned!
04-10 22:33:12.144 10572 11277 E WorkSourceUtil: Could not find package: com.google.android.gms.westworld
04-10 22:33:12.293 10572 10938 E AbstractGmsTracer: Traced class shouldn't be obfuscated: dnoo [CONTEXT service_id=259 ]
04-10 22:33:12.476 10572 10876 E libbinder.IPCThreadState: Binder transaction failure. id: 282684, cmd: BR_DEAD_REPLY (29189), error: -22 (Invalid argument)
04-10 22:33:12.485 10572 10877 E libbinder.IPCThreadState: Binder transaction failure. id: 282646, cmd: BR_DEAD_REPLY (29189), error: -22 (Invalid argument)
04-10 22:33:12.624 11142 11352 E Finsky:background: [55] [Counters] attempted to use a non-positive increment for: 5114
04-10 22:33:12.624 11142 11352 E Finsky:background: [55] [Counters] attempted to use a non-positive increment for: 5129
04-10 22:33:12.624 11142 11352 E Finsky:background: [55] [Counters] attempted to use a non-positive increment for: 5115
04-10 22:33:12.624 11142 11352 E Finsky:background: [55] [Counters] attempted to use a non-positive increment for: 5119
04-10 22:33:12.819 10805 10930 E Launcher.Model: Loader task completed, name: [addCallbacksAndLoad], mIsCommitted=true
04-10 22:33:12.948   710  1168 E JobScheduler.JobStatus: App com.google.android.inputmethod.latin became active but still in NEVER bucket
04-10 22:33:12.953   710   710 E libbinder.IPCThreadState: Binder transaction failure. id: 283430, cmd: BR_DEAD_REPLY (29189), error: -22 (Invalid argument)
04-10 22:33:13.023   710   880 E InputDispatcher: channel 'stylus-handwriting-event-receiver-0' ~ Channel is unrecoverably broken and will be disposed!
04-10 22:33:13.647 10572 10876 E libbinder.IPCThreadState: Binder transaction failure. id: 283987, cmd: BR_DEAD_REPLY (29189), error: -22 (Invalid argument)
04-10 22:33:13.941 11367 11628 E PhotosApiClient: Execution exception occurred: java.util.concurrent.ExecutionException: io.grpc.StatusRuntimeException: UNIMPLEMENTED: bindService(Intent { act=grpc.io.action.BIND xflg=0x4 cmp=com.google.android.apps.photos/.curatedwallpapers.apiservice.PhotosCuratedWallpapersApiService }) returned false
04-10 22:33:14.214 11375 11411 E DatabaseUtils: Writing exception to parcel
04-10 22:33:14.214 11375 11411 E DatabaseUtils: java.lang.UnsupportedOperationException
04-10 22:33:14.214 11375 11411 E DatabaseUtils: 	at com.google.android.apps.gsa.staticplugins.publiccontent.GsaPublicContentProvider.query(PG:480)
04-10 22:33:14.214 11375 11411 E DatabaseUtils: 	at android.content.ContentProvider.query(ContentProvider.java:1670)
04-10 22:33:14.214 11375 11411 E DatabaseUtils: 	at android.content.ContentProvider.query(ContentProvider.java:1766)
04-10 22:33:14.214 11375 11411 E DatabaseUtils: 	at android.content.ContentProvider$Transport.query(ContentProvider.java:304)
04-10 22:33:14.214 11375 11411 E DatabaseUtils: 	at android.content.ContentProviderNative.onTransact(ContentProviderNative.java:109)
04-10 22:33:14.214 11375 11411 E DatabaseUtils: 	at android.os.Binder.execTransactInternal(Binder.java:1466)
04-10 22:33:14.214 11375 11411 E DatabaseUtils: 	at android.os.Binder.execTransact(Binder.java:1411)
04-10 22:33:14.227 10805 11187 E DoodleDataLoader: Error fetching doodle
04-10 22:33:14.227 10805 11187 E DoodleDataLoader: java.lang.UnsupportedOperationException
04-10 22:33:14.227 10805 11187 E DoodleDataLoader: 	at android.database.DatabaseUtils.readExceptionFromParcel(DatabaseUtils.java:209)
04-10 22:33:14.227 10805 11187 E DoodleDataLoader: 	at android.database.DatabaseUtils.readExceptionFromParcel(DatabaseUtils.java:177)
04-10 22:33:14.227 10805 11187 E DoodleDataLoader: 	at android.content.ContentProviderProxy.query(ContentProviderNative.java:497)
04-10 22:33:14.227 10805 11187 E DoodleDataLoader: 	at android.content.ContentProviderClient.lambda$query$1(ContentProviderClient.java:330)
04-10 22:33:14.227 10805 11187 E DoodleDataLoader: 	at android.content.ContentProviderClient.$r8$lambda$30ruSb8khJgOcMU3BAg6NHb0qXI(ContentProviderClient.java:0)
04-10 22:33:14.227 10805 11187 E DoodleDataLoader: 	at android.content.ContentProviderClient$$ExternalSyntheticLambda5.apply(D8$$SyntheticClass:0)
04-10 22:33:14.227 10805 11187 E DoodleDataLoader: 	at android.content.ContentProviderClient.execute(ContentProviderClient.java:732)
04-10 22:33:14.227 10805 11187 E DoodleDataLoader: 	at android.content.ContentProviderClient.query(ContentProviderClient.java:329)
04-10 22:33:14.227 10805 11187 E DoodleDataLoader: 	at android.content.ContentProviderClient.query(ContentProviderClient.java:320)
04-10 22:33:14.227 10805 11187 E DoodleDataLoader: 	at android.content.ContentProviderClient.query(ContentProviderClient.java:310)
04-10 22:33:14.227 10805 11187 E DoodleDataLoader: 	at l6.d.d(go/retraceme 7226a759aa2bb3787a79806f85d80eaad84f1f1e15acd6db988f2df789d1680d:23)
04-10 22:33:14.227 10805 11187 E DoodleDataLoader: 	at l6.g.run(go/retraceme 7226a759aa2bb3787a79806f85d80eaad84f1f1e15acd6db988f2df789d1680d:2)
04-10 22:33:14.227 10805 11187 E DoodleDataLoader: 	at android.os.Handler.handleCallback(Handler.java:1095)
04-10 22:33:14.227 10805 11187 E DoodleDataLoader: 	at android.os.Handler.dispatchMessageImpl(Handler.java:135)
04-10 22:33:14.227 10805 11187 E DoodleDataLoader: 	at android.os.Handler.dispatchMessage(Handler.java:125)
04-10 22:33:14.227 10805 11187 E DoodleDataLoader: 	at android.os.Looper.loopOnce(Looper.java:292)
04-10 22:33:14.227 10805 11187 E DoodleDataLoader: 	at android.os.Looper.loop(Looper.java:393)
04-10 22:33:14.227 10805 11187 E DoodleDataLoader: 	at android.os.HandlerThread.run(HandlerThread.java:139)
04-10 22:33:15.172   710   919 E WifiChipAidlImpl: getUsableChannels failed with service-specific exception: android.os.ServiceSpecificException:  (code 4)
04-10 22:33:16.826 11547 11547 E LibraryModuleRegistry: LibraryModuleRegistry.register():48 Module mobilebert_classifier_android_jni has already been registered to integrated_shared_object
04-10 22:33:21.123  8613  8613 E DateSmartspaceView: No tap action can be set up
04-10 22:33:21.746  8613  8613 E DateSmartspaceView: No tap action can be set up
04-10 22:33:22.644 11547 11795 E EmojiSlicingStrategy: EmojiSlicingStrategy.getSlices():88 getSlices() : Received null or empty userEnabledLocales.
04-10 22:33:22.647 11547 11795 E EmojiSlicingStrategy: EmojiSlicingStrategy.getSlices():88 getSlices() : Received null or empty userEnabledLocales.
04-10 22:33:23.630 11363 11623 E FenceManagerImpl: <DWB> Failed to query lost fences
04-10 22:33:23.630 11363 11623 E FenceManagerImpl: FenceOperationException(errorCode=TIMEOUT_ERROR, gmsCoreApiException=null, gmsCoreApiAvailabilityException=null, cause=oic: Timed out (timeout delayed by 210 ms after scheduled time): kud@b70399f[status=PENDING, info=[kfi@512aec]])
04-10 22:33:23.630 11363 11623 E FenceManagerImpl: 	at giy.b(PG:1398)
04-10 22:33:23.630 11363 11623 E FenceManagerImpl: 	at quq.p(PG:11)
04-10 22:33:23.630 11363 11623 E FenceManagerImpl: 	at rah.run(PG:99)
04-10 22:33:23.630 11363 11623 E FenceManagerImpl: 	at lli.run(PG:36)
04-10 22:33:23.630 11363 11623 E FenceManagerImpl: 	at kpo.run(PG:7)
04-10 22:33:23.630 11363 11623 E FenceManagerImpl: 	at odi.run(PG:44)
04-10 22:33:23.630 11363 11623 E FenceManagerImpl: 	at bm.run(PG:389)
04-10 22:33:23.630 11363 11623 E FenceManagerImpl: 	at java.lang.Thread.run(Thread.java:1572)
04-10 22:33:23.630 11363 11623 E FenceManagerImpl: 	at kra.run(PG:61)
04-10 22:33:23.630 11363 11623 E FenceManagerImpl: Caused by: oic: Timed out (timeout delayed by 210 ms after scheduled time): kud@b70399f[status=PENDING, info=[kfi@512aec]]
04-10 22:33:24.585 11363 11589 E AndroidFutures: Timeout exceeded waiting on crashApplicationOnFailure future. Waited 3000 MILLISECONDS. Allowing future oid@d4215df[status=PENDING, info=[inputFuture=[rge@aec4fd2[status=PENDING, delegate=[ohz@55c28a3[status=PENDING]]]], remaining delay=[115520 ms]]] to continue anyway.
04-10 22:33:24.585 11363 11589 E AndroidFutures: nlt: 
04-10 22:33:24.585 11363 11589 E AndroidFutures: 	at tk_trace.handleBroadcast(Unknown Source:0)
04-10 22:33:24.585 11363 11589 E AndroidFutures: 	at tk_trace.Broadcast to com.google.android.apps.wellbeing.common.receiver.coalescedreceivers.ContextManagerRestartedCoalescedBroadcast_Receiver com.google.com.android.gms.contextmanager.CONTEXT_MANAGER_RESTARTED(Unknown Source:0)
04-10 22:33:24.687 11410 11410 E tflite  : third_party/tensorflow/lite/core/subgraph.cc:1083 tensor.data.raw != nullptr was not true.
04-10 22:33:24.778   710  1454 E libbinder.IPCThreadState: binder thread pool (31 threads) starved for 2244 ms
04-10 22:33:25.148 11410 11410 E native  : E0000 00:00:1775840605.147964   11410 re2.cc:250] Error parsing '^|[^\p{Letter}\\]': invalid character class range: \p{Letter}
04-10 22:33:25.148 11410 11410 E native  : E0000 00:00:1775840605.148090   11410 replacement_rule.cc:40] Invalid context regexp: invalid character class range: \p{Letter}
04-10 22:33:25.149 11410 11410 E native  : E0000 00:00:1775840605.148153   11410 replacement_rule.cc:151] Error creating replacement rule.
04-10 22:33:25.149 11410 11410 E native  : E0000 00:00:1775840605.149308   11410 regexp_rewriter.cc:34] Error creating rule MessageLite at 0x771261c4b970.
04-10 22:33:25.496   710   859 E JobScheduler.JobStatus: App com.google.android.inputmethod.latin became active but still in NEVER bucket
04-10 22:33:25.651   710   859 E JobScheduler.JobStatus: App com.google.android.inputmethod.latin became active but still in NEVER bucket
04-10 22:33:25.693   710   859 E JobScheduler.JobStatus: App com.google.android.inputmethod.latin became active but still in NEVER bucket
04-10 22:33:25.758   710   859 E JobScheduler.JobStatus: App com.google.android.inputmethod.latin became active but still in NEVER bucket
04-10 22:33:25.759   710   859 E JobScheduler.JobStatus: App com.google.android.inputmethod.latin became active but still in NEVER bucket
04-10 22:33:26.368 11367 11600 E BackdropCategoryClient: Unable to fetch Backdrop wallpapers for the collection ID: solidcolors
04-10 22:33:26.374 11367 11600 E BackdropCategoryClient: Unable to fetch Backdrop wallpapers for the collection ID: geometric_shapes
04-10 22:33:26.382 11367 11600 E BackdropCategoryClient: Unable to fetch Backdrop wallpapers for the collection ID: underwater
04-10 22:33:27.566 11547 11547 E GoogleInputMethodService: GoogleInputMethodService.getAppEditorInfo():1891 App EditorInfo should never be null.
04-10 22:33:27.735   710   710 E JobScheduler.JobStatus: App com.google.android.inputmethod.latin became active but still in NEVER bucket
04-10 22:33:29.388 10992 11131 E Finsky  : [57] [EExp] Failed to export experiments for package com.google.android.finsky.stable.
04-10 22:33:29.388 10992 11131 E Finsky  : java.util.concurrent.TimeoutException: Waited 10000 milliseconds (plus 6 milliseconds, 74159 nanoseconds delay) for blsh@dc7c98b[status=PENDING, setFuture=[bloq@9fb5a68[status=PENDING, info=[inputFuture=[bfhp@a015e81[status=PENDING, info=[beeh@626bb26]]], exceptionType=[class com.google.android.gms.common.api.ApiException], fallback=[azfl@e77367]]]]]
04-10 22:33:29.388 10992 11131 E Finsky  : 	at blph.s(PG:365)
04-10 22:33:29.388 10992 11131 E Finsky  : 	at bloz.get(PG:6)
04-10 22:33:29.388 10992 11131 E Finsky  : 	at ajgu.i(PG:151)
04-10 22:33:29.388 10992 11131 E Finsky  : 	at ajgu.h(PG:19)
04-10 22:33:29.388 10992 11131 E Finsky  : 	at ajgu.doInBackground(PG:164)
04-10 22:33:29.388 10992 11131 E Finsky  : 	at ajgw.f(PG:4)
04-10 22:33:29.388 10992 11131 E Finsky  : 	at ajgx.call(PG:3)
04-10 22:33:29.388 10992 11131 E Finsky  : 	at blsg.a(PG:3)
04-10 22:33:29.388 10992 11131 E Finsky  : 	at blrl.run(PG:19)
04-10 22:33:29.388 10992 11131 E Finsky  : 	at blsh.run(PG:5)
04-10 22:33:29.388 10992 11131 E Finsky  : 	at blry.run(PG:3)
04-10 22:33:29.388 10992 11131 E Finsky  : 	at blrz.run(PG:64)
04-10 22:33:29.388 10992 11131 E Finsky  : 	at java.util.concurrent.ThreadPoolExecutor.runWorker(ThreadPoolExecutor.java:1100)
04-10 22:33:29.388 10992 11131 E Finsky  : 	at java.util.concurrent.ThreadPoolExecutor$Worker.run(ThreadPoolExecutor.java:624)
04-10 22:33:29.388 10992 11131 E Finsky  : 	at bmrl.run(PG:57)
04-10 22:33:29.388 10992 11131 E Finsky  : 	at java.lang.Thread.run(Thread.java:1572)
04-10 22:33:33.012   710  1197 E libbinder.IPCThreadState: binder thread pool (31 threads) starved for 1289 ms
04-10 22:33:33.156   710   710 E libbinder.IPCThreadState: Binder transaction failure. id: 292931, cmd: BR_DEAD_REPLY (29189), error: -22 (Invalid argument)
04-10 22:33:33.697   710   844 E AppOps  : Bad call made by uid 1000. Package "com.google.android.googlequicksearchbox" does not belong to uid 1000.
04-10 22:33:33.724   288   295 E lowmemorykiller: process_mrelease 11367 failed: No such process
04-10 22:33:33.815 10572 10876 E libbinder.IPCThreadState: Binder transaction failure. id: 293396, cmd: BR_DEAD_REPLY (29189), error: -22 (Invalid argument)
04-10 22:33:33.955   710  1766 E AppOps  : Bad call made by uid 1000. Package "com.google.android.googlequicksearchbox" does not belong to uid 1000.
04-10 22:33:33.957 10572 10876 E libbinder.IPCThreadState: Binder transaction failure. id: 293608, cmd: BR_DEAD_REPLY (29189), error: -22 (Invalid argument)
04-10 22:33:34.132 11547 11547 E AbstractOpenableExtension: AbstractOpenableExtension$1.onFailure():144 failed to parse keyboard group def : 2132213997 -> 0_resource_name_obfuscated. 
04-10 22:33:34.132 11547 11547 E AbstractOpenableExtension: java.util.concurrent.CancellationException: Task was cancelled.
04-10 22:33:34.132 11547 11547 E AbstractOpenableExtension: 	at ufk.i(PG:33)
04-10 22:33:34.132 11547 11547 E AbstractOpenableExtension: 	at ufs.r(PG:24)
04-10 22:33:34.132 11547 11547 E AbstractOpenableExtension: 	at ufk.get(PG:1)
04-10 22:33:34.132 11547 11547 E AbstractOpenableExtension: 	at a.n(PG:2)
04-10 22:33:34.132 11547 11547 E AbstractOpenableExtension: 	at uhk.run(PG:92)
04-10 22:33:34.132 11547 11547 E AbstractOpenableExtension: 	at ugs.execute(PG:1)
04-10 22:33:34.132 11547 11547 E AbstractOpenableExtension: 	at ufk.g(PG:1)
04-10 22:33:34.132 11547 11547 E AbstractOpenableExtension: 	at ufk.l(PG:101)
04-10 22:33:34.132 11547 11547 E AbstractOpenableExtension: 	at ufk.cancel(PG:52)
04-10 22:33:34.132 11547 11547 E AbstractOpenableExtension: 	at ufk.n(PG:17)
04-10 22:33:34.132 11547 11547 E AbstractOpenableExtension: 	at ufw.c(PG:3)
04-10 22:33:34.132 11547 11547 E AbstractOpenableExtension: 	at ufk.l(PG:30)
04-10 22:33:34.132 11547 11547 E AbstractOpenableExtension: 	at ufk.cancel(PG:52)
04-10 22:33:34.132 11547 11547 E AbstractOpenableExtension: 	at fsm.e(PG:64)
04-10 22:33:34.132 11547 11547 E AbstractOpenableExtension: 	at fsm.N(PG:4)
04-10 22:33:34.132 11547 11547 E AbstractOpenableExtension: 	at fsm.O(PG:1)
04-10 22:33:34.132 11547 11547 E AbstractOpenableExtension: 	at may.h(PG:33)
04-10 22:33:34.132 11547 11547 E AbstractOpenableExtension: 	at mwe.ag(PG:20)
04-10 22:33:34.132 11547 11547 E AbstractOpenableExtension: 	at ead.o(PG:247)
04-10 22:33:34.132 11547 11547 E AbstractOpenableExtension: 	at mvz.e(PG:3)
04-10 22:33:34.132 11547 11547 E AbstractOpenableExtension: 	at mtj.dx(PG:9)
04-10 22:33:34.132 11547 11547 E AbstractOpenableExtension: 	at nsh.run(PG:198)
04-10 22:33:34.132 11547 11547 E AbstractOpenableExtension: 	at ugs.execute(PG:1)
04-10 22:33:34.132 11547 11547 E AbstractOpenableExtension: 	at onf.c(PG:14)
04-10 22:33:34.132 11547 11547 E AbstractOpenableExtension: 	at nzd.l(PG:94)
04-10 22:33:34.132 11547 11547 E AbstractOpenableExtension: 	at nzd.j(PG:33)
04-10 22:33:34.132 11547 11547 E AbstractOpenableExtension: 	at oyp.b(PG:154)
04-10 22:33:34.132 11547 11547 E AbstractOpenableExtension: 	at uhk.run(PG:98)
04-10 22:33:34.132 11547 11547 E AbstractOpenableExtension: 	at android.os.Handler.handleCallback(Handler.java:1095)
04-10 22:33:34.132 11547 11547 E AbstractOpenableExtension: 	at android.os.Handler.dispatchMessageImpl(Handler.java:135)
04-10 22:33:34.132 11547 11547 E AbstractOpenableExtension: 	at android.os.Handler.dispatchMessage(Handler.java:125)
04-10 22:33:34.132 11547 11547 E AbstractOpenableExtension: 	at android.os.Looper.loopOnce(Looper.java:292)
04-10 22:33:34.132 11547 11547 E AbstractOpenableExtension: 	at android.os.Looper.loop(Looper.java:393)
04-10 22:33:34.132 11547 11547 E AbstractOpenableExtension: 	at android.app.ActivityThread.main(ActivityThread.java:9486)
04-10 22:33:34.132 11547 11547 E AbstractOpenableExtension: 	at java.lang.reflect.Method.invoke(Native Method)
04-10 22:33:34.132 11547 11547 E AbstractOpenableExtension: 	at com.android.internal.os.RuntimeInit$MethodAndArgsCaller.run(RuntimeInit.java:575)
04-10 22:33:34.132 11547 11547 E AbstractOpenableExtension: 	at com.android.internal.os.ZygoteInit.main(ZygoteInit.java:939)
04-10 22:33:34.134 11547 11547 E AbstractOpenableExtension: AbstractOpenableExtension$1.onFailure():144 failed to parse keyboard group def : 2132213998 -> 0_resource_name_obfuscated. 
04-10 22:33:34.134 11547 11547 E AbstractOpenableExtension: java.util.concurrent.CancellationException: Task was cancelled.
04-10 22:33:34.134 11547 11547 E AbstractOpenableExtension: 	at ufk.i(PG:33)
04-10 22:33:34.134 11547 11547 E AbstractOpenableExtension: 	at ufs.r(PG:24)
04-10 22:33:34.134 11547 11547 E AbstractOpenableExtension: 	at ufk.get(PG:1)
04-10 22:33:34.134 11547 11547 E AbstractOpenableExtension: 	at a.n(PG:2)
04-10 22:33:34.134 11547 11547 E AbstractOpenableExtension: 	at uhk.run(PG:92)
04-10 22:33:34.134 11547 11547 E AbstractOpenableExtension: 	at ugs.execute(PG:1)
04-10 22:33:34.134 11547 11547 E AbstractOpenableExtension: 	at ufk.g(PG:1)
04-10 22:33:34.134 11547 11547 E AbstractOpenableExtension: 	at ufk.l(PG:101)
04-10 22:33:34.134 11547 11547 E AbstractOpenableExtension: 	at ufk.cancel(PG:52)
04-10 22:33:34.134 11547 11547 E AbstractOpenableExtension: 	at ufk.n(PG:17)
04-10 22:33:34.134 11547 11547 E AbstractOpenableExtension: 	at ufw.c(PG:3)
04-10 22:33:34.134 11547 11547 E AbstractOpenableExtension: 	at ufk.l(PG:30)
04-10 22:33:34.134 11547 11547 E AbstractOpenableExtension: 	at ufk.cancel(PG:52)
04-10 22:33:34.134 11547 11547 E AbstractOpenableExtension: 	at fsm.e(PG:64)
04-10 22:33:34.134 11547 11547 E AbstractOpenableExtension: 	at fsm.N(PG:4)
04-10 22:33:34.134 11547 11547 E AbstractOpenableExtension: 	at fsm.O(PG:1)
04-10 22:33:34.134 11547 11547 E AbstractOpenableExtension: 	at may.h(PG:33)
04-10 22:33:34.134 11547 11547 E AbstractOpenableExtension: 	at mwe.ag(PG:20)
04-10 22:33:34.134 11547 11547 E AbstractOpenableExtension: 	at ead.o(PG:247)
04-10 22:33:34.134 11547 11547 E AbstractOpenableExtension: 	at mvz.e(PG:3)
04-10 22:33:34.134 11547 11547 E AbstractOpenableExtension: 	at mtj.dx(PG:9)
04-10 22:33:34.134 11547 11547 E AbstractOpenableExtension: 	at nsh.run(PG:198)
04-10 22:33:34.134 11547 11547 E AbstractOpenableExtension: 	at ugs.execute(PG:1)
04-10 22:33:34.134 11547 11547 E AbstractOpenableExtension: 	at onf.c(PG:14)
04-10 22:33:34.134 11547 11547 E AbstractOpenableExtension: 	at nzd.l(PG:94)
04-10 22:33:34.134 11547 11547 E AbstractOpenableExtension: 	at nzd.j(PG:33)
04-10 22:33:34.134 11547 11547 E AbstractOpenableExtension: 	at oyp.b(PG:154)
04-10 22:33:34.134 11547 11547 E AbstractOpenableExtension: 	at uhk.run(PG:98)
04-10 22:33:34.134 11547 11547 E AbstractOpenableExtension: 	at android.os.Handler.handleCallback(Handler.java:1095)
04-10 22:33:34.134 11547 11547 E AbstractOpenableExtension: 	at android.os.Handler.dispatchMessageImpl(Handler.java:135)
04-10 22:33:34.134 11547 11547 E AbstractOpenableExtension: 	at android.os.Handler.dispatchMessage(Handler.java:125)
04-10 22:33:34.134 11547 11547 E AbstractOpenableExtension: 	at android.os.Looper.loopOnce(Looper.java:292)
04-10 22:33:34.134 11547 11547 E AbstractOpenableExtension: 	at android.os.Looper.loop(Looper.java:393)
04-10 22:33:34.134 11547 11547 E AbstractOpenableExtension: 	at android.app.ActivityThread.main(ActivityThread.java:9486)
04-10 22:33:34.134 11547 11547 E AbstractOpenableExtension: 	at java.lang.reflect.Method.invoke(Native Method)
04-10 22:33:34.134 11547 11547 E AbstractOpenableExtension: 	at com.android.internal.os.RuntimeInit$MethodAndArgsCaller.run(RuntimeInit.java:575)
04-10 22:33:34.134 11547 11547 E AbstractOpenableExtension: 	at com.android.internal.os.ZygoteInit.main(ZygoteInit.java:939)
04-10 22:33:34.217 10572 10929 E libbinder.IPCThreadState: Binder transaction failure. id: 293998, cmd: BR_DEAD_REPLY (29189), error: -22 (Invalid argument)
04-10 22:33:34.219 10572 10929 E libbinder.IPCThreadState: Binder transaction failure. id: 294002, cmd: BR_DEAD_REPLY (29189), error: -22 (Invalid argument)
04-10 22:33:34.223 10572 10877 E libbinder.IPCThreadState: Binder transaction failure. id: 294006, cmd: BR_DEAD_REPLY (29189), error: -22 (Invalid argument)
04-10 22:33:34.245 10572 10877 E libbinder.IPCThreadState: Binder transaction failure. id: 294015, cmd: BR_DEAD_REPLY (29189), error: -22 (Invalid argument)
04-10 22:33:34.297   710   859 E JobScheduler.JobStatus: App com.google.android.apps.photos became active but still in NEVER bucket
04-10 22:33:34.303 10572 10877 E libbinder.IPCThreadState: Binder transaction failure. id: 294170, cmd: BR_DEAD_REPLY (29189), error: -22 (Invalid argument)
04-10 22:33:34.305   710   859 E JobScheduler.JobStatus: App com.google.android.apps.photos became active but still in NEVER bucket
04-10 22:33:34.306   710   859 E JobScheduler.JobStatus: App com.google.android.apps.photos became active but still in NEVER bucket
04-10 22:33:34.307   710   859 E JobScheduler.JobStatus: App com.google.android.apps.photos became active but still in NEVER bucket
04-10 22:33:34.397   288   295 E lowmemorykiller: process_mrelease 11410 failed: No such process
04-10 22:33:34.479 10572 10877 E libbinder.IPCThreadState: Binder transaction failure. id: 294349, cmd: BR_DEAD_REPLY (29189), error: -22 (Invalid argument)
04-10 22:33:34.581 10572 10877 E libbinder.IPCThreadState: Binder transaction failure. id: 294446, cmd: BR_DEAD_REPLY (29189), error: -22 (Invalid argument)
04-10 22:33:35.508 11547 11907 E MDDTaskScheduler: MDDTaskScheduler.scheduleDownload():191 work Data {charging : false, mdd_task_tag : download, network : false} scheduled
04-10 22:33:35.574 11547 11720 E HandwritingSuperpacksUtil: HandwritingSuperpacksUtil.getPackMappingPackName():42 No pack mapping pack found in []
04-10 22:33:35.683 10572 10877 E libbinder.IPCThreadState: Binder transaction failure. id: 295161, cmd: BR_DEAD_REPLY (29189), error: -22 (Invalid argument)
04-10 22:33:35.895 10572 10572 E WorkSourceUtil: Could not find package: gms_cast_prober
04-10 22:33:35.896 10572 10572 E WorkSourceUtil: Could not find package: gms_cast_prober
04-10 22:33:35.897 10572 10572 E WorkSourceUtil: Could not find package: gms_cast_prober
04-10 22:33:35.897 10572 10572 E WorkSourceUtil: Could not find package: gms_cast_prober
04-10 22:33:35.945 10572 10572 E WorkSourceUtil: Could not find package: gms_cast_prober
04-10 22:33:35.945 10572 10572 E WorkSourceUtil: Could not find package: gms_cast_prober
04-10 22:33:35.945 10572 10572 E WorkSourceUtil: Could not find package: gms_cast_prober
04-10 22:33:35.945 10572 10572 E WorkSourceUtil: Could not find package: gms_cast_prober
04-10 22:33:35.951 10572 10876 E libbinder.IPCThreadState: Binder transaction failure. id: 295513, cmd: BR_DEAD_REPLY (29189), error: -22 (Invalid argument)
04-10 22:33:36.013   710  2002 E JobScheduler.JobStatus: App com.google.android.inputmethod.latin became active but still in NEVER bucket
04-10 22:33:36.023 10572 10876 E libbinder.IPCThreadState: Binder transaction failure. id: 295579, cmd: BR_DEAD_REPLY (29189), error: -22 (Invalid argument)
04-10 22:33:36.043   710  1746 E JobScheduler.JobStatus: App com.google.android.inputmethod.latin became active but still in NEVER bucket
04-10 22:33:36.051 10572 10876 E libbinder.IPCThreadState: Binder transaction failure. id: 295604, cmd: BR_DEAD_REPLY (29189), error: -22 (Invalid argument)
04-10 22:33:36.056 10572 10876 E libbinder.IPCThreadState: Binder transaction failure. id: 295609, cmd: BR_DEAD_REPLY (29189), error: -22 (Invalid argument)
04-10 22:33:36.067 10572 10876 E libbinder.IPCThreadState: Binder transaction failure. id: 295619, cmd: BR_DEAD_REPLY (29189), error: -22 (Invalid argument)
04-10 22:33:36.073 10572 10877 E libbinder.IPCThreadState: Binder transaction failure. id: 295622, cmd: BR_DEAD_REPLY (29189), error: -22 (Invalid argument)
04-10 22:33:36.104   710   845 E JobScheduler.JobStatus: App com.google.android.inputmethod.latin became active but still in NEVER bucket
04-10 22:33:36.313 10572 10877 E libbinder.IPCThreadState: Binder transaction failure. id: 295876, cmd: BR_DEAD_REPLY (29189), error: -22 (Invalid argument)
04-10 22:33:36.366 10572 10876 E libbinder.IPCThreadState: Binder transaction failure. id: 295933, cmd: BR_DEAD_REPLY (29189), error: -22 (Invalid argument)
04-10 22:33:36.391 10572 10877 E libbinder.IPCThreadState: Binder transaction failure. id: 295963, cmd: BR_DEAD_REPLY (29189), error: -22 (Invalid argument)
04-10 22:33:36.665   710  1994 E JobScheduler.JobStatus: App com.google.android.inputmethod.latin became active but still in NEVER bucket
04-10 22:33:36.746   710  1994 E JobScheduler.JobStatus: App com.google.android.inputmethod.latin became active but still in NEVER bucket
04-10 22:33:37.295   710   845 E JobScheduler.JobStatus: App com.google.android.inputmethod.latin became active but still in NEVER bucket
04-10 22:33:37.491   710  1994 E JobScheduler.JobStatus: App com.google.android.inputmethod.latin became active but still in NEVER bucket
04-10 22:33:37.550   710   845 E JobScheduler.JobStatus: App com.google.android.inputmethod.latin became active but still in NEVER bucket
04-10 22:33:37.584   710   845 E JobScheduler.JobStatus: App com.google.android.inputmethod.latin became active but still in NEVER bucket
04-10 22:33:37.656   710  1147 E JobScheduler.JobStatus: App com.google.android.inputmethod.latin became active but still in NEVER bucket
04-10 22:33:38.672   710  1454 E JobScheduler.JobStatus: App com.google.android.inputmethod.latin became active but still in NEVER bucket
04-10 22:33:38.888   710  1147 E JobScheduler.JobStatus: App com.google.android.inputmethod.latin became active but still in NEVER bucket
04-10 22:33:38.997   710  1990 E JobScheduler.JobStatus: App com.google.android.inputmethod.latin became active but still in NEVER bucket
04-10 22:33:39.433 11547 11735 E HandwritingSuperpacksUtil: HandwritingSuperpacksUtil.getPackMappingPackName():42 No pack mapping pack found in []
04-10 22:33:40.043 11711 11872 E Ambient : Installed publisher verification failed
04-10 22:33:40.043 11711 11872 E Ambient : Installed publisher verification failed
04-10 22:33:40.223   710  1147 E JobScheduler.JobStatus: App com.google.android.inputmethod.latin became active but still in NEVER bucket
04-10 22:33:40.387   710  2002 E JobScheduler.JobStatus: App com.google.android.inputmethod.latin became active but still in NEVER bucket
04-10 22:33:40.523   710  1744 E JobScheduler.JobStatus: App com.google.android.inputmethod.latin became active but still in NEVER bucket
04-10 22:33:40.669 10992 11131 E Finsky  : [57] [EExp] Failed to export experiments for package com.google.android.finsky.regular.
04-10 22:33:40.669 10992 11131 E Finsky  : java.util.concurrent.TimeoutException: Waited 10000 milliseconds (plus 9 milliseconds, 323706 nanoseconds delay) for blsh@adf274f[status=PENDING, setFuture=[bloq@517fedc[status=PENDING, info=[inputFuture=[bfhp@506bbe5[status=PENDING, info=[beeh@93bf6ba]]], exceptionType=[class com.google.android.gms.common.api.ApiException], fallback=[azfl@190e96b]]]]]
04-10 22:33:40.669 10992 11131 E Finsky  : 	at blph.s(PG:365)
04-10 22:33:40.669 10992 11131 E Finsky  : 	at bloz.get(PG:6)
04-10 22:33:40.669 10992 11131 E Finsky  : 	at ajgu.i(PG:151)
04-10 22:33:40.669 10992 11131 E Finsky  : 	at ajgu.h(PG:19)
04-10 22:33:40.669 10992 11131 E Finsky  : 	at ajgu.doInBackground(PG:164)
04-10 22:33:40.669 10992 11131 E Finsky  : 	at ajgw.f(PG:4)
04-10 22:33:40.669 10992 11131 E Finsky  : 	at ajgx.call(PG:3)
04-10 22:33:40.669 10992 11131 E Finsky  : 	at blsg.a(PG:3)
04-10 22:33:40.669 10992 11131 E Finsky  : 	at blrl.run(PG:19)
04-10 22:33:40.669 10992 11131 E Finsky  : 	at blsh.run(PG:5)
04-10 22:33:40.669 10992 11131 E Finsky  : 	at blrz.run(PG:64)
04-10 22:33:40.669 10992 11131 E Finsky  : 	at java.util.concurrent.ThreadPoolExecutor.runWorker(ThreadPoolExecutor.java:1100)
04-10 22:33:40.669 10992 11131 E Finsky  : 	at java.util.concurrent.ThreadPoolExecutor$Worker.run(ThreadPoolExecutor.java:624)
04-10 22:33:40.669 10992 11131 E Finsky  : 	at bmrl.run(PG:57)
04-10 22:33:40.669 10992 11131 E Finsky  : 	at java.lang.Thread.run(Thread.java:1572)
04-10 22:33:40.887   710   845 E JobScheduler.JobStatus: App com.google.android.inputmethod.latin became active but still in NEVER bucket
04-10 22:33:41.271   710  2002 E JobScheduler.JobStatus: App com.google.android.inputmethod.latin became active but still in NEVER bucket
04-10 22:33:41.467   710  2504 E JobScheduler.JobStatus: App com.google.android.inputmethod.latin became active but still in NEVER bucket
04-10 22:33:41.659   710  1168 E JobScheduler.JobStatus: App com.google.android.inputmethod.latin became active but still in NEVER bucket
04-10 22:33:41.707   288   295 E lowmemorykiller: process_mrelease 10992 failed: No such process
04-10 22:33:41.801   288   294 E lowmemorykiller: process_mrelease 11525 failed: No such process
04-10 22:33:41.940   288   295 E lowmemorykiller: process_mrelease 11142 failed: No such process
04-10 22:33:41.963   710  1147 E JobScheduler.JobStatus: App com.google.android.inputmethod.latin became active but still in NEVER bucket
04-10 22:33:42.042 11711 11998 E AiAiNotificationAssistantService: No completion listener supplied for this service!
04-10 22:33:42.615 12020 12081 E droid.deskclock: hiddenapi: Accessing hidden field Ljava/util/Collections$SynchronizedCollection;->mutex:Ljava/lang/Object; (runtime_flags=0, domain=core-platform, api=max-target-o) from Lj$/util/DesugarCollections; (domain=app, TargetSdkVersion=33) using reflection: denied
04-10 22:33:42.616 12020 12081 E droid.deskclock: hiddenapi: Accessing hidden method Ljava/util/Collections$SynchronizedSet;-><init>(Ljava/util/Set;Ljava/lang/Object;)V (runtime_flags=0, domain=core-platform, api=max-target-o) from Lj$/util/DesugarCollections; (domain=app, TargetSdkVersion=33) using reflection: denied
04-10 22:33:42.616 12020 12081 E droid.deskclock: hiddenapi: Accessing hidden method Ljava/util/Collections$SynchronizedCollection;-><init>(Ljava/util/Collection;Ljava/lang/Object;)V (runtime_flags=0, domain=core-platform, api=max-target-o) from Lj$/util/DesugarCollections; (domain=app, TargetSdkVersion=33) using reflection: denied
04-10 22:33:42.723 10572 10876 E libbinder.IPCThreadState: Binder transaction failure. id: 299661, cmd: BR_DEAD_REPLY (29189), error: -22 (Invalid argument)
04-10 22:33:42.733 10572 10876 E libbinder.IPCThreadState: Binder transaction failure. id: 299716, cmd: BR_DEAD_REPLY (29189), error: -22 (Invalid argument)
04-10 22:33:43.170 10572 10877 E libbinder.IPCThreadState: Binder transaction failure. id: 299911, cmd: BR_DEAD_REPLY (29189), error: -22 (Invalid argument)
04-10 22:33:43.497   710  1455 E JobScheduler.JobStatus: App com.google.android.inputmethod.latin became active but still in NEVER bucket
04-10 22:33:43.531   710  1455 E JobScheduler.JobStatus: App com.google.android.inputmethod.latin became active but still in NEVER bucket
04-10 22:33:43.873   710  1168 E JobScheduler.JobStatus: App com.google.android.inputmethod.latin became active but still in NEVER bucket
04-10 22:33:45.078 10572 10877 E libbinder.IPCThreadState: Binder transaction failure. id: 301127, cmd: BR_DEAD_REPLY (29189), error: -22 (Invalid argument)
04-10 22:33:47.260 12102 12135 E PhenotypeFlagCommitter: Retrieving snapshot for com.google.android.partnersetup#com.google.android.partnersetup failed
04-10 22:33:47.260 12102 12135 E PhenotypeFlagCommitter: java.util.concurrent.TimeoutException: Timed out waiting for Task
04-10 22:33:47.260 12102 12135 E PhenotypeFlagCommitter: 	at ho.g(PG:95)
04-10 22:33:47.260 12102 12135 E PhenotypeFlagCommitter: 	at ho.i(PG:9)
04-10 22:33:47.260 12102 12135 E PhenotypeFlagCommitter: 	at ho.h(PG:28)
04-10 22:33:47.260 12102 12135 E PhenotypeFlagCommitter: 	at ahd.run(PG:58)
04-10 22:33:47.260 12102 12135 E PhenotypeFlagCommitter: 	at java.util.concurrent.Executors$RunnableAdapter.call(Executors.java:520)
04-10 22:33:47.260 12102 12135 E PhenotypeFlagCommitter: 	at aws.a(PG:3)
04-10 22:33:47.260 12102 12135 E PhenotypeFlagCommitter: 	at avx.run(PG:19)
04-10 22:33:47.260 12102 12135 E PhenotypeFlagCommitter: 	at awt.run(PG:5)
04-10 22:33:47.260 12102 12135 E PhenotypeFlagCommitter: 	at java.util.concurrent.ThreadPoolExecutor.runWorker(ThreadPoolExecutor.java:1100)
04-10 22:33:47.260 12102 12135 E PhenotypeFlagCommitter: 	at java.util.concurrent.ThreadPoolExecutor$Worker.run(ThreadPoolExecutor.java:624)
04-10 22:33:47.260 12102 12135 E PhenotypeFlagCommitter: 	at eu.run(PG:690)
04-10 22:33:47.260 12102 12135 E PhenotypeFlagCommitter: 	at java.lang.Thread.run(Thread.java:1572)
04-10 22:33:47.260 12102 12135 E PhenotypeFlagCommitter: 	at om.run(PG:58)
04-10 22:33:48.346 10572 11853 E ctxmgr  : [ShushGestureSensor] Context hub handle not found [CONTEXT service_id=47 ]
04-10 22:33:49.527 10806 11473 E native  : E0000 00:00:1775840629.526993   11473 array-storage.cc:101] Array storage bad crc 3148737638 vs 2587192317
04-10 22:33:49.527 10806 11473 E native  : E0000 00:00:1775840629.527210   11473 array-storage-crc.cc:176] File /data/data/com.google.android.gms/files/AppDataSearch/main/cur/ds.perdocdata failed to init (elt_size 26 num_elts 176 array_crc 2587192317)
04-10 22:33:49.531 10806 11473 E native  : E0000 00:00:1775840629.531002   11473 array-storage.cc:101] Array storage bad crc 1726274595 vs 3144530745
04-10 22:33:49.531 10806 11473 E native  : E0000 00:00:1775840629.531098   11473 array-storage-crc.cc:176] File /data/data/com.google.android.gms/files/AppDataSearch/main/cur/ds.cscoring failed to init (elt_size 37 num_elts 28 array_crc 3144530745)
04-10 22:33:50.771   288   294 E lowmemorykiller: process_mrelease 12071 failed: No such process
04-10 22:33:50.842   288   295 E lowmemorykiller: process_mrelease 11742 failed: No such process
04-10 22:33:50.874   710  2002 E AppOps  : Bad call made by uid 1000. Package "com.google.android.apps.photos" does not belong to uid 1000.
04-10 22:33:50.892   288   294 E lowmemorykiller: process_mrelease 11929 failed: No such process
04-10 22:33:50.903   710  2489 E libbinder.IPCThreadState: Binder transaction failure. id: 304292, cmd: BR_DEAD_REPLY (29189), error: -3 (No such process)
04-10 22:33:50.994 10572 11036 E libbinder.IPCThreadState: Binder transaction failure. id: 304458, cmd: BR_DEAD_REPLY (29189), error: -22 (Invalid argument)
04-10 22:33:51.126 10806 11473 E native  : E0000 00:00:1775840631.126394   11473 flash-index.cc:2699] Lite index docid 175 ahead of clip 173
04-10 22:33:51.212 11711 11997 E AiAiEcho: EchoSearch: SettingsFetcherImpl: DB already exists.
04-10 22:33:51.643   312   324 E keystore2: system/security/keystore2/src/remote_provisioning.rs:114 - Failed to get rkpd key: system/security/keystore2/rkpd_client/src/lib.rs:227: Waiting for RKPD key timed out: Elapsed(())
04-10 22:33:51.643   312   324 E keystore2: 
04-10 22:33:51.643   312   324 E keystore2: Caused by:
04-10 22:33:51.643   312   324 E keystore2:     Retryable timeout when waiting for a callback
04-10 22:33:51.645   312   324 E keystore2: system/security/keystore2/src/error.rs:69 - system/security/keystore2/src/security_level.rs:705: Trying to get an attestation key
04-10 22:33:51.645   312   324 E keystore2: 
04-10 22:33:51.645   312   324 E keystore2: Caused by:
04-10 22:33:51.645   312   324 E keystore2:     0: system/security/keystore2/src/attestation_key_utils.rs:69: Trying to get attestation key from RKPD.
04-10 22:33:51.645   312   324 E keystore2:     1: system/security/keystore2/rkpd_client/src/lib.rs:227: Waiting for RKPD key timed out: Elapsed(())
04-10 22:33:51.645   312   324 E keystore2:        
04-10 22:33:51.645   312   324 E keystore2:        Caused by:
04-10 22:33:51.645   312   324 E keystore2:            Retryable timeout when waiting for a callback
04-10 22:33:51.645   312   324 E keystore2:     2: Error::Rc(r#OUT_OF_KEYS_TRANSIENT_ERROR) for AppUid(10217)
04-10 22:33:51.659   710   725 E libbinder.IPCThreadState: Binder transaction failure. id: 305458, cmd: BR_DEAD_REPLY (29189), error: -22 (Invalid argument)
04-10 22:33:51.662   710   725 E RegistrationProxy: Error cancelling getKey operation
04-10 22:33:51.662   710   725 E RegistrationProxy: android.os.DeadObjectException
04-10 22:33:51.662   710   725 E RegistrationProxy: 	at android.os.BinderProxy.transactNative(Native Method)
04-10 22:33:51.662   710   725 E RegistrationProxy: 	at android.os.BinderProxy.transact(BinderProxy.java:617)
04-10 22:33:51.662   710   725 E RegistrationProxy: 	at com.android.rkpdapp.IRegistration$Stub$Proxy.cancelGetKey(IRegistration.java:221)
04-10 22:33:51.662   710   725 E RegistrationProxy: 	at android.security.rkp.service.RegistrationProxy.lambda$getKeyAsync$2(RegistrationProxy.java:296)
04-10 22:33:51.662   710   725 E RegistrationProxy: 	at android.security.rkp.service.RegistrationProxy.$r8$lambda$ZYI0nya_G28OnPxa-ft7PG2fLck(RegistrationProxy.java:0)
04-10 22:33:51.662   710   725 E RegistrationProxy: 	at android.security.rkp.service.RegistrationProxy$$ExternalSyntheticLambda3.onCancel(D8$$SyntheticClass:0)
04-10 22:33:51.662   710   725 E RegistrationProxy: 	at android.os.CancellationSignal.cancel(CancellationSignal.java:82)
04-10 22:33:51.662   710   725 E RegistrationProxy: 	at com.android.server.security.rkp.RemoteProvisioningRegistration.cancelGetKey(RemoteProvisioningRegistration.java:145)
04-10 22:33:51.662   710   725 E RegistrationProxy: 	at android.security.rkp.IRegistration$Stub.onTransact(IRegistration.java:166)
04-10 22:33:51.662   710   725 E RegistrationProxy: 	at android.os.Binder.execTransactInternal(Binder.java:1471)
04-10 22:33:51.662   710   725 E RegistrationProxy: 	at android.os.Binder.execTransact(Binder.java:1411)
04-10 22:33:51.892   710  6874 E SettingsToPropertiesMapper: key=persist.device_config.storage_native_boot.transcode_compat_manifest value=com.yelp.android,0,com.yy.biu,0,com.groupme.android,0,air.tv.douyu.android,0,com.baidu.mbaby,0,com.vlocker.locker,0,com.znxh.hyhuo,0,com.yixia.xiaokaxiu,0 exceeds system property max length.
04-10 22:33:52.824 10806 11928 E libbinder.IPCThreadState: Binder transaction failure. id: 306479, cmd: BR_DEAD_REPLY (29189), error: -22 (Invalid argument)
04-10 22:33:53.187   288   294 E lowmemorykiller: process_mrelease 12287 failed: No such process
04-10 22:33:55.530 12372 12406 E cr_ChromiumAndroidLinker: AndroidDlopenExt: android_dlopen_ext: dlopen failed: reserved address space 17711104 smaller than 219037696 bytes needed for "/data/app/~~x3YFQnTN1CAaAqJEfcc9Vg==/com.google.android.trichromelibrary_763204538-4rf3lNwmBJHjF-b4wp8jRg==/TrichromeLibrary.apk!/lib/x86_64/libmonochrome_64.so"
04-10 22:33:55.530 12372 12406 E cr_ChromiumAndroidLinker: LoadWithDlopenExt: android_dlopen_ext() error
04-10 22:33:55.530 12372 12406 E cr_ChromiumAndroidLinker: LoadLibrary: Failed to load native library: libmonochrome_64.so
04-10 22:33:55.531 12372 12406 E cr_Linker: Unable to load with Linker, using the system linker instead
04-10 22:33:56.290   710   925 E Nl80211Native: getChannelsMhzForBand: Wiphy index not recorded for band 8
04-10 22:33:56.291   710   925 E Nl80211Native: getChannelsMhzForBand: Wiphy index not recorded for band 16
04-10 22:33:56.329   710  1105 E AppOps  : Bad call made by uid 1000. Package "com.google.android.apps.photos" does not belong to uid 1000.
04-10 22:33:56.640 12441 12475 E cr_ChromiumAndroidLinker: AndroidDlopenExt: android_dlopen_ext: dlopen failed: reserved address space 17711104 smaller than 219037696 bytes needed for "/data/app/~~x3YFQnTN1CAaAqJEfcc9Vg==/com.google.android.trichromelibrary_763204538-4rf3lNwmBJHjF-b4wp8jRg==/TrichromeLibrary.apk!/lib/x86_64/libmonochrome_64.so"
04-10 22:33:56.640 12441 12475 E cr_ChromiumAndroidLinker: LoadWithDlopenExt: android_dlopen_ext() error
04-10 22:33:56.640 12441 12475 E cr_ChromiumAndroidLinker: LoadLibrary: Failed to load native library: libmonochrome_64.so
04-10 22:33:56.640 12441 12475 E cr_Linker: Unable to load with Linker, using the system linker instead
04-10 22:33:59.834   710 12286 E SettingsToPropertiesMapper: key=persist.device_config.configuration.AdbWritableFlags__adb_writable_flags_list value=adservices/disable_sdk_sandbox,adservices/enforce_broadcast_receiver_restrictions,adservices/fledge_ad_selection_enforce_foreground_status_custom_audience,adservices/fledge_custom_audience_max_count,adservices/fledge_custom_audience_max_num_ads,adservices/fledge_custom_audience_max_owner_count,adservices/fledge_custom_audience_per_app_max_count,adservices/fledge_js_isolate_enforce_max_heap_size,adservices/fledge_js_isolate_max_heap_size_bytes,adservices/sdk_request_permits_per_second,adservices/sdksandbox_customized_sdk_context_enabled,configuration/namespace_to_package_mapping,constrain_display_apis/always_constrain_display_apis,constrain_display_apis/never_constrain_display_apis,constrain_display_apis/never_constrain_display_apis_all_packages,device_policy_manager/disable_resources_updatability,flipendo/default_savings_mode_launch,flipendo/essential_apps,flipendo/flipendo_enabled_launch,flipendo/grayscale_enabled_launch,flipendo/lever_ble_scanning_enabled_launch,flipendo/lever_hotspot_enabled_launch,flipendo/lever_work_profile_enabled_launch,flipendo/resuspend_delay_minutes,namespace/key,namespace1/key1,namespace1/key2,namespace2/key1,namespace2/key2,package_manager_service/incfs_default_timeouts,package_manager_service/known_digesters_list,privacy/location_access_check_periodic_interval_millis,rollback/enable_rollback_timeout,rollback/watchdog_explicit_health_check_enabled,rollback/watchdog_request_timeout_millis,rollback/watchdog_trigger_failure_count,rollback/watchdog_trigger_failure_duration_millis,rollback_boot/rollback_lifetime_in_millis,systemui/nas_generate_actions,systemui/nas_generate_replies,systemui/nas_max_messages_to_extract,systemui/nas_max_suggestions,testspace/another,testspace/flagname,textclassifier/config_updater_model_enabled,textclassifier/key,textclassifier/key2,textclassifier/manifest_url_annotator_en,textclassifier/manifest_url_annotator_ru,textclassifier/model_download_backoff_delay_in_millis,textclassifier/model_download_manager_enabled,textclassifier/multi_language_support_enabled,textclassifier/testing_locale_list_override,textclassifier/textclassifier_service_package_override,window_manager/enable_default_rescind_bal_privileges_from_pending_intent_sender,wrong/nas_generate_replies, exceeds system property max length.
04-10 22:33:59.863 12197 12292 E tflite  : third_party/tensorflow/lite/core/subgraph.cc:1083 tensor.data.raw != nullptr was not true.
04-10 22:34:00.009 12197 12292 E native  : E0000 00:00:1775840640.009900   12292 re2.cc:250] Error parsing '^|[^\p{Letter}\\]': invalid character class range: \p{Letter}
04-10 22:34:00.010 12197 12292 E native  : E0000 00:00:1775840640.010060   12292 replacement_rule.cc:40] Invalid context regexp: invalid character class range: \p{Letter}
04-10 22:34:00.010 12197 12292 E native  : E0000 00:00:1775840640.010219   12292 replacement_rule.cc:151] Error creating replacement rule.
04-10 22:34:00.010 12197 12292 E native  : E0000 00:00:1775840640.010807   12292 regexp_rewriter.cc:34] Error creating rule MessageLite at 0x771261c3e050.
04-10 22:34:00.605 10572 10802 E UsageReportingOptionsSt: INTERNAL_ERROR: setOptInOption should not be called while user is locked. [CONTEXT service_id=41 ]
04-10 22:34:01.159   710   710 E DeviceConfig: Parsing int failed for location_mode
04-10 22:34:03.234 11711 11890 E SP.Service.AiAi: captions_i18n_v0_mandatory is opened by other clients. It will stay open until all clients close it.
04-10 22:34:03.501 11711 11890 E SP.Service.AiAi: captions_i18n_v0_en-US is opened by other clients. It will stay open until all clients close it.
04-10 22:34:03.741 12598 12631 E Finsky:background: [49] [Counters] attempted to use a non-positive increment for: 1450
04-10 22:34:03.741 12598 12631 E Finsky:background: [49] [Counters] attempted to use a non-positive increment for: 1424
04-10 22:34:03.771 12598 12628 E Finsky:background: [47] [Counters] attempted to use a non-positive increment for: 1449
04-10 22:34:03.771 12598 12628 E Finsky:background: [47] [Counters] attempted to use a non-positive increment for: 1422
04-10 22:34:03.812 12507 12720 E ActivityThread: Failed to find provider info for androidx.car.app.connection
04-10 22:34:04.043 10806 10806 E ChimeraRcvrProxy: com.google.android.gms.backup.GmsBackupStatusChangeReceiver dropping broadcast com.google.gservices.intent.action.GSERVICES_CHANGED
04-10 22:34:04.254 12598 12657 E Finsky:background: [64] [Counters] attempted to use a non-positive increment for: 1443
04-10 22:34:04.415 10806 12729 E native_loader: Java_hotLoad not found!
04-10 22:34:04.415 10806 12729 E NativeHotLoader: Failed to hotload library '/data/app/~~ZcGfAzgJinPFs3ubKWxgUA==/com.google.android.gms-HyXQiO6os206Or8mn8m9jQ==/base.apk!/lib/x86_64/libgmscore.so'. [CONTEXT service_id=447 ]
04-10 22:34:05.933 10806 12728 E GmsCoreLogger: Missing account for FACET_USAGE_GAIA_UNSAMPLED [CONTEXT service_id=299 ]
04-10 22:34:10.002   710   885 E ReportEncoder: No watchlist hash
04-10 22:34:10.422 12832 12856 E cr_ChromiumAndroidLinker: AndroidDlopenExt: android_dlopen_ext: dlopen failed: reserved address space 17711104 smaller than 219037696 bytes needed for "/data/app/~~x3YFQnTN1CAaAqJEfcc9Vg==/com.google.android.trichromelibrary_763204538-4rf3lNwmBJHjF-b4wp8jRg==/TrichromeLibrary.apk!/lib/x86_64/libmonochrome_64.so"
04-10 22:34:10.422 12832 12856 E cr_ChromiumAndroidLinker: LoadWithDlopenExt: android_dlopen_ext() error
04-10 22:34:10.422 12832 12856 E cr_ChromiumAndroidLinker: LoadLibrary: Failed to load native library: libmonochrome_64.so
04-10 22:34:10.422 12832 12856 E cr_Linker: Unable to load with Linker, using the system linker instead
04-10 22:34:11.341   710   957 E JobServiceContext: Error sending onNetworkChanged to client.
04-10 22:34:11.341   710   957 E JobServiceContext: android.os.DeadObjectException
04-10 22:34:11.341   710   957 E JobServiceContext: 	at android.os.BinderProxy.transactNative(Native Method)
04-10 22:34:11.341   710   957 E JobServiceContext: 	at android.os.BinderProxy.transact(BinderProxy.java:617)
04-10 22:34:11.341   710   957 E JobServiceContext: 	at android.app.job.IJobService$Stub$Proxy.onNetworkChanged(IJobService.java:216)
04-10 22:34:11.341   710   957 E JobServiceContext: 	at com.android.server.job.JobServiceContext.informOfNetworkChangeLocked(JobServiceContext.java:805)
04-10 22:34:11.341   710   957 E JobServiceContext: 	at com.android.server.job.JobSchedulerService.onNetworkChanged(JobSchedulerService.java:2628)
04-10 22:34:11.341   710   957 E JobServiceContext: 	at com.android.server.job.controllers.ConnectivityController.updateConstraintsSatisfied(ConnectivityController.java:1444)
04-10 22:34:11.341   710   957 E JobServiceContext: 	at com.android.server.job.controllers.ConnectivityController.updateTrackedJobsLocked(ConnectivityController.java:1538)
04-10 22:34:11.341   710   957 E JobServiceContext: 	at com.android.server.job.controllers.ConnectivityController.updateTrackedJobsLocked(ConnectivityController.java:1492)
04-10 22:34:11.341   710   957 E JobServiceContext: 	at com.android.server.job.controllers.ConnectivityController.-$$Nest$mupdateTrackedJobsLocked(ConnectivityController.java:0)
04-10 22:34:11.341   710   957 E JobServiceContext: 	at com.android.server.job.controllers.ConnectivityController$2.onCapabilitiesChanged(ConnectivityController.java:1708)
04-10 22:34:11.341   710   957 E JobServiceContext: 	at android.net.ConnectivityManager$CallbackHandler.handleMessage(ConnectivityManager.java:4696)
04-10 22:34:11.341   710   957 E JobServiceContext: 	at android.os.Handler.dispatchMessageImpl(Handler.java:142)
04-10 22:34:11.341   710   957 E JobServiceContext: 	at android.os.Handler.dispatchMessage(Handler.java:125)
04-10 22:34:11.341   710   957 E JobServiceContext: 	at android.os.Looper.loopOnce(Looper.java:292)
04-10 22:34:11.341   710   957 E JobServiceContext: 	at android.os.Looper.loop(Looper.java:393)
04-10 22:34:11.341   710   957 E JobServiceContext: 	at android.os.HandlerThread.run(HandlerThread.java:139)
04-10 22:34:21.229   312   325 E keystore2: system/security/keystore2/src/remote_provisioning.rs:114 - Failed to get rkpd key: system/security/keystore2/rkpd_client/src/lib.rs:227: Waiting for RKPD key timed out: Elapsed(())
04-10 22:34:21.229   312   325 E keystore2: 
04-10 22:34:21.229   312   325 E keystore2: Caused by:
04-10 22:34:21.229   312   325 E keystore2:     Retryable timeout when waiting for a callback
04-10 22:34:21.229   312   325 E keystore2: system/security/keystore2/src/error.rs:69 - system/security/keystore2/src/security_level.rs:705: Trying to get an attestation key
04-10 22:34:21.229   312   325 E keystore2: 
04-10 22:34:21.229   312   325 E keystore2: Caused by:
04-10 22:34:21.229   312   325 E keystore2:     0: system/security/keystore2/src/attestation_key_utils.rs:69: Trying to get attestation key from RKPD.
04-10 22:34:21.229   312   325 E keystore2:     1: system/security/keystore2/rkpd_client/src/lib.rs:227: Waiting for RKPD key timed out: Elapsed(())
04-10 22:34:21.229   312   325 E keystore2:        
04-10 22:34:21.229   312   325 E keystore2:        Caused by:
04-10 22:34:21.229   312   325 E keystore2:            Retryable timeout when waiting for a callback
04-10 22:34:21.229   312   325 E keystore2:     2: Error::Rc(r#OUT_OF_KEYS_TRANSIENT_ERROR) for AppUid(10217)
04-10 22:34:21.234   710  2506 E libbinder.IPCThreadState: Binder transaction failure. id: 325663, cmd: BR_DEAD_REPLY (29189), error: -22 (Invalid argument)
04-10 22:34:21.236   710  2506 E RegistrationProxy: Error cancelling getKey operation
04-10 22:34:21.236   710  2506 E RegistrationProxy: android.os.DeadObjectException
04-10 22:34:21.236   710  2506 E RegistrationProxy: 	at android.os.BinderProxy.transactNative(Native Method)
04-10 22:34:21.236   710  2506 E RegistrationProxy: 	at android.os.BinderProxy.transact(BinderProxy.java:617)
04-10 22:34:21.236   710  2506 E RegistrationProxy: 	at com.android.rkpdapp.IRegistration$Stub$Proxy.cancelGetKey(IRegistration.java:221)
04-10 22:34:21.236   710  2506 E RegistrationProxy: 	at android.security.rkp.service.RegistrationProxy.lambda$getKeyAsync$2(RegistrationProxy.java:296)
04-10 22:34:21.236   710  2506 E RegistrationProxy: 	at android.security.rkp.service.RegistrationProxy.$r8$lambda$ZYI0nya_G28OnPxa-ft7PG2fLck(RegistrationProxy.java:0)
04-10 22:34:21.236   710  2506 E RegistrationProxy: 	at android.security.rkp.service.RegistrationProxy$$ExternalSyntheticLambda3.onCancel(D8$$SyntheticClass:0)
04-10 22:34:21.236   710  2506 E RegistrationProxy: 	at android.os.CancellationSignal.cancel(CancellationSignal.java:82)
04-10 22:34:21.236   710  2506 E RegistrationProxy: 	at com.android.server.security.rkp.RemoteProvisioningRegistration.cancelGetKey(RemoteProvisioningRegistration.java:145)
04-10 22:34:21.236   710  2506 E RegistrationProxy: 	at android.security.rkp.IRegistration$Stub.onTransact(IRegistration.java:166)
04-10 22:34:21.236   710  2506 E RegistrationProxy: 	at android.os.Binder.execTransactInternal(Binder.java:1471)
04-10 22:34:21.236   710  2506 E RegistrationProxy: 	at android.os.Binder.execTransact(Binder.java:1411)
04-10 22:35:07.982 12916 12945 E droid.deskclock: hiddenapi: Accessing hidden field Ljava/util/Collections$SynchronizedCollection;->mutex:Ljava/lang/Object; (runtime_flags=0, domain=core-platform, api=max-target-o) from Lj$/util/DesugarCollections; (domain=app, TargetSdkVersion=33) using reflection: denied
04-10 22:35:07.982 12916 12945 E droid.deskclock: hiddenapi: Accessing hidden method Ljava/util/Collections$SynchronizedSet;-><init>(Ljava/util/Set;Ljava/lang/Object;)V (runtime_flags=0, domain=core-platform, api=max-target-o) from Lj$/util/DesugarCollections; (domain=app, TargetSdkVersion=33) using reflection: denied
04-10 22:35:07.983 12916 12945 E droid.deskclock: hiddenapi: Accessing hidden method Ljava/util/Collections$SynchronizedCollection;-><init>(Ljava/util/Collection;Ljava/lang/Object;)V (runtime_flags=0, domain=core-platform, api=max-target-o) from Lj$/util/DesugarCollections; (domain=app, TargetSdkVersion=33) using reflection: denied
04-10 22:35:49.513   710   871 E system_server: Failed to open /proc/1300/fdinfo directory: No such file or directory
04-10 22:35:49.513   710   871 E system_server: Failed to read dmabuf fd references
04-10 22:36:01.541   457   457 E android.hardware.bluetooth.service.default: unable to open /dev/rfkill: Permission denied
04-10 22:36:01.541   457   457 E android.hardware.bluetooth.service.default: rfkill unavailable
04-10 22:36:01.686 12993 12993 E bluetooth: system/gd/hal/socket_hal_impl_android.cc:98 SocketHalImpl: Socket service is not declared (checked for android.hardware.bluetooth.socket.IBluetoothSocket/lpp and android.hardware.bluetooth.socket.IBluetoothSocket/default)
04-10 22:36:01.689 12993 12993 E bluetooth: system/gd/hal/gatt_hal_impl_android.cc:107 GattHalImpl: The service android.hardware.bluetooth.gatt.IBluetoothGatt/default is not declared
04-10 22:36:01.941 12993 12993 E BluetoothHeadsetServiceJni: android/app/jni/com_android_bluetooth_hfp.cpp:785 enableSwbNative: Failed to disable
04-10 22:36:02.409 10572 10932 E hgio    : RuntimeException while executing runnable hgjd{aoyo@a920567} with executor MoreExecutors.directExecutor()
04-10 22:36:02.409 10572 10932 E hgio    : java.lang.NullPointerException: Attempt to get length of null array
04-10 22:36:02.409 10572 10932 E hgio    : 	at android.util.Base64.encode(Base64.java:497)
04-10 22:36:02.409 10572 10932 E hgio    : 	at android.util.Base64.encodeToString(Base64.java:459)
04-10 22:36:02.409 10572 10932 E hgio    : 	at com.google.android.gms.auth.proximity.RemoteDevice.a(:com.google.android.gms@261133038@26.11.33 (260800-887465546):3)
04-10 22:36:02.409 10572 10932 E hgio    : 	at aoyo.kc(:com.google.android.gms@261133038@26.11.33 (260800-887465546):3)
04-10 22:36:02.409 10572 10932 E hgio    : 	at hgjd.run(:com.google.android.gms@261133038@26.11.33 (260800-887465546):29)
04-10 22:36:02.409 10572 10932 E hgio    : 	at hgik.execute(:com.google.android.gms@261133038@26.11.33 (260800-887465546):1)
04-10 22:36:02.409 10572 10932 E hgio    : 	at hgio.c(:com.google.android.gms@261133038@26.11.33 (260800-887465546):1)
04-10 22:36:02.409 10572 10932 E hgio    : 	at hgio.b(:com.google.android.gms@261133038@26.11.33 (260800-887465546):34)
04-10 22:36:02.409 10572 10932 E hgio    : 	at bikm.done(:com.google.android.gms@261133038@26.11.33 (260800-887465546):6)
04-10 22:36:02.409 10572 10932 E hgio    : 	at java.util.concurrent.FutureTask.finishCompletion(FutureTask.java:445)
04-10 22:36:02.409 10572 10932 E hgio    : 	at java.util.concurrent.FutureTask.set(FutureTask.java:296)
04-10 22:36:02.409 10572 10932 E hgio    : 	at java.util.concurrent.FutureTask.run(FutureTask.java:336)
04-10 22:36:02.409 10572 10932 E hgio    : 	at bikh.c(:com.google.android.gms@261133038@26.11.33 (260800-887465546):50)
04-10 22:36:02.409 10572 10932 E hgio    : 	at bikh.run(:com.google.android.gms@261133038@26.11.33 (260800-887465546):73)
04-10 22:36:02.409 10572 10932 E hgio    : 	at java.util.concurrent.ThreadPoolExecutor.runWorker(ThreadPoolExecutor.java:1100)
04-10 22:36:02.409 10572 10932 E hgio    : 	at java.util.concurrent.ThreadPoolExecutor$Worker.run(ThreadPoolExecutor.java:624)
04-10 22:36:02.409 10572 10932 E hgio    : 	at bipy.run(:com.google.android.gms@261133038@26.11.33 (260800-887465546):8)
04-10 22:36:02.409 10572 10932 E hgio    : 	at java.lang.Thread.run(Thread.java:1572)
04-10 22:36:02.657 10572 11632 E BluetoothLeScanner: stopLeScan(): Error state, mScannerId=0
04-10 22:36:03.038  7560  7560 E SmsApplication: com.google.android.apps.messaging lost android:read_cell_broadcasts:  (fixing)
04-10 22:36:03.122   710  1741 E RoleControllerServiceImpl: Default/fallback role holder package doesn't qualify for the role, package: com.google.android.gms.supervision, role: android.app.role.SYSTEM_SUPERVISION, user: 0
04-10 22:36:03.169  7560  8180 E SmsApplication: com.google.android.apps.messaging lost android:read_cell_broadcasts:  (fixing)
04-10 22:36:03.193   710  1741 E RoleControllerServiceImpl: Default/fallback role holder package doesn't qualify for the role, package: com.google.android.gms, role: android.app.role.SYSTEM_DEPENDENCY_INSTALLER, user: 0
04-10 22:36:03.363   710  1741 E RoleControllerServiceImpl: Default/fallback role holder package doesn't qualify for the role, package: com.google.android.gms, role: android.app.role.WALLET, user: 0
04-10 22:36:04.247 13070 13070 E FeatureFlagsImplExport: android.os.flagging.AconfigStorageReadException: ERROR_PACKAGE_NOT_FOUND: package android.xr cannot be found on the device
04-10 22:36:04.295 10572 10932 E ctxmgr  : [ShushGestureSensor] Context hub handle not found [CONTEXT service_id=47 ]
04-10 22:36:06.545  8613  8952 E ConsumerBase: [ImageReader-320x320f1u2816m2-8613-0] abandonLocked: ConsumerBase is abandoned!
04-10 22:36:08.592 10572 11591 E UsageReportingOptionsSt: INTERNAL_ERROR: setOptInOption should not be called while user is locked. [CONTEXT service_id=41 ]
04-10 22:36:08.747 13145 13191 E ActivityThread: Failed to find provider info for androidx.car.app.connection
04-10 22:36:09.968   710  1849 E TaskPersister: File error accessing recents directory (directory doesn't exist?).
04-10 22:36:11.249   710  2504 E AppOps  : Bad call made by uid 1000. Package "com.google.android.apps.photos" does not belong to uid 1000.
04-10 22:36:11.314   288   294 E lowmemorykiller: process_mrelease 13145 failed: No such process
04-10 22:36:11.841 13121 13357 E chromium: [0410/223611.830434:ERROR:android_webview/browser/variations/variations_seed_loader.cc:39] Seed missing signature.
04-10 22:36:12.210   288   295 E lowmemorykiller: process_mrelease 13321 failed: No such process
04-10 22:36:12.655 10806 12156 E SharingClientImpl: Unsuspend failed: null
04-10 22:36:13.831 13361 13378 E ashmem  : readlink(/proc/self/fd/115) failed: Operation not permitted
04-10 22:36:13.932 11711 11711 E SearchUiService: Failed to unregister for updates for unknown session: com.google.android.apps.nexuslauncher:a242fd23-4654-4503-b80b-3133b640dbaa,0
04-10 22:36:13.935 13361 13378 E ashmem  : readlink(/proc/self/fd/117) failed: Operation not permitted
04-10 22:36:13.941 13361 13378 E ashmem  : readlink(/proc/self/fd/118) failed: Operation not permitted
04-10 22:36:13.969 13361 13411 E ashmem  : readlink(/proc/self/fd/119) failed: Operation not permitted
04-10 22:36:13.993 13361 13411 E ashmem  : readlink(/proc/self/fd/120) failed: Operation not permitted
04-10 22:36:13.994 13361 13411 E ashmem  : readlink(/proc/self/fd/122) failed: Operation not permitted
04-10 22:36:14.162 10805 10805 E RecyclerView: Cannot scroll to position a LayoutManager set. Call setLayoutManager with a non-null argument.
04-10 22:36:14.186 10805 10805 E RecyclerView: Cannot scroll to position a LayoutManager set. Call setLayoutManager with a non-null argument.
04-10 22:36:14.512   288   294 E lowmemorykiller: process_mrelease 13070 failed: No such process
04-10 22:36:14.739   710   710 E libbinder.IPCThreadState: Binder transaction failure. id: 349460, cmd: BR_DEAD_REPLY (29189), error: -22 (Invalid argument)
04-10 22:36:14.848 13361 13378 E ashmem  : readlink(/proc/self/fd/123) failed: Operation not permitted
04-10 22:36:14.849 13361 13378 E ashmem  : readlink(/proc/self/fd/123) failed: Operation not permitted
04-10 22:36:14.883   710   710 E libbinder.IPCThreadState: Binder transaction failure. id: 349528, cmd: BR_DEAD_REPLY (29189), error: -22 (Invalid argument)
04-10 22:36:14.900   710   880 E InputDispatcher: channel 'stylus-handwriting-event-receiver-0' ~ Channel is unrecoverably broken and will be disposed!
04-10 22:36:15.079   710   880 E InputDispatcher: channel '550a871 Taskbar' ~ Channel is unrecoverably broken and will be disposed!
04-10 22:36:15.079   710   880 E InputDispatcher: channel '[Gesture Monitor] swipe-up' ~ Channel is unrecoverably broken and will be disposed!
04-10 22:36:15.081   710   880 E libbinder.IPCThreadState: Binder transaction failure. id: 349605, cmd: BR_DEAD_REPLY (29189), error: -3 (No such process)
04-10 22:36:15.084   710   880 E libbinder.IPCThreadState: Binder transaction failure. id: 349611, cmd: BR_DEAD_REPLY (29189), error: -3 (No such process)
04-10 22:36:15.094  8613  8789 E libbinder.IPCThreadState: Binder transaction failure. id: 349619, cmd: BR_DEAD_REPLY (29189), error: -3 (No such process)
04-10 22:36:15.102  8613  8789 E SingleInstanceRemoteListener: Failed remote call
04-10 22:36:15.102  8613  8789 E SingleInstanceRemoteListener: android.os.DeadObjectException
04-10 22:36:15.102  8613  8789 E SingleInstanceRemoteListener: 	at android.os.BinderProxy.transactNative(Native Method)
04-10 22:36:15.102  8613  8789 E SingleInstanceRemoteListener: 	at android.os.BinderProxy.transact(BinderProxy.java:617)
04-10 22:36:15.102  8613  8789 E SingleInstanceRemoteListener: 	at com.android.wm.shell.transition.HomeTransitionObserver$1.insetsChanged(go/retraceme 2b9555e93469c570fe1eba6e00ba55c641998f0b05ea4e8d6000e443e74ca7fc:41)
04-10 22:36:15.102  8613  8789 E SingleInstanceRemoteListener: 	at com.android.wm.shell.common.DisplayInsetsController$OnInsetsChangedListener.insetsChanged(go/retraceme 2b9555e93469c570fe1eba6e00ba55c641998f0b05ea4e8d6000e443e74ca7fc:0)
04-10 22:36:15.102  8613  8789 E SingleInstanceRemoteListener: 	at com.android.wm.shell.common.DisplayInsetsController$PerDisplay$DisplayWindowInsetsControllerImpl$$ExternalSyntheticLambda4.run(go/retraceme 2b9555e93469c570fe1eba6e00ba55c641998f0b05ea4e8d6000e443e74ca7fc:204)
04-10 22:36:15.102  8613  8789 E SingleInstanceRemoteListener: 	at android.os.Handler.handleCallback(Handler.java:1095)
04-10 22:36:15.102  8613  8789 E SingleInstanceRemoteListener: 	at android.os.Handler.dispatchMessageImpl(Handler.java:135)
04-10 22:36:15.102  8613  8789 E SingleInstanceRemoteListener: 	at android.os.Handler.dispatchMessage(Handler.java:125)
04-10 22:36:15.102  8613  8789 E SingleInstanceRemoteListener: 	at android.os.Looper.loopOnce(Looper.java:292)
04-10 22:36:15.102  8613  8789 E SingleInstanceRemoteListener: 	at android.os.Looper.loop(Looper.java:393)
04-10 22:36:15.102  8613  8789 E SingleInstanceRemoteListener: 	at android.os.HandlerThread.run(HandlerThread.java:139)
04-10 22:36:15.105  8613  8613 E libbinder.IPCThreadState: Binder transaction failure. id: 349624, cmd: BR_DEAD_REPLY (29189), error: -3 (No such process)
04-10 22:36:15.106  8613  8613 E LauncherProxyService: Failed to call onSystemBarAttributesChanged()
04-10 22:36:15.106  8613  8613 E LauncherProxyService: android.os.DeadObjectException
04-10 22:36:15.106  8613  8613 E LauncherProxyService: 	at android.os.BinderProxy.transactNative(Native Method)
04-10 22:36:15.106  8613  8613 E LauncherProxyService: 	at android.os.BinderProxy.transact(BinderProxy.java:617)
04-10 22:36:15.106  8613  8613 E LauncherProxyService: 	at com.android.systemui.navigationbar.TaskbarDelegate.onSystemBarAttributesChanged(go/retraceme 2b9555e93469c570fe1eba6e00ba55c641998f0b05ea4e8d6000e443e74ca7fc:36)
04-10 22:36:15.106  8613  8613 E LauncherProxyService: 	at com.android.systemui.statusbar.CommandQueue$H.handleMessage(go/retraceme 2b9555e93469c570fe1eba6e00ba55c641998f0b05ea4e8d6000e443e74ca7fc:2670)
04-10 22:36:15.106  8613  8613 E LauncherProxyService: 	at android.os.Handler.dispatchMessageImpl(Handler.java:142)
04-10 22:36:15.106  8613  8613 E LauncherProxyService: 	at android.os.Handler.dispatchMessage(Handler.java:125)
04-10 22:36:15.106  8613  8613 E LauncherProxyService: 	at android.os.Looper.loopOnce(Looper.java:292)
04-10 22:36:15.106  8613  8613 E LauncherProxyService: 	at android.os.Looper.loop(Looper.java:393)
04-10 22:36:15.106  8613  8613 E LauncherProxyService: 	at android.app.ActivityThread.main(ActivityThread.java:9486)
04-10 22:36:15.106  8613  8613 E LauncherProxyService: 	at java.lang.reflect.Method.invoke(Native Method)
04-10 22:36:15.106  8613  8613 E LauncherProxyService: 	at com.android.internal.os.RuntimeInit$MethodAndArgsCaller.run(RuntimeInit.java:575)
04-10 22:36:15.106  8613  8613 E LauncherProxyService: 	at com.android.internal.os.ZygoteInit.main(ZygoteInit.java:939)
04-10 22:36:15.159   505   505 E BpTransactionCompletedListener: Failed to transact (-32)
04-10 22:36:15.191   505   505 E BpTransactionCompletedListener: Failed to transact (-32)
04-10 22:36:15.257  8613  8789 E libbinder.IPCThreadState: Binder transaction failure. id: 349800, cmd: BR_DEAD_REPLY (29189), error: -22 (Invalid argument)
04-10 22:36:15.264  8613  8789 E ShellTransitions: Error running remote transition.
04-10 22:36:15.264  8613  8789 E ShellTransitions: android.os.DeadObjectException
04-10 22:36:15.264  8613  8789 E ShellTransitions: 	at android.os.BinderProxy.transactNative(Native Method)
04-10 22:36:15.264  8613  8789 E ShellTransitions: 	at android.os.BinderProxy.transact(BinderProxy.java:617)
04-10 22:36:15.264  8613  8789 E ShellTransitions: 	at android.window.IRemoteTransition$Stub$Proxy.startAnimation(IRemoteTransition.java:239)
04-10 22:36:15.264  8613  8789 E ShellTransitions: 	at com.android.wm.shell.transition.RemoteTransitionHandler.startAnimation(go/retraceme 2b9555e93469c570fe1eba6e00ba55c641998f0b05ea4e8d6000e443e74ca7fc:332)
04-10 22:36:15.264  8613  8789 E ShellTransitions: 	at com.android.wm.shell.transition.Transitions.processReadyQueue(go/retraceme 2b9555e93469c570fe1eba6e00ba55c641998f0b05ea4e8d6000e443e74ca7fc:529)
04-10 22:36:15.264  8613  8789 E ShellTransitions: 	at com.android.wm.shell.transition.Transitions.dispatchReady(go/retraceme 2b9555e93469c570fe1eba6e00ba55c641998f0b05ea4e8d6000e443e74ca7fc:498)
04-10 22:36:15.264  8613  8789 E ShellTransitions: 	at com.android.wm.shell.transition.Transitions$TransitionPlayerImpl$$ExternalSyntheticLambda1.run(go/retraceme 2b9555e93469c570fe1eba6e00ba55c641998f0b05ea4e8d6000e443e74ca7fc:264)
04-10 22:36:15.264  8613  8789 E ShellTransitions: 	at android.os.Handler.handleCallback(Handler.java:1095)
04-10 22:36:15.264  8613  8789 E ShellTransitions: 	at android.os.Handler.dispatchMessageImpl(Handler.java:135)
04-10 22:36:15.264  8613  8789 E ShellTransitions: 	at android.os.Handler.dispatchMessage(Handler.java:125)
04-10 22:36:15.264  8613  8789 E ShellTransitions: 	at android.os.Looper.loopOnce(Looper.java:292)
04-10 22:36:15.264  8613  8789 E ShellTransitions: 	at android.os.Looper.loop(Looper.java:393)
04-10 22:36:15.264  8613  8789 E ShellTransitions: 	at android.os.HandlerThread.run(HandlerThread.java:139)
04-10 22:36:16.717 10572 11604 E UsageReportingOptionsSt: INTERNAL_ERROR: setOptInOption should not be called while user is locked. [CONTEXT service_id=41 ]
04-10 22:36:16.727 13441 13441 E ConsumerBase: [ImageReader-132x132f1u2816m2-13441-0] abandonLocked: ConsumerBase is abandoned!
04-10 22:36:17.124 13441 13441 E ConsumerBase: [ImageReader-1x1f1u2816m2-13441-1] abandonLocked: ConsumerBase is abandoned!
04-10 22:36:17.152 13441 13460 E NexusCSStateManager: Failed to fetch from AppSearch
04-10 22:36:17.152 13441 13460 E NexusCSStateManager: java.util.NoSuchElementException: No value present
04-10 22:36:17.152 13441 13460 E NexusCSStateManager: 	at java.util.Optional.get(Optional.java:143)
04-10 22:36:17.152 13441 13460 E NexusCSStateManager: 	at p6.l.onResult(go/retraceme 7226a759aa2bb3787a79806f85d80eaad84f1f1e15acd6db988f2df789d1680d:36)
04-10 22:36:17.152 13441 13460 E NexusCSStateManager: 	at android.app.appsearch.SearchSessionUtil$1.lambda$onResult$0(go/retraceme 50c746ee5c32f88f733077ebeb4008935661f54b3d9e8e373e734d129bb80b29:144)
04-10 22:36:17.152 13441 13460 E NexusCSStateManager: 	at android.app.appsearch.SearchSessionUtil$1.$r8$lambda$CEk3q8sDAQVhU3rQwVueB8FAj_M(go/retraceme 50c746ee5c32f88f733077ebeb4008935661f54b3d9e8e373e734d129bb80b29:1)
04-10 22:36:17.152 13441 13460 E NexusCSStateManager: 	at android.app.appsearch.SearchSessionUtil$1$$ExternalSyntheticLambda0.run(go/retraceme 50c746ee5c32f88f733077ebeb4008935661f54b3d9e8e373e734d129bb80b29:22)
04-10 22:36:17.152 13441 13460 E NexusCSStateManager: 	at androidx.appfunctions.internal.e.execute(go/retraceme 7226a759aa2bb3787a79806f85d80eaad84f1f1e15acd6db988f2df789d1680d:0)
04-10 22:36:17.152 13441 13460 E NexusCSStateManager: 	at android.app.appsearch.SearchSessionUtil.safeExecute(go/retraceme 50c746ee5c32f88f733077ebeb4008935661f54b3d9e8e373e734d129bb80b29:21)
04-10 22:36:17.152 13441 13460 E NexusCSStateManager: 	at android.app.appsearch.SearchSessionUtil$1.onResult(go/retraceme 50c746ee5c32f88f733077ebeb4008935661f54b3d9e8e373e734d129bb80b29:18)
04-10 22:36:17.152 13441 13460 E NexusCSStateManager: 	at android.app.appsearch.aidl.IAppSearchBatchResultCallback$Stub.onTransact(go/retraceme 50c746ee5c32f88f733077ebeb4008935661f54b3d9e8e373e734d129bb80b29:50)
04-10 22:36:17.152 13441 13460 E NexusCSStateManager: 	at android.os.Binder.execTransactInternal(Binder.java:1471)
04-10 22:36:17.152 13441 13460 E NexusCSStateManager: 	at android.os.Binder.execTransact(Binder.java:1411)
04-10 22:36:18.328  8613  8789 E SingleInstanceRemoteListener: Failed remote call on null listener
04-10 22:36:18.586 13425 13618 E ActivityThread: Failed to find provider info for androidx.car.app.connection
04-10 22:36:18.825  8613  8789 E SingleInstanceRemoteListener: Failed remote call on null listener
04-10 22:36:18.862 13489 13489 E LibraryModuleRegistry: LibraryModuleRegistry.register():48 Module mobilebert_classifier_android_jni has already been registered to integrated_shared_object
04-10 22:36:19.109 13441 13468 E ConsumerBase: [ImageReader-132x132f1u2816m2-13441-2] abandonLocked: ConsumerBase is abandoned!
04-10 22:36:19.442   710   880 E InputDispatcher: channel '[Gesture Monitor] swipe-up' ~ Channel is unrecoverably broken and will be disposed!
04-10 22:36:19.463   710  1147 E TransitionController: Set visible without transition ActivityRecord{154011609 u0 com.google.android.apps.nexuslauncher/.NexusLauncherActivity t6} playing=false caller=com.android.server.wm.ActivityTaskSupervisor.realStartActivityLocked:873 
04-10 22:36:20.197 13441 13467 E ZeroStateWebSuggestDataLoader: Failed to fetch suggestions from AppSearch
04-10 22:36:20.197 13441 13467 E ZeroStateWebSuggestDataLoader: java.util.NoSuchElementException: No value present
04-10 22:36:20.197 13441 13467 E ZeroStateWebSuggestDataLoader: 	at java.util.Optional.get(Optional.java:143)
04-10 22:36:20.197 13441 13467 E ZeroStateWebSuggestDataLoader: 	at d6.j.onResult(go/retraceme 7226a759aa2bb3787a79806f85d80eaad84f1f1e15acd6db988f2df789d1680d:32)
04-10 22:36:20.197 13441 13467 E ZeroStateWebSuggestDataLoader: 	at android.app.appsearch.SearchSessionUtil$1.lambda$onResult$0(go/retraceme 50c746ee5c32f88f733077ebeb4008935661f54b3d9e8e373e734d129bb80b29:144)
04-10 22:36:20.197 13441 13467 E ZeroStateWebSuggestDataLoader: 	at android.app.appsearch.SearchSessionUtil$1.$r8$lambda$CEk3q8sDAQVhU3rQwVueB8FAj_M(go/retraceme 50c746ee5c32f88f733077ebeb4008935661f54b3d9e8e373e734d129bb80b29:1)
04-10 22:36:20.197 13441 13467 E ZeroStateWebSuggestDataLoader: 	at android.app.appsearch.SearchSessionUtil$1$$ExternalSyntheticLambda0.run(go/retraceme 50c746ee5c32f88f733077ebeb4008935661f54b3d9e8e373e734d129bb80b29:22)
04-10 22:36:20.197 13441 13467 E ZeroStateWebSuggestDataLoader: 	at android.os.Handler.handleCallback(Handler.java:1095)
04-10 22:36:20.197 13441 13467 E ZeroStateWebSuggestDataLoader: 	at android.os.Handler.dispatchMessageImpl(Handler.java:135)
04-10 22:36:20.197 13441 13467 E ZeroStateWebSuggestDataLoader: 	at android.os.Handler.dispatchMessage(Handler.java:125)
04-10 22:36:20.197 13441 13467 E ZeroStateWebSuggestDataLoader: 	at android.os.Looper.loopOnce(Looper.java:292)
04-10 22:36:20.197 13441 13467 E ZeroStateWebSuggestDataLoader: 	at android.os.Looper.loop(Looper.java:393)
04-10 22:36:20.197 13441 13467 E ZeroStateWebSuggestDataLoader: 	at android.os.HandlerThread.run(HandlerThread.java:139)
04-10 22:36:20.251 13441 13441 E RecyclerView: Cannot scroll to position a LayoutManager set. Call setLayoutManager with a non-null argument.
04-10 22:36:20.253 13441 13441 E RecyclerView: Cannot scroll to position a LayoutManager set. Call setLayoutManager with a non-null argument.
04-10 22:36:21.198   288   295 E lowmemorykiller: process_mrelease 13425 failed: No such process
04-10 22:36:21.213 13441 13788 E s.nexuslauncher: Invalid resource ID 0x00000000.
04-10 22:36:21.673   288   294 E lowmemorykiller: process_mrelease 13560 failed: No such process
04-10 22:36:21.828 13441 13468 E ConsumerBase: [ImageReader-132x132f1u2816m2-13441-3] abandonLocked: ConsumerBase is abandoned!
04-10 22:36:22.464 13489 13489 E GoogleInputMethodService: GoogleInputMethodService.getAppEditorInfo():1891 App EditorInfo should never be null.
04-10 22:36:22.650 13441 13466 E ConsumerBase: [ImageReader-26x26f1u2816m2-13441-4] abandonLocked: ConsumerBase is abandoned!
04-10 22:36:22.655 13489 13764 E EmojiSlicingStrategy: EmojiSlicingStrategy.getSlices():88 getSlices() : Received null or empty userEnabledLocales.
04-10 22:36:22.911 13489 13764 E EmojiSlicingStrategy: EmojiSlicingStrategy.getSlices():88 getSlices() : Received null or empty userEnabledLocales.
04-10 22:36:23.595 13720 13912 E PhotosApiClient: Execution exception occurred: java.util.concurrent.ExecutionException: io.grpc.StatusRuntimeException: UNIMPLEMENTED: bindService(Intent { act=grpc.io.action.BIND xflg=0x4 cmp=com.google.android.apps.photos/.curatedwallpapers.apiservice.PhotosCuratedWallpapersApiService }) returned false
04-10 22:36:24.710 13760 13818 E DatabaseUtils: Writing exception to parcel
04-10 22:36:24.710 13760 13818 E DatabaseUtils: java.lang.UnsupportedOperationException
04-10 22:36:24.710 13760 13818 E DatabaseUtils: 	at com.google.android.apps.gsa.staticplugins.publiccontent.GsaPublicContentProvider.query(PG:480)
04-10 22:36:24.710 13760 13818 E DatabaseUtils: 	at android.content.ContentProvider.query(ContentProvider.java:1670)
04-10 22:36:24.710 13760 13818 E DatabaseUtils: 	at android.content.ContentProvider.query(ContentProvider.java:1766)
04-10 22:36:24.710 13760 13818 E DatabaseUtils: 	at android.content.ContentProvider$Transport.query(ContentProvider.java:304)
04-10 22:36:24.710 13760 13818 E DatabaseUtils: 	at android.content.ContentProviderNative.onTransact(ContentProviderNative.java:109)
04-10 22:36:24.710 13760 13818 E DatabaseUtils: 	at android.os.Binder.execTransactInternal(Binder.java:1466)
04-10 22:36:24.710 13760 13818 E DatabaseUtils: 	at android.os.Binder.execTransact(Binder.java:1411)
04-10 22:36:24.726 13441 13701 E DoodleDataLoader: Error fetching doodle
04-10 22:36:24.726 13441 13701 E DoodleDataLoader: java.lang.UnsupportedOperationException
04-10 22:36:24.726 13441 13701 E DoodleDataLoader: 	at android.database.DatabaseUtils.readExceptionFromParcel(DatabaseUtils.java:209)
04-10 22:36:24.726 13441 13701 E DoodleDataLoader: 	at android.database.DatabaseUtils.readExceptionFromParcel(DatabaseUtils.java:177)
04-10 22:36:24.726 13441 13701 E DoodleDataLoader: 	at android.content.ContentProviderProxy.query(ContentProviderNative.java:497)
04-10 22:36:24.726 13441 13701 E DoodleDataLoader: 	at android.content.ContentProviderClient.lambda$query$1(ContentProviderClient.java:330)
04-10 22:36:24.726 13441 13701 E DoodleDataLoader: 	at android.content.ContentProviderClient.$r8$lambda$30ruSb8khJgOcMU3BAg6NHb0qXI(ContentProviderClient.java:0)
04-10 22:36:24.726 13441 13701 E DoodleDataLoader: 	at android.content.ContentProviderClient$$ExternalSyntheticLambda5.apply(D8$$SyntheticClass:0)
04-10 22:36:24.726 13441 13701 E DoodleDataLoader: 	at android.content.ContentProviderClient.execute(ContentProviderClient.java:732)
04-10 22:36:24.726 13441 13701 E DoodleDataLoader: 	at android.content.ContentProviderClient.query(ContentProviderClient.java:329)
04-10 22:36:24.726 13441 13701 E DoodleDataLoader: 	at android.content.ContentProviderClient.query(ContentProviderClient.java:320)
04-10 22:36:24.726 13441 13701 E DoodleDataLoader: 	at android.content.ContentProviderClient.query(ContentProviderClient.java:310)
04-10 22:36:24.726 13441 13701 E DoodleDataLoader: 	at l6.d.d(go/retraceme 7226a759aa2bb3787a79806f85d80eaad84f1f1e15acd6db988f2df789d1680d:23)
04-10 22:36:24.726 13441 13701 E DoodleDataLoader: 	at l6.g.run(go/retraceme 7226a759aa2bb3787a79806f85d80eaad84f1f1e15acd6db988f2df789d1680d:2)
04-10 22:36:24.726 13441 13701 E DoodleDataLoader: 	at android.os.Handler.handleCallback(Handler.java:1095)
04-10 22:36:24.726 13441 13701 E DoodleDataLoader: 	at android.os.Handler.dispatchMessageImpl(Handler.java:135)
04-10 22:36:24.726 13441 13701 E DoodleDataLoader: 	at android.os.Handler.dispatchMessage(Handler.java:125)
04-10 22:36:24.726 13441 13701 E DoodleDataLoader: 	at android.os.Looper.loopOnce(Looper.java:292)
04-10 22:36:24.726 13441 13701 E DoodleDataLoader: 	at android.os.Looper.loop(Looper.java:393)
04-10 22:36:24.726 13441 13701 E DoodleDataLoader: 	at android.os.HandlerThread.run(HandlerThread.java:139)
04-10 22:36:24.731 13760 13818 E DatabaseUtils: Writing exception to parcel
04-10 22:36:24.731 13760 13818 E DatabaseUtils: java.lang.UnsupportedOperationException
04-10 22:36:24.731 13760 13818 E DatabaseUtils: 	at com.google.android.apps.gsa.staticplugins.publiccontent.GsaPublicContentProvider.query(PG:480)
04-10 22:36:24.731 13760 13818 E DatabaseUtils: 	at android.content.ContentProvider.query(ContentProvider.java:1670)
04-10 22:36:24.731 13760 13818 E DatabaseUtils: 	at android.content.ContentProvider.query(ContentProvider.java:1766)
04-10 22:36:24.731 13760 13818 E DatabaseUtils: 	at android.content.ContentProvider$Transport.query(ContentProvider.java:304)
04-10 22:36:24.731 13760 13818 E DatabaseUtils: 	at android.content.ContentProviderNative.onTransact(ContentProviderNative.java:109)
04-10 22:36:24.731 13760 13818 E DatabaseUtils: 	at android.os.Binder.execTransactInternal(Binder.java:1466)
04-10 22:36:24.731 13760 13818 E DatabaseUtils: 	at android.os.Binder.execTransact(Binder.java:1411)
04-10 22:36:24.734 13441 13701 E DoodleDataLoader: Error fetching doodle
04-10 22:36:24.734 13441 13701 E DoodleDataLoader: java.lang.UnsupportedOperationException
04-10 22:36:24.734 13441 13701 E DoodleDataLoader: 	at android.database.DatabaseUtils.readExceptionFromParcel(DatabaseUtils.java:209)
04-10 22:36:24.734 13441 13701 E DoodleDataLoader: 	at android.database.DatabaseUtils.readExceptionFromParcel(DatabaseUtils.java:177)
04-10 22:36:24.734 13441 13701 E DoodleDataLoader: 	at android.content.ContentProviderProxy.query(ContentProviderNative.java:497)
04-10 22:36:24.734 13441 13701 E DoodleDataLoader: 	at android.content.ContentProviderClient.lambda$query$1(ContentProviderClient.java:330)
04-10 22:36:24.734 13441 13701 E DoodleDataLoader: 	at android.content.ContentProviderClient.$r8$lambda$30ruSb8khJgOcMU3BAg6NHb0qXI(ContentProviderClient.java:0)
04-10 22:36:24.734 13441 13701 E DoodleDataLoader: 	at android.content.ContentProviderClient$$ExternalSyntheticLambda5.apply(D8$$SyntheticClass:0)
04-10 22:36:24.734 13441 13701 E DoodleDataLoader: 	at android.content.ContentProviderClient.execute(ContentProviderClient.java:732)
04-10 22:36:24.734 13441 13701 E DoodleDataLoader: 	at android.content.ContentProviderClient.query(ContentProviderClient.java:329)
04-10 22:36:24.734 13441 13701 E DoodleDataLoader: 	at android.content.ContentProviderClient.query(ContentProviderClient.java:320)
04-10 22:36:24.734 13441 13701 E DoodleDataLoader: 	at android.content.ContentProviderClient.query(ContentProviderClient.java:310)
04-10 22:36:24.734 13441 13701 E DoodleDataLoader: 	at l6.d.d(go/retraceme 7226a759aa2bb3787a79806f85d80eaad84f1f1e15acd6db988f2df789d1680d:23)
04-10 22:36:24.734 13441 13701 E DoodleDataLoader: 	at l6.g.run(go/retraceme 7226a759aa2bb3787a79806f85d80eaad84f1f1e15acd6db988f2df789d1680d:2)
04-10 22:36:24.734 13441 13701 E DoodleDataLoader: 	at android.os.Handler.handleCallback(Handler.java:1095)
04-10 22:36:24.734 13441 13701 E DoodleDataLoader: 	at android.os.Handler.dispatchMessageImpl(Handler.java:135)
04-10 22:36:24.734 13441 13701 E DoodleDataLoader: 	at android.os.Handler.dispatchMessage(Handler.java:125)
04-10 22:36:24.734 13441 13701 E DoodleDataLoader: 	at android.os.Looper.loopOnce(Looper.java:292)
04-10 22:36:24.734 13441 13701 E DoodleDataLoader: 	at android.os.Looper.loop(Looper.java:393)
04-10 22:36:24.734 13441 13701 E DoodleDataLoader: 	at android.os.HandlerThread.run(HandlerThread.java:139)
04-10 22:36:27.428 13441 13468 E Launcher.Model: Loader task completed, name: [addCallbacksAndLoad], mIsCommitted=true
04-10 22:36:27.538   710   725 E JobScheduler.JobStatus: App com.google.android.inputmethod.latin became active but still in NEVER bucket
04-10 22:36:27.581   288   295 E lowmemorykiller: process_mrelease 13594 failed: No such process
04-10 22:36:27.611   710  1210 E JobScheduler.JobStatus: App com.google.android.inputmethod.latin became active but still in NEVER bucket
04-10 22:36:27.836   710   710 E libbinder.IPCThreadState: Binder transaction failure. id: 360741, cmd: BR_DEAD_REPLY (29189), error: -22 (Invalid argument)
04-10 22:36:27.871   710   880 E InputDispatcher: channel 'stylus-handwriting-event-receiver-0' ~ Channel is unrecoverably broken and will be disposed!
04-10 22:36:28.213 10572 10594 E UsageReportingOptionsSt: INTERNAL_ERROR: setOptInOption should not be called while user is locked. [CONTEXT service_id=41 ]
04-10 22:36:28.753 13852 14085 E ActivityThread: Failed to find provider info for androidx.car.app.connection
04-10 22:36:30.647   710  1994 E AppOps  : Bad call made by uid 1000. Package "com.google.android.googlequicksearchbox" does not belong to uid 1000.
04-10 22:36:30.756 14096 14096 E LibraryModuleRegistry: LibraryModuleRegistry.register():48 Module mobilebert_classifier_android_jni has already been registered to integrated_shared_object
04-10 22:36:31.716 14096 14096 E GoogleInputMethodService: GoogleInputMethodService.getAppEditorInfo():1891 App EditorInfo should never be null.
04-10 22:36:31.873 14096 14201 E EmojiSlicingStrategy: EmojiSlicingStrategy.getSlices():88 getSlices() : Received null or empty userEnabledLocales.
04-10 22:36:31.879 14096 14201 E EmojiSlicingStrategy: EmojiSlicingStrategy.getSlices():88 getSlices() : Received null or empty userEnabledLocales.
04-10 22:36:32.991   710  1994 E JobScheduler.JobStatus: App com.google.android.inputmethod.latin became active but still in NEVER bucket
04-10 22:36:32.998   710  1919 E JobScheduler.JobStatus: App com.google.android.inputmethod.latin became active but still in NEVER bucket
04-10 22:36:33.032   710  1147 E JobScheduler.JobStatus: App com.google.android.inputmethod.latin became active but still in NEVER bucket
04-10 22:36:33.038   710  1746 E JobScheduler.JobStatus: App com.google.android.inputmethod.latin became active but still in NEVER bucket
04-10 22:36:33.046   710  1746 E JobScheduler.JobStatus: App com.google.android.inputmethod.latin became active but still in NEVER bucket
04-10 22:36:33.053   710  1746 E JobScheduler.JobStatus: App com.google.android.inputmethod.latin became active but still in NEVER bucket
04-10 22:36:33.058   710  1746 E JobScheduler.JobStatus: App com.google.android.inputmethod.latin became active but still in NEVER bucket
04-10 22:36:33.067   710  1746 E JobScheduler.JobStatus: App com.google.android.inputmethod.latin became active but still in NEVER bucket
04-10 22:36:33.273 14096 14151 E HandwritingSuperpacksUtil: HandwritingSuperpacksUtil.getPackMappingPackName():42 No pack mapping pack found in []
04-10 22:36:33.565   710  1986 E JobScheduler.JobStatus: App com.google.android.inputmethod.latin became active but still in NEVER bucket
04-10 22:36:33.752   288   295 E lowmemorykiller: process_mrelease 13760 failed: No such process
04-10 22:36:33.795   710  1197 E AppOps  : Bad call made by uid 1000. Package "com.google.android.googlequicksearchbox" does not belong to uid 1000.
04-10 22:36:33.978 14096 14096 E AbstractOpenableExtension: AbstractOpenableExtension$1.onFailure():144 failed to parse keyboard group def : 2132213997 -> 0_resource_name_obfuscated. 
04-10 22:36:33.978 14096 14096 E AbstractOpenableExtension: java.util.concurrent.CancellationException: Task was cancelled.
04-10 22:36:33.978 14096 14096 E AbstractOpenableExtension: 	at ufk.i(PG:33)
04-10 22:36:33.978 14096 14096 E AbstractOpenableExtension: 	at ufs.r(PG:24)
04-10 22:36:33.978 14096 14096 E AbstractOpenableExtension: 	at ufk.get(PG:1)
04-10 22:36:33.978 14096 14096 E AbstractOpenableExtension: 	at a.n(PG:2)
04-10 22:36:33.978 14096 14096 E AbstractOpenableExtension: 	at uhk.run(PG:92)
04-10 22:36:33.978 14096 14096 E AbstractOpenableExtension: 	at ugs.execute(PG:1)
04-10 22:36:33.978 14096 14096 E AbstractOpenableExtension: 	at ufk.g(PG:1)
04-10 22:36:33.978 14096 14096 E AbstractOpenableExtension: 	at ufk.l(PG:101)
04-10 22:36:33.978 14096 14096 E AbstractOpenableExtension: 	at ufk.cancel(PG:52)
04-10 22:36:33.978 14096 14096 E AbstractOpenableExtension: 	at ufk.n(PG:17)
04-10 22:36:33.978 14096 14096 E AbstractOpenableExtension: 	at ufw.c(PG:3)
04-10 22:36:33.978 14096 14096 E AbstractOpenableExtension: 	at ufk.l(PG:30)
04-10 22:36:33.978 14096 14096 E AbstractOpenableExtension: 	at ufk.cancel(PG:52)
04-10 22:36:33.978 14096 14096 E AbstractOpenableExtension: 	at fsm.e(PG:64)
04-10 22:36:33.978 14096 14096 E AbstractOpenableExtension: 	at fsm.N(PG:4)
04-10 22:36:33.978 14096 14096 E AbstractOpenableExtension: 	at fsm.O(PG:1)
04-10 22:36:33.978 14096 14096 E AbstractOpenableExtension: 	at may.h(PG:33)
04-10 22:36:33.978 14096 14096 E AbstractOpenableExtension: 	at mwe.ag(PG:20)
04-10 22:36:33.978 14096 14096 E AbstractOpenableExtension: 	at ead.o(PG:247)
04-10 22:36:33.978 14096 14096 E AbstractOpenableExtension: 	at mvz.e(PG:3)
04-10 22:36:33.978 14096 14096 E AbstractOpenableExtension: 	at mtj.dx(PG:9)
04-10 22:36:33.978 14096 14096 E AbstractOpenableExtension: 	at nsh.run(PG:198)
04-10 22:36:33.978 14096 14096 E AbstractOpenableExtension: 	at ugs.execute(PG:1)
04-10 22:36:33.978 14096 14096 E AbstractOpenableExtension: 	at onf.c(PG:14)
04-10 22:36:33.978 14096 14096 E AbstractOpenableExtension: 	at nzd.l(PG:94)
04-10 22:36:33.978 14096 14096 E AbstractOpenableExtension: 	at nzd.j(PG:33)
04-10 22:36:33.978 14096 14096 E AbstractOpenableExtension: 	at oyp.b(PG:154)
04-10 22:36:33.978 14096 14096 E AbstractOpenableExtension: 	at uhk.run(PG:98)
04-10 22:36:33.978 14096 14096 E AbstractOpenableExtension: 	at android.os.Handler.handleCallback(Handler.java:1095)
04-10 22:36:33.978 14096 14096 E AbstractOpenableExtension: 	at android.os.Handler.dispatchMessageImpl(Handler.java:135)
04-10 22:36:33.978 14096 14096 E AbstractOpenableExtension: 	at android.os.Handler.dispatchMessage(Handler.java:125)
04-10 22:36:33.978 14096 14096 E AbstractOpenableExtension: 	at android.os.Looper.loopOnce(Looper.java:292)
04-10 22:36:33.978 14096 14096 E AbstractOpenableExtension: 	at android.os.Looper.loop(Looper.java:393)
04-10 22:36:33.978 14096 14096 E AbstractOpenableExtension: 	at android.app.ActivityThread.main(ActivityThread.java:9486)
04-10 22:36:33.978 14096 14096 E AbstractOpenableExtension: 	at java.lang.reflect.Method.invoke(Native Method)
04-10 22:36:33.978 14096 14096 E AbstractOpenableExtension: 	at com.android.internal.os.RuntimeInit$MethodAndArgsCaller.run(RuntimeInit.java:575)
04-10 22:36:33.978 14096 14096 E AbstractOpenableExtension: 	at com.android.internal.os.ZygoteInit.main(ZygoteInit.java:939)
04-10 22:36:33.979 14096 14096 E AbstractOpenableExtension: AbstractOpenableExtension$1.onFailure():144 failed to parse keyboard group def : 2132213998 -> 0_resource_name_obfuscated. 
04-10 22:36:33.979 14096 14096 E AbstractOpenableExtension: java.util.concurrent.CancellationException: Task was cancelled.
04-10 22:36:33.979 14096 14096 E AbstractOpenableExtension: 	at ufk.i(PG:33)
04-10 22:36:33.979 14096 14096 E AbstractOpenableExtension: 	at ufs.r(PG:24)
04-10 22:36:33.979 14096 14096 E AbstractOpenableExtension: 	at ufk.get(PG:1)
04-10 22:36:33.979 14096 14096 E AbstractOpenableExtension: 	at a.n(PG:2)
04-10 22:36:33.979 14096 14096 E AbstractOpenableExtension: 	at uhk.run(PG:92)
04-10 22:36:33.979 14096 14096 E AbstractOpenableExtension: 	at ugs.execute(PG:1)
04-10 22:36:33.979 14096 14096 E AbstractOpenableExtension: 	at ufk.g(PG:1)
04-10 22:36:33.979 14096 14096 E AbstractOpenableExtension: 	at ufk.l(PG:101)
04-10 22:36:33.979 14096 14096 E AbstractOpenableExtension: 	at ufk.cancel(PG:52)
04-10 22:36:33.979 14096 14096 E AbstractOpenableExtension: 	at ufk.n(PG:17)
04-10 22:36:33.979 14096 14096 E AbstractOpenableExtension: 	at ufw.c(PG:3)
04-10 22:36:33.979 14096 14096 E AbstractOpenableExtension: 	at ufk.l(PG:30)
04-10 22:36:33.979 14096 14096 E AbstractOpenableExtension: 	at ufk.cancel(PG:52)
04-10 22:36:33.979 14096 14096 E AbstractOpenableExtension: 	at fsm.e(PG:64)
04-10 22:36:33.979 14096 14096 E AbstractOpenableExtension: 	at fsm.N(PG:4)
04-10 22:36:33.979 14096 14096 E AbstractOpenableExtension: 	at fsm.O(PG:1)
04-10 22:36:33.979 14096 14096 E AbstractOpenableExtension: 	at may.h(PG:33)
04-10 22:36:33.979 14096 14096 E AbstractOpenableExtension: 	at mwe.ag(PG:20)
04-10 22:36:33.979 14096 14096 E AbstractOpenableExtension: 	at ead.o(PG:247)
04-10 22:36:33.979 14096 14096 E AbstractOpenableExtension: 	at mvz.e(PG:3)
04-10 22:36:33.979 14096 14096 E AbstractOpenableExtension: 	at mtj.dx(PG:9)
04-10 22:36:33.979 14096 14096 E AbstractOpenableExtension: 	at nsh.run(PG:198)
04-10 22:36:33.979 14096 14096 E AbstractOpenableExtension: 	at ugs.execute(PG:1)
04-10 22:36:33.979 14096 14096 E AbstractOpenableExtension: 	at onf.c(PG:14)
04-10 22:36:33.979 14096 14096 E AbstractOpenableExtension: 	at nzd.l(PG:94)
04-10 22:36:33.979 14096 14096 E AbstractOpenableExtension: 	at nzd.j(PG:33)
04-10 22:36:33.979 14096 14096 E AbstractOpenableExtension: 	at oyp.b(PG:154)
04-10 22:36:33.979 14096 14096 E AbstractOpenableExtension: 	at uhk.run(PG:98)
04-10 22:36:33.979 14096 14096 E AbstractOpenableExtension: 	at android.os.Handler.handleCallback(Handler.java:1095)
04-10 22:36:33.979 14096 14096 E AbstractOpenableExtension: 	at android.os.Handler.dispatchMessageImpl(Handler.java:135)
04-10 22:36:33.979 14096 14096 E AbstractOpenableExtension: 	at android.os.Handler.dispatchMessage(Handler.java:125)
04-10 22:36:33.979 14096 14096 E AbstractOpenableExtension: 	at android.os.Looper.loopOnce(Looper.java:292)
04-10 22:36:33.979 14096 14096 E AbstractOpenableExtension: 	at android.os.Looper.loop(Looper.java:393)
04-10 22:36:33.979 14096 14096 E AbstractOpenableExtension: 	at android.app.ActivityThread.main(ActivityThread.java:9486)
04-10 22:36:33.979 14096 14096 E AbstractOpenableExtension: 	at java.lang.reflect.Method.invoke(Native Method)
04-10 22:36:33.979 14096 14096 E AbstractOpenableExtension: 	at com.android.internal.os.RuntimeInit$MethodAndArgsCaller.run(RuntimeInit.java:575)
04-10 22:36:33.979 14096 14096 E AbstractOpenableExtension: 	at com.android.internal.os.ZygoteInit.main(ZygoteInit.java:939)
04-10 22:36:33.984   710   927 E libbinder.IPCThreadState: Binder transaction failure. id: 371540, cmd: BR_DEAD_REPLY (29189), error: -22 (Invalid argument)
04-10 22:36:33.995   710   927 E ConnectivityService: RemoteException caught trying to send a callback msg for NetworkRequest [ TRACK_DEFAULT id=444, [ Capabilities: INTERNET&NOT_RESTRICTED&TRUSTED&NOT_VCN_MANAGED&NOT_BANDWIDTH_CONSTRAINED Uid: 10154 RequestorUid: 10154 RequestorPkg: com.android.vending UnderlyingNetworks: Null] ]
04-10 22:36:33.996   710   927 E libbinder.IPCThreadState: Binder transaction failure. id: 371569, cmd: BR_DEAD_REPLY (29189), error: -22 (Invalid argument)
04-10 22:36:33.997   710   927 E ConnectivityService: RemoteException caught trying to send a callback msg for NetworkRequest [ LISTEN id=446, [ Capabilities: INTERNET&NOT_RESTRICTED&TRUSTED&NOT_VCN_MANAGED&NOT_BANDWIDTH_CONSTRAINED Uid: 10154 RequestorUid: 10154 RequestorPkg: com.android.vending UnderlyingNetworks: Null] ]
04-10 22:36:34.003   288   294 E lowmemorykiller: process_mrelease 14086 failed: No such process
04-10 22:36:34.010   710   927 E libbinder.IPCThreadState: Binder transaction failure. id: 371578, cmd: BR_DEAD_REPLY (29189), error: -22 (Invalid argument)
04-10 22:36:34.011   710   927 E ConnectivityService: RemoteException caught trying to send a callback msg for NetworkRequest [ TRACK_DEFAULT id=450, [ Capabilities: INTERNET&NOT_RESTRICTED&TRUSTED&NOT_VCN_MANAGED&NOT_BANDWIDTH_CONSTRAINED Uid: 10154 RequestorUid: 10154 RequestorPkg: com.android.vending UnderlyingNetworks: Null] ]
04-10 22:36:34.011   710   927 E libbinder.IPCThreadState: Binder transaction failure. id: 371579, cmd: BR_DEAD_REPLY (29189), error: -22 (Invalid argument)
04-10 22:36:34.011   710   927 E ConnectivityService: RemoteException caught trying to send a callback msg for NetworkRequest [ LISTEN id=452, [ Capabilities: INTERNET&NOT_RESTRICTED&TRUSTED&NOT_VCN_MANAGED&NOT_BANDWIDTH_CONSTRAINED Uid: 10154 RequestorUid: 10154 RequestorPkg: com.android.vending UnderlyingNetworks: Null] ]
04-10 22:36:34.097   710  1456 E JobScheduler.JobStatus: App com.google.android.inputmethod.latin became active but still in NEVER bucket
04-10 22:36:34.193   710  1147 E libbinder.IPCThreadState: Binder transaction failure. id: 371759, cmd: BR_DEAD_REPLY (29189), error: -22 (Invalid argument)
04-10 22:36:34.204   710  1147 E RemoteProvisionSysSvc: getKeyAsync threw an exception for client 220301689
04-10 22:36:34.204   710  1147 E RemoteProvisionSysSvc: java.lang.RuntimeException: android.os.DeadObjectException
04-10 22:36:34.204   710  1147 E RemoteProvisionSysSvc: 	at android.security.rkp.service.RegistrationProxy.getKeyAsync(RegistrationProxy.java:307)
04-10 22:36:34.204   710  1147 E RemoteProvisionSysSvc: 	at com.android.server.security.rkp.RemoteProvisioningRegistration.getKey(RemoteProvisioningRegistration.java:124)
04-10 22:36:34.204   710  1147 E RemoteProvisionSysSvc: 	at android.security.rkp.IRegistration$Stub.onTransact(IRegistration.java:158)
04-10 22:36:34.204   710  1147 E RemoteProvisionSysSvc: 	at android.os.Binder.execTransactInternal(Binder.java:1471)
04-10 22:36:34.204   710  1147 E RemoteProvisionSysSvc: 	at android.os.Binder.execTransact(Binder.java:1411)
04-10 22:36:34.204   710  1147 E RemoteProvisionSysSvc: Caused by: android.os.DeadObjectException
04-10 22:36:34.204   710  1147 E RemoteProvisionSysSvc: 	at android.os.BinderProxy.transactNative(Native Method)
04-10 22:36:34.204   710  1147 E RemoteProvisionSysSvc: 	at android.os.BinderProxy.transact(BinderProxy.java:617)
04-10 22:36:34.204   710  1147 E RemoteProvisionSysSvc: 	at com.android.rkpdapp.IRegistration$Stub$Proxy.getKey(IRegistration.java:205)
04-10 22:36:34.204   710  1147 E RemoteProvisionSysSvc: 	at android.security.rkp.service.RegistrationProxy.getKeyAsync(RegistrationProxy.java:305)
04-10 22:36:34.204   710  1147 E RemoteProvisionSysSvc: 	... 4 more
04-10 22:36:34.209   710   710 E libbinder.IPCThreadState: Binder transaction failure. id: 371786, cmd: BR_DEAD_REPLY (29189), error: -22 (Invalid argument)
04-10 22:36:34.216   312   324 E keystore2: system/security/keystore2/rkpd_client/src/lib.rs:199 - IGetKeyCallback failed: android.os.DeadObjectException
04-10 22:36:34.216   312   325 E keystore2: system/security/keystore2/src/remote_provisioning.rs:114 - Failed to get rkpd key: system/security/keystore2/rkpd_client/src/lib.rs:200: GetKeyCallback failed: r#ERROR_UNKNOWN "android.os.DeadObjectException"
04-10 22:36:34.216   312   325 E keystore2: 
04-10 22:36:34.216   312   325 E keystore2: Caused by:
04-10 22:36:34.216   312   325 E keystore2:     Failed to get key: r#ERROR_UNKNOWN
04-10 22:36:34.216   312   325 E keystore2: system/security/keystore2/src/error.rs:69 - system/security/keystore2/src/security_level.rs:705: Trying to get an attestation key
04-10 22:36:34.216   312   325 E keystore2: 
04-10 22:36:34.216   312   325 E keystore2: Caused by:
04-10 22:36:34.216   312   325 E keystore2:     0: system/security/keystore2/src/attestation_key_utils.rs:69: Trying to get attestation key from RKPD.
04-10 22:36:34.216   312   325 E keystore2:     1: system/security/keystore2/rkpd_client/src/lib.rs:200: GetKeyCallback failed: r#ERROR_UNKNOWN "android.os.DeadObjectException"
04-10 22:36:34.216   312   325 E keystore2:        
04-10 22:36:34.216   312   325 E keystore2:        Caused by:
04-10 22:36:34.216   312   325 E keystore2:            Failed to get key: r#ERROR_UNKNOWN
04-10 22:36:34.216   312   325 E keystore2:     2: Error::Rc(r#OUT_OF_KEYS_TRANSIENT_ERROR) for AppUid(10217)
04-10 22:36:34.225   710   880 E InputDispatcher: channel 'stylus-handwriting-event-receiver-0' ~ Channel is unrecoverably broken and will be disposed!
04-10 22:36:34.230 10572 11886 E libbinder.IPCThreadState: Binder transaction failure. id: 371822, cmd: BR_DEAD_REPLY (29189), error: -22 (Invalid argument)
04-10 22:36:34.649   288   295 E lowmemorykiller: process_mrelease 14283 failed: No such process
04-10 22:36:35.365 10572 10865 E libbinder.IPCThreadState: Binder transaction failure. id: 373037, cmd: BR_DEAD_REPLY (29189), error: -22 (Invalid argument)
04-10 22:36:35.371   710   880 E InputDispatcher: channel '[Gesture Monitor] swipe-up' ~ Channel is unrecoverably broken and will be disposed!
04-10 22:36:35.375   710   880 E InputDispatcher: channel '[Gesture Monitor] minus-one' ~ Channel is unrecoverably broken and will be disposed!
04-10 22:36:35.378   710   880 E InputDispatcher: channel 'c0a9a86 Taskbar' ~ Channel is unrecoverably broken and will be disposed!
04-10 22:36:35.381   710   880 E libbinder.IPCThreadState: Binder transaction failure. id: 373055, cmd: BR_DEAD_REPLY (29189), error: -3 (No such process)
04-10 22:36:35.387   710   880 E libbinder.IPCThreadState: Binder transaction failure. id: 373063, cmd: BR_DEAD_REPLY (29189), error: -3 (No such process)
04-10 22:36:35.426  8613  8789 E SingleInstanceRemoteListener: Failed remote call
04-10 22:36:35.426  8613  8789 E SingleInstanceRemoteListener: android.os.DeadObjectException
04-10 22:36:35.426  8613  8789 E SingleInstanceRemoteListener: 	at android.os.BinderProxy.transactNative(Native Method)
04-10 22:36:35.426  8613  8789 E SingleInstanceRemoteListener: 	at android.os.BinderProxy.transact(BinderProxy.java:617)
04-10 22:36:35.426  8613  8789 E SingleInstanceRemoteListener: 	at com.android.wm.shell.transition.HomeTransitionObserver$1.insetsChanged(go/retraceme 2b9555e93469c570fe1eba6e00ba55c641998f0b05ea4e8d6000e443e74ca7fc:41)
04-10 22:36:35.426  8613  8789 E SingleInstanceRemoteListener: 	at com.android.wm.shell.common.DisplayInsetsController$OnInsetsChangedListener.insetsChanged(go/retraceme 2b9555e93469c570fe1eba6e00ba55c641998f0b05ea4e8d6000e443e74ca7fc:0)
04-10 22:36:35.426  8613  8789 E SingleInstanceRemoteListener: 	at com.android.wm.shell.common.DisplayInsetsController$PerDisplay$DisplayWindowInsetsControllerImpl$$ExternalSyntheticLambda4.run(go/retraceme 2b9555e93469c570fe1eba6e00ba55c641998f0b05ea4e8d6000e443e74ca7fc:204)
04-10 22:36:35.426  8613  8789 E SingleInstanceRemoteListener: 	at android.os.Handler.handleCallback(Handler.java:1095)
04-10 22:36:35.426  8613  8789 E SingleInstanceRemoteListener: 	at android.os.Handler.dispatchMessageImpl(Handler.java:135)
04-10 22:36:35.426  8613  8789 E SingleInstanceRemoteListener: 	at android.os.Handler.dispatchMessage(Handler.java:125)
04-10 22:36:35.426  8613  8789 E SingleInstanceRemoteListener: 	at android.os.Looper.loopOnce(Looper.java:292)
04-10 22:36:35.426  8613  8789 E SingleInstanceRemoteListener: 	at android.os.Looper.loop(Looper.java:393)
04-10 22:36:35.426  8613  8789 E SingleInstanceRemoteListener: 	at android.os.HandlerThread.run(HandlerThread.java:139)
04-10 22:36:35.442   505   505 E BpTransactionCompletedListener: Failed to transact (-32)
04-10 22:36:35.443   710   846 E TransitionChain: Can't collect into a chain with no transition
04-10 22:36:35.443   710   846 E TransitionChain: Can't collect into a chain with no transition
04-10 22:36:35.480  8613  8613 E LauncherProxyService: Failed to get launcher proxy for system bar attr change.
04-10 22:36:36.013   710   925 E Nl80211Native: getChannelsMhzForBand: Wiphy index not recorded for band 8
04-10 22:36:36.013   710   925 E Nl80211Native: getChannelsMhzForBand: Wiphy index not recorded for band 16
04-10 22:36:36.038 13485 13613 E libbinder.IPCThreadState: Binder transaction failure. id: 373891, cmd: BR_DEAD_REPLY (29189), error: -22 (Invalid argument)
04-10 22:36:36.038 13485 13613 E GmsTaskChimeraService: Error reporting result of operation to scheduler for languageprofile.SyncPeriodicWipeoutTask
04-10 22:36:36.299   710   925 E Nl80211Native: getChannelsMhzForBand: Wiphy index not recorded for band 8
04-10 22:36:36.300   710   925 E Nl80211Native: getChannelsMhzForBand: Wiphy index not recorded for band 16
04-10 22:36:36.402   710   747 E PackageManager: Optimistic bind failed.
04-10 22:36:36.402   710   747 E PackageManager: java.util.concurrent.TimeoutException: [Optimistic Bind] Didn't bind to resolver in time!
04-10 22:36:36.402   710   747 E PackageManager: 	at com.android.server.pm.InstantAppResolverConnection.waitForBindLocked(InstantAppResolverConnection.java:160)
04-10 22:36:36.402   710   747 E PackageManager: 	at com.android.server.pm.InstantAppResolverConnection.bind(InstantAppResolverConnection.java:230)
04-10 22:36:36.402   710   747 E PackageManager: 	at com.android.server.pm.InstantAppResolverConnection.lambda$optimisticBind$0(InstantAppResolverConnection.java:260)
04-10 22:36:36.402   710   747 E PackageManager: 	at com.android.server.pm.InstantAppResolverConnection.$r8$lambda$66W2s2mMKe4pk_xXCScH9RCqav8(InstantAppResolverConnection.java:0)
04-10 22:36:36.402   710   747 E PackageManager: 	at com.android.server.pm.InstantAppResolverConnection$$ExternalSyntheticLambda0.run(R8$$SyntheticClass:0)
04-10 22:36:36.402   710   747 E PackageManager: 	at android.os.Handler.handleCallback(Handler.java:1095)
04-10 22:36:36.402   710   747 E PackageManager: 	at android.os.Handler.dispatchMessageImpl(Handler.java:135)
04-10 22:36:36.402   710   747 E PackageManager: 	at android.os.Handler.dispatchMessage(Handler.java:125)
04-10 22:36:36.402   710   747 E PackageManager: 	at android.os.Looper.loopOnce(Looper.java:292)
04-10 22:36:36.402   710   747 E PackageManager: 	at android.os.Looper.loop(Looper.java:393)
04-10 22:36:36.402   710   747 E PackageManager: 	at android.os.HandlerThread.run(HandlerThread.java:139)
04-10 22:36:36.972 14359 14359 E ConsumerBase: [ImageReader-132x132f1u2816m2-14359-0] abandonLocked: ConsumerBase is abandoned!
04-10 22:36:37.259 14359 14371 E NexusCSStateManager: Failed to fetch from AppSearch
04-10 22:36:37.259 14359 14371 E NexusCSStateManager: java.util.NoSuchElementException: No value present
04-10 22:36:37.259 14359 14371 E NexusCSStateManager: 	at java.util.Optional.get(Optional.java:143)
04-10 22:36:37.259 14359 14371 E NexusCSStateManager: 	at p6.l.onResult(go/retraceme 7226a759aa2bb3787a79806f85d80eaad84f1f1e15acd6db988f2df789d1680d:36)
04-10 22:36:37.259 14359 14371 E NexusCSStateManager: 	at android.app.appsearch.SearchSessionUtil$1.lambda$onResult$0(go/retraceme 50c746ee5c32f88f733077ebeb4008935661f54b3d9e8e373e734d129bb80b29:144)
04-10 22:36:37.259 14359 14371 E NexusCSStateManager: 	at android.app.appsearch.SearchSessionUtil$1.$r8$lambda$CEk3q8sDAQVhU3rQwVueB8FAj_M(go/retraceme 50c746ee5c32f88f733077ebeb4008935661f54b3d9e8e373e734d129bb80b29:1)
04-10 22:36:37.259 14359 14371 E NexusCSStateManager: 	at android.app.appsearch.SearchSessionUtil$1$$ExternalSyntheticLambda0.run(go/retraceme 50c746ee5c32f88f733077ebeb4008935661f54b3d9e8e373e734d129bb80b29:22)
04-10 22:36:37.259 14359 14371 E NexusCSStateManager: 	at androidx.appfunctions.internal.e.execute(go/retraceme 7226a759aa2bb3787a79806f85d80eaad84f1f1e15acd6db988f2df789d1680d:0)
04-10 22:36:37.259 14359 14371 E NexusCSStateManager: 	at android.app.appsearch.SearchSessionUtil.safeExecute(go/retraceme 50c746ee5c32f88f733077ebeb4008935661f54b3d9e8e373e734d129bb80b29:21)
04-10 22:36:37.259 14359 14371 E NexusCSStateManager: 	at android.app.appsearch.SearchSessionUtil$1.onResult(go/retraceme 50c746ee5c32f88f733077ebeb4008935661f54b3d9e8e373e734d129bb80b29:18)
04-10 22:36:37.259 14359 14371 E NexusCSStateManager: 	at android.app.appsearch.aidl.IAppSearchBatchResultCallback$Stub.onTransact(go/retraceme 50c746ee5c32f88f733077ebeb4008935661f54b3d9e8e373e734d129bb80b29:50)
04-10 22:36:37.259 14359 14371 E NexusCSStateManager: 	at android.os.Binder.execTransactInternal(Binder.java:1471)
04-10 22:36:37.259 14359 14371 E NexusCSStateManager: 	at android.os.Binder.execTransact(Binder.java:1411)
04-10 22:36:37.350 14359 14359 E ConsumerBase: [ImageReader-1x1f1u2816m2-14359-1] abandonLocked: ConsumerBase is abandoned!
04-10 22:36:37.626   710   734 E libbinder.Parcel: Reading a NULL string not supported here.
04-10 22:36:37.627   710   734 E ARProxy : Unknown descriptor: 
04-10 22:36:37.632 14402 14402 E LibraryModuleRegistry: LibraryModuleRegistry.register():48 Module mobilebert_classifier_android_jni has already been registered to integrated_shared_object
04-10 22:36:37.764 14386 14386 E NetworkScheduler: Compat called without init
04-10 22:36:37.854  8613  8789 E SingleInstanceRemoteListener: Failed remote call on null listener
04-10 22:36:38.122  8613  8789 E SingleInstanceRemoteListener: Failed remote call on null listener
04-10 22:36:38.319 14386 14386 E .gms.persistent: hiddenapi: Accessing hidden method Landroid/net/ConnectivityManager;->isNetworkTypeMobile(I)Z (runtime_flags=0, domain=platform, api=max-target-p) from Lbzxz; (domain=app, TargetSdkVersion=37) using reflection: denied
04-10 22:36:38.319 14386 14386 E .gms.persistent: hiddenapi: Accessing hidden method Landroid/os/PowerManager;->isLightDeviceIdleMode()Z (runtime_flags=0, domain=platform, api=max-target-s) from Lbzxz; (domain=app, TargetSdkVersion=37) using reflection: denied
04-10 22:36:38.329   710   880 E InputDispatcher: channel '[Gesture Monitor] swipe-up' ~ Channel is unrecoverably broken and will be disposed!
04-10 22:36:38.336   710  1926 E TransitionController: Set visible without transition ActivityRecord{154011609 u0 com.google.android.apps.nexuslauncher/.NexusLauncherActivity t6} playing=false caller=com.android.server.wm.ActivityTaskSupervisor.realStartActivityLocked:873 
04-10 22:36:38.586 14359 14380 E ZeroStateWebSuggestDataLoader: Failed to fetch suggestions from AppSearch
04-10 22:36:38.586 14359 14380 E ZeroStateWebSuggestDataLoader: java.util.NoSuchElementException: No value present
04-10 22:36:38.586 14359 14380 E ZeroStateWebSuggestDataLoader: 	at java.util.Optional.get(Optional.java:143)
04-10 22:36:38.586 14359 14380 E ZeroStateWebSuggestDataLoader: 	at d6.j.onResult(go/retraceme 7226a759aa2bb3787a79806f85d80eaad84f1f1e15acd6db988f2df789d1680d:32)
04-10 22:36:38.586 14359 14380 E ZeroStateWebSuggestDataLoader: 	at android.app.appsearch.SearchSessionUtil$1.lambda$onResult$0(go/retraceme 50c746ee5c32f88f733077ebeb4008935661f54b3d9e8e373e734d129bb80b29:144)
04-10 22:36:38.586 14359 14380 E ZeroStateWebSuggestDataLoader: 	at android.app.appsearch.SearchSessionUtil$1.$r8$lambda$CEk3q8sDAQVhU3rQwVueB8FAj_M(go/retraceme 50c746ee5c32f88f733077ebeb4008935661f54b3d9e8e373e734d129bb80b29:1)
04-10 22:36:38.586 14359 14380 E ZeroStateWebSuggestDataLoader: 	at android.app.appsearch.SearchSessionUtil$1$$ExternalSyntheticLambda0.run(go/retraceme 50c746ee5c32f88f733077ebeb4008935661f54b3d9e8e373e734d129bb80b29:22)
04-10 22:36:38.586 14359 14380 E ZeroStateWebSuggestDataLoader: 	at android.os.Handler.handleCallback(Handler.java:1095)
04-10 22:36:38.586 14359 14380 E ZeroStateWebSuggestDataLoader: 	at android.os.Handler.dispatchMessageImpl(Handler.java:135)
04-10 22:36:38.586 14359 14380 E ZeroStateWebSuggestDataLoader: 	at android.os.Handler.dispatchMessage(Handler.java:125)
04-10 22:36:38.586 14359 14380 E ZeroStateWebSuggestDataLoader: 	at android.os.Looper.loopOnce(Looper.java:292)
04-10 22:36:38.586 14359 14380 E ZeroStateWebSuggestDataLoader: 	at android.os.Looper.loop(Looper.java:393)
04-10 22:36:38.586 14359 14380 E ZeroStateWebSuggestDataLoader: 	at android.os.HandlerThread.run(HandlerThread.java:139)
04-10 22:36:38.766 14359 14381 E ConsumerBase: [ImageReader-132x132f1u2816m2-14359-2] abandonLocked: ConsumerBase is abandoned!
04-10 22:36:38.829 14402 14402 E GoogleInputMethodService: GoogleInputMethodService.getAppEditorInfo():1891 App EditorInfo should never be null.
04-10 22:36:38.881 14402 14494 E EmojiSlicingStrategy: EmojiSlicingStrategy.getSlices():88 getSlices() : Received null or empty userEnabledLocales.
04-10 22:36:38.883 14402 14494 E EmojiSlicingStrategy: EmojiSlicingStrategy.getSlices():88 getSlices() : Received null or empty userEnabledLocales.
04-10 22:36:39.061 14359 14359 E RecyclerView: Cannot scroll to position a LayoutManager set. Call setLayoutManager with a non-null argument.
04-10 22:36:39.066 14359 14359 E RecyclerView: Cannot scroll to position a LayoutManager set. Call setLayoutManager with a non-null argument.
--------- beginning of crash
04-10 22:36:39.595 13121 13121 E AndroidRuntime: FATAL EXCEPTION: main
04-10 22:36:39.595 13121 13121 E AndroidRuntime: Process: com.ecommerceearn.app, PID: 13121
04-10 22:36:39.595 13121 13121 E AndroidRuntime: java.lang.IllegalArgumentException: Padding must be non-negative
04-10 22:36:39.595 13121 13121 E AndroidRuntime: 	at androidx.compose.foundation.layout.PaddingElement.<init>(Padding.kt:336)
04-10 22:36:39.595 13121 13121 E AndroidRuntime: 	at androidx.compose.foundation.layout.PaddingElement.<init>(Padding.kt:0)
04-10 22:36:39.595 13121 13121 E AndroidRuntime: 	at androidx.compose.foundation.layout.PaddingKt.padding-qDBjuR0(Padding.kt:54)
04-10 22:36:39.595 13121 13121 E AndroidRuntime: 	at androidx.compose.foundation.layout.PaddingKt.padding-qDBjuR0$default(Padding.kt:49)
04-10 22:36:39.595 13121 13121 E AndroidRuntime: 	at com.ecommerceearn.app.ui.components.EarlyBirdDealsViewKt.EarlyBirdCard(EarlyBirdDealsView.kt:125)
04-10 22:36:39.595 13121 13121 E AndroidRuntime: 	at com.ecommerceearn.app.ui.components.EarlyBirdDealsViewKt.EarlyBirdDealsView(EarlyBirdDealsView.kt:74)
04-10 22:36:39.595 13121 13121 E AndroidRuntime: 	at com.ecommerceearn.app.ui.components.SDUIRendererKt.RenderEarlyBirdDeals(SDUIRenderer.kt:549)
04-10 22:36:39.595 13121 13121 E AndroidRuntime: 	at com.ecommerceearn.app.ui.components.SDUIRendererKt.SDUIRenderer(SDUIRenderer.kt:90)
04-10 22:36:39.595 13121 13121 E AndroidRuntime: 	at com.ecommerceearn.app.ui.components.SDUIPageKt.SDUIPage(SDUIPage.kt:104)
04-10 22:36:39.595 13121 13121 E AndroidRuntime: 	at com.ecommerceearn.app.ui.components.SDUIPageKt$SDUIPage$7.invoke(SDUIPage.kt:14)
04-10 22:36:39.595 13121 13121 E AndroidRuntime: 	at com.ecommerceearn.app.ui.components.SDUIPageKt$SDUIPage$7.invoke(SDUIPage.kt:10)
04-10 22:36:39.595 13121 13121 E AndroidRuntime: 	at androidx.compose.runtime.RecomposeScopeImpl.compose(RecomposeScopeImpl.kt:192)
04-10 22:36:39.595 13121 13121 E AndroidRuntime: 	at androidx.compose.runtime.ComposerImpl.recomposeToGroupEnd(Composer.kt:2556)
04-10 22:36:39.595 13121 13121 E AndroidRuntime: 	at androidx.compose.runtime.ComposerImpl.skipCurrentGroup(Composer.kt:2827)
04-10 22:36:39.595 13121 13121 E AndroidRuntime: 	at androidx.compose.runtime.ComposerImpl.doCompose(Composer.kt:3314)
04-10 22:36:39.595 13121 13121 E AndroidRuntime: 	at androidx.compose.runtime.ComposerImpl.recompose$runtime_release(Composer.kt:3265)
04-10 22:36:39.595 13121 13121 E AndroidRuntime: 	at androidx.compose.runtime.CompositionImpl.recompose(Composition.kt:940)
04-10 22:36:39.595 13121 13121 E AndroidRuntime: 	at androidx.compose.runtime.Recomposer.performRecompose(Recomposer.kt:1155)
04-10 22:36:39.595 13121 13121 E AndroidRuntime: 	at androidx.compose.runtime.Recomposer.access$performRecompose(Recomposer.kt:127)
04-10 22:36:39.595 13121 13121 E AndroidRuntime: 	at androidx.compose.runtime.Recomposer$runRecomposeAndApplyChanges$2$1.invoke(Recomposer.kt:583)
04-10 22:36:39.595 13121 13121 E AndroidRuntime: 	at androidx.compose.runtime.Recomposer$runRecomposeAndApplyChanges$2$1.invoke(Recomposer.kt:551)
04-10 22:36:39.595 13121 13121 E AndroidRuntime: 	at androidx.compose.ui.platform.AndroidUiFrameClock$withFrameNanos$2$callback$1.doFrame(AndroidUiFrameClock.android.kt:41)
04-10 22:36:39.595 13121 13121 E AndroidRuntime: 	at androidx.compose.ui.platform.AndroidUiDispatcher.performFrameDispatch(AndroidUiDispatcher.android.kt:109)
04-10 22:36:39.595 13121 13121 E AndroidRuntime: 	at androidx.compose.ui.platform.AndroidUiDispatcher.access$performFrameDispatch(AndroidUiDispatcher.android.kt:41)
04-10 22:36:39.595 13121 13121 E AndroidRuntime: 	at androidx.compose.ui.platform.AndroidUiDispatcher$dispatchCallback$1.doFrame(AndroidUiDispatcher.android.kt:69)
04-10 22:36:39.595 13121 13121 E AndroidRuntime: 	at android.view.Choreographer$CallbackRecord.run(Choreographer.java:1658)
04-10 22:36:39.595 13121 13121 E AndroidRuntime: 	at android.view.Choreographer$CallbackRecord.run(Choreographer.java:1669)
04-10 22:36:39.595 13121 13121 E AndroidRuntime: 	at android.view.Choreographer.doCallbacks(Choreographer.java:1255)
04-10 22:36:39.595 13121 13121 E AndroidRuntime: 	at android.view.Choreographer.doFrame(Choreographer.java:1208)
04-10 22:36:39.595 13121 13121 E AndroidRuntime: 	at android.view.Choreographer$FrameDisplayEventReceiver.run(Choreographer.java:1643)
04-10 22:36:39.595 13121 13121 E AndroidRuntime: 	at android.os.Handler.handleCallback(Handler.java:1095)
04-10 22:36:39.595 13121 13121 E AndroidRuntime: 	at android.os.Handler.dispatchMessageImpl(Handler.java:135)
04-10 22:36:39.595 13121 13121 E AndroidRuntime: 	at android.os.Handler.dispatchMessage(Handler.java:125)
04-10 22:36:39.595 13121 13121 E AndroidRuntime: 	at android.os.Looper.loopOnce(Looper.java:292)
04-10 22:36:39.595 13121 13121 E AndroidRuntime: 	at android.os.Looper.loop(Looper.java:393)
04-10 22:36:39.595 13121 13121 E AndroidRuntime: 	at android.app.ActivityThread.main(ActivityThread.java:9486)
04-10 22:36:39.595 13121 13121 E AndroidRuntime: 	at java.lang.reflect.Method.invoke(Native Method)
04-10 22:36:39.595 13121 13121 E AndroidRuntime: 	at com.android.internal.os.RuntimeInit$MethodAndArgsCaller.run(RuntimeInit.java:575)
04-10 22:36:39.595 13121 13121 E AndroidRuntime: 	at com.android.internal.os.ZygoteInit.main(ZygoteInit.java:939)
04-10 22:36:39.595 13121 13121 E AndroidRuntime: 	Suppressed: kotlinx.coroutines.internal.DiagnosticCoroutineContextException: [androidx.compose.runtime.PausableMonotonicFrameClock@b7db86a, androidx.compose.ui.platform.MotionDurationScaleImpl@eb4015b, StandaloneCoroutine{Cancelling}@2707df8, AndroidUiDispatcher@61762d1]
04-10 22:36:39.928   710  1926 E JobScheduler.JobStatus: App com.google.android.inputmethod.latin became active but still in NEVER bucket
04-10 22:36:40.340   710  1105 E JobScheduler.JobStatus: App com.google.android.inputmethod.latin became active but still in NEVER bucket
04-10 22:36:40.368   710  1105 E JobScheduler.JobStatus: App com.google.android.inputmethod.latin became active but still in NEVER bucket
04-10 22:36:40.389 14402 14459 E HandwritingSuperpacksUtil: HandwritingSuperpacksUtil.getPackMappingPackName():42 No pack mapping pack found in []
04-10 22:36:40.449   710  1916 E JobScheduler.JobStatus: App com.google.android.inputmethod.latin became active but still in NEVER bucket
04-10 22:36:40.492   710  1105 E JobScheduler.JobStatus: App com.google.android.inputmethod.latin became active but still in NEVER bucket
04-10 22:36:40.505   710  1456 E JobScheduler.JobStatus: App com.google.android.inputmethod.latin became active but still in NEVER bucket
04-10 22:36:40.538   710   724 E JobScheduler.JobStatus: App com.google.android.inputmethod.latin became active but still in NEVER bucket
04-10 22:36:40.605 14359 14379 E ConsumerBase: [ImageReader-26x26f1u2816m2-14359-3] abandonLocked: ConsumerBase is abandoned!
04-10 22:36:40.679   710  2506 E libbinder.IPCThreadState: Binder transaction failure. id: 379291, cmd: BR_DEAD_REPLY (29189), error: -22 (Invalid argument)
04-10 22:36:40.735   710  1991 E JobScheduler.JobStatus: App com.google.android.inputmethod.latin became active but still in NEVER bucket
04-10 22:36:40.774 14402 14402 E GoogleInputMethodService: GoogleInputMethodService.getAppEditorInfo():1891 App EditorInfo should never be null.
04-10 22:36:41.008   505   505 E BpTransactionCompletedListener: Failed to transact (-32)
04-10 22:36:41.272   710  1858 E JobScheduler.JobStatus: App com.google.android.inputmethod.latin became active but still in NEVER bucket
04-10 22:36:41.338   710  1916 E JobScheduler.JobStatus: App com.google.android.inputmethod.latin became active but still in NEVER bucket
04-10 22:36:41.367 14402 14512 E MDDTaskScheduler: MDDTaskScheduler.scheduleDownload():191 work Data {charging : false, mdd_task_tag : download, network : false} scheduled
04-10 22:36:41.508   710  1916 E JobScheduler.JobStatus: App com.google.android.inputmethod.latin became active but still in NEVER bucket
04-10 22:36:41.541 14359 14381 E ConsumerBase: [ImageReader-132x132f1u2816m2-14359-4] abandonLocked: ConsumerBase is abandoned!
04-10 22:36:42.227 14584 14631 E DatabaseUtils: Writing exception to parcel
04-10 22:36:42.227 14584 14631 E DatabaseUtils: java.lang.UnsupportedOperationException
04-10 22:36:42.227 14584 14631 E DatabaseUtils: 	at com.google.android.apps.gsa.staticplugins.publiccontent.GsaPublicContentProvider.query(PG:480)
04-10 22:36:42.227 14584 14631 E DatabaseUtils: 	at android.content.ContentProvider.query(ContentProvider.java:1670)
04-10 22:36:42.227 14584 14631 E DatabaseUtils: 	at android.content.ContentProvider.query(ContentProvider.java:1766)
04-10 22:36:42.227 14584 14631 E DatabaseUtils: 	at android.content.ContentProvider$Transport.query(ContentProvider.java:304)
04-10 22:36:42.227 14584 14631 E DatabaseUtils: 	at android.content.ContentProviderNative.onTransact(ContentProviderNative.java:109)
04-10 22:36:42.227 14584 14631 E DatabaseUtils: 	at android.os.Binder.execTransactInternal(Binder.java:1466)
04-10 22:36:42.227 14584 14631 E DatabaseUtils: 	at android.os.Binder.execTransact(Binder.java:1411)
04-10 22:36:42.237 14359 14521 E DoodleDataLoader: Error fetching doodle
04-10 22:36:42.237 14359 14521 E DoodleDataLoader: java.lang.UnsupportedOperationException
04-10 22:36:42.237 14359 14521 E DoodleDataLoader: 	at android.database.DatabaseUtils.readExceptionFromParcel(DatabaseUtils.java:209)
04-10 22:36:42.237 14359 14521 E DoodleDataLoader: 	at android.database.DatabaseUtils.readExceptionFromParcel(DatabaseUtils.java:177)
04-10 22:36:42.237 14359 14521 E DoodleDataLoader: 	at android.content.ContentProviderProxy.query(ContentProviderNative.java:497)
04-10 22:36:42.237 14359 14521 E DoodleDataLoader: 	at android.content.ContentProviderClient.lambda$query$1(ContentProviderClient.java:330)
04-10 22:36:42.237 14359 14521 E DoodleDataLoader: 	at android.content.ContentProviderClient.$r8$lambda$30ruSb8khJgOcMU3BAg6NHb0qXI(ContentProviderClient.java:0)
04-10 22:36:42.237 14359 14521 E DoodleDataLoader: 	at android.content.ContentProviderClient$$ExternalSyntheticLambda5.apply(D8$$SyntheticClass:0)
04-10 22:36:42.237 14359 14521 E DoodleDataLoader: 	at android.content.ContentProviderClient.execute(ContentProviderClient.java:732)
04-10 22:36:42.237 14359 14521 E DoodleDataLoader: 	at android.content.ContentProviderClient.query(ContentProviderClient.java:329)
04-10 22:36:42.237 14359 14521 E DoodleDataLoader: 	at android.content.ContentProviderClient.query(ContentProviderClient.java:320)
04-10 22:36:42.237 14359 14521 E DoodleDataLoader: 	at android.content.ContentProviderClient.query(ContentProviderClient.java:310)
04-10 22:36:42.237 14359 14521 E DoodleDataLoader: 	at l6.d.d(go/retraceme 7226a759aa2bb3787a79806f85d80eaad84f1f1e15acd6db988f2df789d1680d:23)
04-10 22:36:42.237 14359 14521 E DoodleDataLoader: 	at l6.g.run(go/retraceme 7226a759aa2bb3787a79806f85d80eaad84f1f1e15acd6db988f2df789d1680d:2)
04-10 22:36:42.237 14359 14521 E DoodleDataLoader: 	at android.os.Handler.handleCallback(Handler.java:1095)
04-10 22:36:42.237 14359 14521 E DoodleDataLoader: 	at android.os.Handler.dispatchMessageImpl(Handler.java:135)
04-10 22:36:42.237 14359 14521 E DoodleDataLoader: 	at android.os.Handler.dispatchMessage(Handler.java:125)
04-10 22:36:42.237 14359 14521 E DoodleDataLoader: 	at android.os.Looper.loopOnce(Looper.java:292)
04-10 22:36:42.237 14359 14521 E DoodleDataLoader: 	at android.os.Looper.loop(Looper.java:393)
04-10 22:36:42.237 14359 14521 E DoodleDataLoader: 	at android.os.HandlerThread.run(HandlerThread.java:139)
04-10 22:36:42.259   710  1744 E JobScheduler.JobStatus: App com.google.android.inputmethod.latin became active but still in NEVER bucket
04-10 22:36:42.512   710  1003 E JobScheduler.JobStatus: App com.google.android.inputmethod.latin became active but still in NEVER bucket
04-10 22:36:42.528 14583 14773 E PhotosApiClient: Execution exception occurred: java.util.concurrent.ExecutionException: io.grpc.StatusRuntimeException: UNIMPLEMENTED: bindService(Intent { act=grpc.io.action.BIND xflg=0x4 cmp=com.google.android.apps.photos/.curatedwallpapers.apiservice.PhotosCuratedWallpapersApiService }) returned false
04-10 22:36:42.793   710  1210 E JobScheduler.JobStatus: App com.google.android.inputmethod.latin became active but still in NEVER bucket
04-10 22:36:42.985   710  1003 E JobScheduler.JobStatus: App com.google.android.inputmethod.latin became active but still in NEVER bucket
04-10 22:36:43.101 14359 14381 E Launcher.Model: Loader task completed, name: [addCallbacksAndLoad], mIsCommitted=true
04-10 22:36:44.254   710  1210 E JobScheduler.JobStatus: App com.google.android.inputmethod.latin became active but still in NEVER bucket
04-10 22:36:44.267 14402 14463 E HandwritingSuperpacksUtil: HandwritingSuperpacksUtil.getPackMappingPackName():42 No pack mapping pack found in []
04-10 22:36:44.286   710  1849 E TaskPersister: File error accessing recents directory (directory doesn't exist?).
04-10 22:36:44.622   710  1147 E JobScheduler.JobStatus: App com.google.android.inputmethod.latin became active but still in NEVER bucket
04-10 22:36:44.838 14386 14398 E UsageReportingOptionsSt: INTERNAL_ERROR: setOptInOption should not be called while user is locked. [CONTEXT service_id=41 ]
04-10 22:36:44.867 14511 14831 E ActivityThread: Failed to find provider info for androidx.car.app.connection
04-10 22:36:44.933   710  1003 E JobScheduler.JobStatus: App com.google.android.inputmethod.latin became active but still in NEVER bucket
04-10 22:36:45.202   710  1744 E JobScheduler.JobStatus: App com.google.android.inputmethod.latin became active but still in NEVER bucket
04-10 22:36:45.303   710  1210 E JobScheduler.JobStatus: App com.google.android.inputmethod.latin became active but still in NEVER bucket
04-10 22:36:45.491   710  1919 E JobScheduler.JobStatus: App com.google.android.inputmethod.latin became active but still in NEVER bucket
04-10 22:36:47.387 14386 14811 E AbstractGmsTracer: Traced class shouldn't be obfuscated: dnoo [CONTEXT service_id=259 ]
04-10 22:36:47.904   710  1991 E AppOps  : Bad call made by uid 1000. Package "com.google.android.apps.photos" does not belong to uid 1000.
04-10 22:36:48.028   288   294 E lowmemorykiller: process_mrelease 14858 failed: No such process
04-10 22:36:48.345 14386 14465 E libbinder.IPCThreadState: Binder transaction failure. id: 392199, cmd: BR_DEAD_REPLY (29189), error: -22 (Invalid argument)
04-10 22:36:48.345 14386 14809 E libbinder.IPCThreadState: Binder transaction failure. id: 392200, cmd: BR_DEAD_REPLY (29189), error: -22 (Invalid argument)
04-10 22:36:48.374 14386 14809 E libbinder.IPCThreadState: Binder transaction failure. id: 392230, cmd: BR_DEAD_REPLY (29189), error: -22 (Invalid argument)
04-10 22:36:48.393 14386 14465 E libbinder.IPCThreadState: Binder transaction failure. id: 392273, cmd: BR_DEAD_REPLY (29189), error: -22 (Invalid argument)
04-10 22:36:48.701   710   919 E WifiChipAidlImpl: getUsableChannels failed with service-specific exception: android.os.ServiceSpecificException:  (code 4)
04-10 22:36:48.723   710  1168 E AppOps  : Bad call made by uid 1000. Package "com.google.android.googlequicksearchbox" does not belong to uid 1000.
04-10 22:36:49.058   710  1456 E AppOps  : Bad call made by uid 1000. Package "com.google.android.googlequicksearchbox" does not belong to uid 1000.
04-10 22:36:49.143 14386 14865 E libbinder.IPCThreadState: Binder transaction failure. id: 393093, cmd: BR_DEAD_REPLY (29189), error: -22 (Invalid argument)
04-10 22:36:49.988 14386 14452 E UsageReportingOptionsSt: INTERNAL_ERROR: setOptInOption should not be called while user is locked. [CONTEXT service_id=41 ]
04-10 22:36:50.183 14987 15046 E ActivityThread: Failed to find provider info for androidx.car.app.connection
04-10 22:36:52.791 14386 14865 E .gms.persistent: hiddenapi: Accessing hidden method Landroid/net/ConnectivityManager;->isNetworkSupported(I)Z (runtime_flags=0, domain=platform, api=max-target-p) from Lbioh; (domain=app, TargetSdkVersion=37) using reflection: denied
04-10 22:36:55.575 13485 14374 E native_loader: Java_hotLoad not found!
04-10 22:36:55.576 13485 14374 E NativeHotLoader: Failed to hotload library '/data/app/~~ZcGfAzgJinPFs3ubKWxgUA==/com.google.android.gms-HyXQiO6os206Or8mn8m9jQ==/base.apk!/lib/x86_64/libgmscore.so'. [CONTEXT service_id=447 ]
04-10 22:36:57.665 13485 13662 E SharingClientImpl: Unsuspend failed: null
04-10 22:37:00.863   710   758 E BluetoothPowerStatsCollector: Cannot acquire BluetoothActivityEnergyInfo
04-10 22:37:00.863   710   758 E BluetoothPowerStatsCollector: java.util.concurrent.ExecutionException: java.lang.RuntimeException: error: 11
04-10 22:37:00.863   710   758 E BluetoothPowerStatsCollector: 	at java.util.concurrent.CompletableFuture.reportGet(CompletableFuture.java:372)
04-10 22:37:00.863   710   758 E BluetoothPowerStatsCollector: 	at java.util.concurrent.CompletableFuture.get(CompletableFuture.java:2072)
04-10 22:37:00.863   710   758 E BluetoothPowerStatsCollector: 	at com.android.server.power.stats.BluetoothPowerStatsCollector.collectBluetoothActivityInfo(BluetoothPowerStatsCollector.java:197)
04-10 22:37:00.863   710   758 E BluetoothPowerStatsCollector: 	at com.android.server.power.stats.BluetoothPowerStatsCollector.collectStats(BluetoothPowerStatsCollector.java:156)
04-10 22:37:00.863   710   758 E BluetoothPowerStatsCollector: 	at com.android.server.power.stats.PowerStatsCollector.collectAndDeliverStats(PowerStatsCollector.java:205)
04-10 22:37:00.863   710   758 E BluetoothPowerStatsCollector: 	at com.android.server.power.stats.PowerStatsCollector.lambda$schedule$0(PowerStatsCollector.java:175)
04-10 22:37:00.863   710   758 E BluetoothPowerStatsCollector: 	at com.android.server.power.stats.PowerStatsCollector.$r8$lambda$G7G_yFY7rV7oxQbQHnZ5FHX8eBk(PowerStatsCollector.java:0)
04-10 22:37:00.863   710   758 E BluetoothPowerStatsCollector: 	at com.android.server.power.stats.PowerStatsCollector$$ExternalSyntheticLambda1.run(R8$$SyntheticClass:0)
04-10 22:37:00.863   710   758 E BluetoothPowerStatsCollector: 	at android.os.Handler.handleCallback(Handler.java:1095)
04-10 22:37:00.863   710   758 E BluetoothPowerStatsCollector: 	at android.os.Handler.dispatchMessageImpl(Handler.java:135)
04-10 22:37:00.863   710   758 E BluetoothPowerStatsCollector: 	at android.os.Handler.dispatchMessage(Handler.java:125)
04-10 22:37:00.863   710   758 E BluetoothPowerStatsCollector: 	at android.os.Looper.loopOnce(Looper.java:292)
04-10 22:37:00.863   710   758 E BluetoothPowerStatsCollector: 	at android.os.Looper.loop(Looper.java:393)
04-10 22:37:00.863   710   758 E BluetoothPowerStatsCollector: 	at android.os.HandlerThread.run(HandlerThread.java:139)
04-10 22:37:00.863   710   758 E BluetoothPowerStatsCollector: Caused by: java.lang.RuntimeException: error: 11
04-10 22:37:00.863   710   758 E BluetoothPowerStatsCollector: 	at com.android.server.power.stats.BluetoothPowerStatsCollector$1.onBluetoothActivityEnergyInfoError(BluetoothPowerStatsCollector.java:185)
04-10 22:37:00.863   710   758 E BluetoothPowerStatsCollector: 	at android.bluetooth.BluetoothAdapter$OnBluetoothActivityEnergyInfoProxy.lambda$onBluetoothActivityEnergyInfoAvailable$0(BluetoothAdapter.java:952)
04-10 22:37:00.863   710   758 E BluetoothPowerStatsCollector: 	at android.bluetooth.BluetoothAdapter$OnBluetoothActivityEnergyInfoProxy.$r8$lambda$ks_hN9Vo_x2Jp1k5f-s67WiAd4A(BluetoothAdapter.java:0)
04-10 22:37:00.863   710   758 E BluetoothPowerStatsCollector: 	at android.bluetooth.BluetoothAdapter$OnBluetoothActivityEnergyInfoProxy$$ExternalSyntheticLambda0.run(D8$$SyntheticClass:0)
04-10 22:37:00.863   710   758 E BluetoothPowerStatsCollector: 	at android.bluetooth.BluetoothUtils.lambda$executeFromBinder$0(BluetoothUtils.java:342)
04-10 22:37:00.863   710   758 E BluetoothPowerStatsCollector: 	at android.bluetooth.BluetoothUtils$$ExternalSyntheticLambda1.run(D8$$SyntheticClass:0)
04-10 22:37:00.863   710   758 E BluetoothPowerStatsCollector: 	at com.android.server.SystemServerInitThreadPool$$ExternalSyntheticLambda0.execute(R8$$SyntheticClass:0)
04-10 22:37:00.863   710   758 E BluetoothPowerStatsCollector: 	at android.bluetooth.BluetoothUtils.executeFromBinder(BluetoothUtils.java:342)
04-10 22:37:00.863   710   758 E BluetoothPowerStatsCollector: 	at android.bluetooth.BluetoothAdapter$OnBluetoothActivityEnergyInfoProxy.onBluetoothActivityEnergyInfoAvailable(BluetoothAdapter.java:950)
04-10 22:37:00.863   710   758 E BluetoothPowerStatsCollector: 	at android.bluetooth.IBluetoothActivityEnergyInfoListener$Stub.onTransact(IBluetoothActivityEnergyInfoListener.java:90)
04-10 22:37:00.863   710   758 E BluetoothPowerStatsCollector: 	at android.os.Binder.execTransactInternal(Binder.java:1471)
04-10 22:37:00.863   710   758 E BluetoothPowerStatsCollector: 	at android.os.Binder.execTransact(Binder.java:1411)
04-10 22:37:01.361 14987 15026 E Finsky  : [59] [Counters] attempted to use a non-positive increment for: 3703
04-10 22:37:02.051 14987 15028 E Finsky  : [61] [Counters] attempted to use a non-positive increment for: 4752
04-10 22:37:02.319 14987 15026 E Finsky  : [59] [Counters] attempted to use a non-positive increment for: 4753
04-10 22:37:04.865 14987 15028 E AbstractLogEventBuilder: The provided ProductIdOrigin 3 is not one of the process-level expected values: 1 or 2
04-10 22:37:06.124 14987 15026 E Finsky  : [59] ItemStore: getItems RPC failed for item com.android.providers.calendar
04-10 22:37:06.124 14987 15026 E Finsky  : [59] ItemStore: getItems RPC failed for item com.google.android.telecomui
04-10 22:37:06.125 14987 15026 E Finsky  : [59] ItemStore: getItems RPC failed for item com.android.printspooler
04-10 22:37:06.126 14987 15026 E Finsky  : [59] ItemStore: getItems RPC failed for item com.android.wallpapercropper
04-10 22:37:06.126 14987 15026 E Finsky  : [59] ItemStore: getItems RPC failed for item com.android.systemui.emulation.pixel_4_xl
04-10 22:37:06.127 14987 15026 E Finsky  : [59] ItemStore: getItems RPC failed for item com.google.android.networkstack.tethering
04-10 22:37:06.127 14987 15026 E Finsky  : [59] ItemStore: getItems RPC failed for item com.google.android.hotspot2.osulogin
04-10 22:37:06.127 14987 15026 E Finsky  : [59] ItemStore: getItems RPC failed for item com.android.bluetoothmidiservice
04-10 22:37:06.127 14987 15026 E Finsky  : [59] ItemStore: getItems RPC failed for item com.android.systemui.emulation.pixel_6
04-10 22:37:06.127 14987 15029 E Finsky  : [62] ItemStore: getItems RPC failed for item com.google.android.connectivity.resources.goldfish.overlay
04-10 22:37:06.128 14987 15026 E Finsky  : [59] ItemStore: getItems RPC failed for item com.android.carrierdefaultapp
04-10 22:37:06.127 14987 15029 E Finsky  : [62] ItemStore: getItems RPC failed for item com.android.internal.emulation.pixel_7
04-10 22:37:06.128 14987 15026 E Finsky  : [59] ItemStore: getItems RPC failed for item com.android.providers.contacts
04-10 22:37:06.128 14987 15026 E Finsky  : [59] ItemStore: getItems RPC failed for item com.android.carrierconfig.auto_generated_rro_product__
04-10 22:37:06.129 14987 15026 E Finsky  : [59] ItemStore: getItems RPC failed for item com.android.providers.settings.auto_generated_rro_product__
04-10 22:37:06.129 14987 15026 E Finsky  : [59] ItemStore: getItems RPC failed for item com.android.settings
04-10 22:37:06.130 14987 15026 E Finsky  : [59] ItemStore: getItems RPC failed for item com.android.internal.emulation.pixel_10_pro_fold
04-10 22:37:06.130 14987 15026 E Finsky  : [59] ItemStore: getItems RPC failed for item com.android.systemui.emulation.pixel_3_xl
04-10 22:37:06.130 14987 15026 E Finsky  : [59] ItemStore: getItems RPC failed for item com.android.internal.emulation.pixel_9_pro
04-10 22:37:06.130 14987 15026 E Finsky  : [59] ItemStore: getItems RPC failed for item com.android.bips
04-10 22:37:06.131 14987 15026 E Finsky  : [59] ItemStore: getItems RPC failed for item com.android.internal.emulation.pixel_10_pro_xl
04-10 22:37:06.132 14987 15026 E Finsky  : [59] ItemStore: getItems RPC failed for item com.android.phone.auto_generated_rro_product__
04-10 22:37:06.132 14987 15026 E Finsky  : [59] ItemStore: getItems RPC failed for item com.google.android.connectivity.resources
04-10 22:37:06.132 14987 15026 E Finsky  : [59] ItemStore: getItems RPC failed for item com.android.systemui.emulation.pixel_8a
04-10 22:37:06.133 14987 15026 E Finsky  : [59] ItemStore: getItems RPC failed for item com.android.systemui.emulation.pixel_10
04-10 22:37:06.133 14987 15026 E Finsky  : [59] ItemStore: getItems RPC failed for item com.android.hardware.contexthub
04-10 22:37:06.133 14987 15026 E Finsky  : [59] ItemStore: getItems RPC failed for item com.android.managedprovisioning.auto_generated_rro_product__
04-10 22:37:06.134 14987 15026 E Finsky  : [59] ItemStore: getItems RPC failed for item com.ecommerceearn.app
04-10 22:37:06.134 14987 15026 E Finsky  : [59] ItemStore: getItems RPC failed for item android.auto_generated_rro_product__
04-10 22:37:06.134 14987 15026 E Finsky  : [59] ItemStore: getItems RPC failed for item com.android.systemui.emulation.pixel_9_pro_xl
04-10 22:37:06.135 14987 15026 E Finsky  : [59] ItemStore: getItems RPC failed for item com.android.internal.systemui.navbar.twobutton
04-10 22:37:06.135 14987 15026 E Finsky  : [59] ItemStore: getItems RPC failed for item com.android.intentresolver
04-10 22:37:06.136 14987 15026 E Finsky  : [59] ItemStore: getItems RPC failed for item com.android.vpndialogs
04-10 22:37:06.136 14987 15026 E Finsky  : [59] ItemStore: getItems RPC failed for item com.android.simappdialog
04-10 22:37:06.136 14987 15026 E Finsky  : [59] ItemStore: getItems RPC failed for item com.google.android.packageinstaller
04-10 22:37:06.136 14987 15026 E Finsky  : [59] ItemStore: getItems RPC failed for item com.android.devicelockcontroller
04-10 22:37:06.138 14987 15026 E Finsky  : [59] ItemStore: getItems RPC failed for item com.google.android.health.connect.backuprestore
04-10 22:37:06.138 14987 15026 E Finsky  : [59] ItemStore: getItems RPC failed for item com.google.android.runtime
04-10 22:37:06.139 14987 15026 E Finsky  : [59] ItemStore: getItems RPC failed for item com.google.android.healthconnect.controller
04-10 22:37:06.139 14987 15026 E Finsky  : [59] ItemStore: getItems RPC failed for item com.android.localtransport
04-10 22:37:06.139 14987 15026 E Finsky  : [59] ItemStore: getItems RPC failed for item com.android.systemui.emulation.pixel_8_pro
04-10 22:37:06.139 14987 15026 E Finsky  : [59] ItemStore: getItems RPC failed for item com.android.systemui.emulation.pixel_6a
04-10 22:37:06.140 14987 15026 E Finsky  : [59] ItemStore: getItems RPC failed for item com.android.pacprocessor
04-10 22:37:06.140 14987 15026 E Finsky  : [59] ItemStore: getItems RPC failed for item com.android.companiondevicemanager
04-10 22:37:06.128 14987 15029 E Finsky  : [62] ItemStore: getItems RPC failed for item com.google.android.overlay.largescreensettingsprovider
04-10 22:37:06.141 14987 15026 E Finsky  : [59] ItemStore: getItems RPC failed for item com.android.internal.emulation.pixel_2_xl
04-10 22:37:06.141 14987 15026 E Finsky  : [59] ItemStore: getItems RPC failed for item com.google.android.federatedcompute
04-10 22:37:06.143 14987 15026 E Finsky  : [59] ItemStore: getItems RPC failed for item com.android.companiondevicemanager.auto_generated_characteristics_rro
04-10 22:37:06.143 14987 15026 E Finsky  : [59] ItemStore: getItems RPC failed for item com.android.systemui.emulation.pixel_9_pro_fold
04-10 22:37:06.145 14987 15026 E Finsky  : [59] ItemStore: getItems RPC failed for item com.android.npumanager
04-10 22:37:06.145 14987 15026 E Finsky  : [59] ItemStore: getItems RPC failed for item com.android.carrierconfig.auto_generated_rro_vendor__
04-10 22:37:06.146 14987 15026 E Finsky  : [59] ItemStore: getItems RPC failed for item com.android.systemui.auto_generated_rro_product__
04-10 22:37:06.146 14987 15029 E Finsky  : [62] ItemStore: getItems RPC failed for item com.google.android.sdksandbox
04-10 22:37:06.146 14987 15026 E Finsky  : [59] ItemStore: getItems RPC failed for item com.android.internal.emulation.pixel_10_pro
04-10 22:37:06.146 14987 15029 E Finsky  : [62] ItemStore: getItems RPC failed for item com.android.systemui
04-10 22:37:06.146 14987 15029 E Finsky  : [62] ItemStore: getItems RPC failed for item com.android.cts.ctsshim
04-10 22:37:06.146 14987 15029 E Finsky  : [62] ItemStore: getItems RPC failed for item com.android.internal.emulation.pixel_10
04-10 22:37:06.146 14987 15029 E Finsky  : [62] ItemStore: getItems RPC failed for item com.google.android.wifi.dialog
04-10 22:37:06.146 14987 15029 E Finsky  : [62] ItemStore: getItems RPC failed for item com.android.hardware.uwb
04-10 22:37:06.147 14987 15029 E Finsky  : [62] ItemStore: getItems RPC failed for item com.google.android.gsf
04-10 22:37:06.147 14987 15029 E Finsky  : [62] ItemStore: getItems RPC failed for item com.google.android.cellbroadcastreceiver
04-10 22:37:06.147 14987 15029 E Finsky  : [62] ItemStore: getItems RPC failed for item com.android.wallpaper.livepicker
04-10 22:37:06.147 14987 15029 E Finsky  : [62] ItemStore: getItems RPC failed for item com.android.hardware.power
04-10 22:37:06.147 14987 15029 E Finsky  : [62] ItemStore: getItems RPC failed for item com.google.android.overlay.googlewebview
04-10 22:37:06.147 14987 15029 E Finsky  : [62] ItemStore: getItems RPC failed for item com.android.virt
04-10 22:37:06.147 14987 15026 E Finsky  : [59] ItemStore: getItems RPC failed for item com.android.internal.emulation.pixel_9_pro_xl
04-10 22:37:06.147 14987 15026 E Finsky  : [59] ItemStore: getItems RPC failed for item com.android.internal.emulation.pixel_3_xl
04-10 22:37:06.148 14987 15029 E Finsky  : [62] ItemStore: getItems RPC failed for item com.android.sharedstoragebackup
04-10 22:37:06.148 14987 15026 E Finsky  : [59] ItemStore: getItems RPC failed for item com.android.hardware.vibrator
04-10 22:37:06.148 14987 15029 E Finsky  : [62] ItemStore: getItems RPC failed for item com.android.certinstaller
04-10 22:37:06.148 14987 15026 E Finsky  : [59] ItemStore: getItems RPC failed for item com.android.internal.display.cutout.emulation.emu01
04-10 22:37:06.148 14987 15026 E Finsky  : [59] ItemStore: getItems RPC failed for item com.android.providers.telephony.auto_generated_characteristics_rro
04-10 22:37:06.148 14987 15029 E Finsky  : [62] ItemStore: getItems RPC failed for item com.android.bookmarkprovider
04-10 22:37:06.148 14987 15026 E Finsky  : [59] ItemStore: getItems RPC failed for item com.android.externalstorage
04-10 22:37:06.148 14987 15029 E Finsky  : [62] ItemStore: getItems RPC failed for item com.android.providers.settings
04-10 22:37:06.148 14987 15026 E Finsky  : [59] ItemStore: getItems RPC failed for item com.android.systemui.emulation.pixel_8
04-10 22:37:06.148 14987 15029 E Finsky  : [62] ItemStore: getItems RPC failed for item com.android.contactspicker
04-10 22:37:06.149 14987 15026 E Finsky  : [59] ItemStore: getItems RPC failed for item com.google.android.soundpicker
04-10 22:37:06.149 14987 15029 E Finsky  : [62] ItemStore: getItems RPC failed for item com.google.android.photopicker
04-10 22:37:06.149 14987 15026 E Finsky  : [59] ItemStore: getItems RPC failed for item com.android.internal.emulation.pixel_9a
04-10 22:37:06.149 14987 15029 E Finsky  : [62] ItemStore: getItems RPC failed for item com.android.systemui.emulation.pixel_10_pro_fold
04-10 22:37:06.149 14987 15026 E Finsky  : [59] ItemStore: getItems RPC failed for item com.google.android.overlay.permissioncontroller
04-10 22:37:06.150 14987 15029 E Finsky  : [62] ItemStore: getItems RPC failed for item com.google.android.server.deviceconfig.resources
04-10 22:37:06.150 14987 15026 E Finsky  : [59] ItemStore: getItems RPC failed for item com.android.carrierconfig
04-10 22:37:06.150 14987 15029 E Finsky  : [62] ItemStore: getItems RPC failed for item com.android.internal.emulation.pixel_4
04-10 22:37:06.150 14987 15029 E Finsky  : [62] ItemStore: getItems RPC failed for item com.android.systemui.emulation.pixel_9_pro
04-10 22:37:06.150 14987 15026 E Finsky  : [59] ItemStore: getItems RPC failed for item com.android.apex.cts.shim
04-10 22:37:06.150 14987 15029 E Finsky  : [62] ItemStore: getItems RPC failed for item com.google.android.cellbroadcastservice
04-10 22:37:06.150 14987 15026 E Finsky  : [59] ItemStore: getItems RPC failed for item com.android.eyedropper
04-10 22:37:06.151 14987 15026 E Finsky  : [59] ItemStore: getItems RPC failed for item com.android.hardware.threadnetwork
04-10 22:37:06.151 14987 15029 E Finsky  : [62] ItemStore: getItems RPC failed for item com.android.role.notes.enabled
04-10 22:37:06.151 14987 15026 E Finsky  : [59] ItemStore: getItems RPC failed for item com.android.hardware.dumpstate
04-10 22:37:06.151 14987 15029 E Finsky  : [62] ItemStore: getItems RPC failed for item com.android.virtualmachine.res
04-10 22:37:06.151 14987 15026 E Finsky  : [59] ItemStore: getItems RPC failed for item com.android.internal.emulation.pixel_7_pro
04-10 22:37:06.151 14987 15029 E Finsky  : [62] ItemStore: getItems RPC failed for item com.android.internal.emulation.pixel_3
04-10 22:37:06.151 14987 15026 E Finsky  : [59] ItemStore: getItems RPC failed for item com.android.mms.service
04-10 22:37:06.151 14987 15029 E Finsky  : [62] ItemStore: getItems RPC failed for item com.android.internal.emulation.pixel_5
04-10 22:37:06.153 14987 15026 E Finsky  : [59] ItemStore: getItems RPC failed for item com.android.systemui.emulation.pixel_7a
04-10 22:37:06.153 14987 15026 E Finsky  : [59] ItemStore: getItems RPC failed for item com.android.nfc
04-10 22:37:06.154 14987 15026 E Finsky  : [59] ItemStore: getItems RPC failed for item com.android.systemui.emulation.pixel_3a
04-10 22:37:06.154 14987 15026 E Finsky  : [59] ItemStore: getItems RPC failed for item com.android.internal.emulation.pixel_7a
04-10 22:37:06.154 14987 15026 E Finsky  : [59] ItemStore: getItems RPC failed for item com.android.systemui.emulation.pixel_4
04-10 22:37:06.154 14987 15026 E Finsky  : [59] ItemStore: getItems RPC failed for item com.android.ons
04-10 22:37:06.154 14987 15026 E Finsky  : [59] ItemStore: getItems RPC failed for item com.android.internal.systemui.navbar.threebutton
04-10 22:37:06.155 14987 15026 E Finsky  : [59] ItemStore: getItems RPC failed for item com.android.internal.emulation.pixel_9
04-10 22:37:06.155 14987 15029 E Finsky  : [62] ItemStore: getItems RPC failed for item com.android.stk
04-10 22:37:06.155 14987 15026 E Finsky  : [59] ItemStore: getItems RPC failed for item com.google.android.bluetooth
04-10 22:37:06.156 14987 15026 E Finsky  : [59] ItemStore: getItems RPC failed for item com.android.providers.userdictionary
04-10 22:37:06.156 14987 15026 E Finsky  : [59] ItemStore: getItems RPC failed for item com.android.hardware.neuralnetworks
04-10 22:37:06.156 14987 15029 E Finsky  : [62] ItemStore: getItems RPC failed for item com.android.phone
04-10 22:37:06.156 14987 15026 E Finsky  : [59] ItemStore: getItems RPC failed for item com.android.systemui.emulation.pixel_3a_xl
04-10 22:37:06.156 14987 15029 E Finsky  : [62] ItemStore: getItems RPC failed for item com.android.se
04-10 22:37:06.156 14987 15026 E Finsky  : [59] ItemStore: getItems RPC failed for item com.android.providers.downloads.ui
04-10 22:37:06.163 14987 15026 E Finsky  : [59] ItemStore: getItems RPC failed for item com.android.vending
04-10 22:37:06.164 14987 15026 E Finsky  : [59] ItemStore: getItems RPC failed for item com.android.providers.telephony.auto_generated_rro_product__
04-10 22:37:06.164 14987 15026 E Finsky  : [59] ItemStore: getItems RPC failed for item com.google.android.overlay.pixelconfigcommon
04-10 22:37:06.164 14987 15026 E Finsky  : [59] ItemStore: getItems RPC failed for item com.android.systemui.emulation.pixel_7
04-10 22:37:06.164 14987 15026 E Finsky  : [59] ItemStore: getItems RPC failed for item com.google.android.rkpdapp
04-10 22:37:06.164 14987 15026 E Finsky  : [59] ItemStore: getItems RPC failed for item com.android.server.telecom.auto_generated_rro_product__
04-10 22:37:06.165 14987 15026 E Finsky  : [59] ItemStore: getItems RPC failed for item com.android.cellbroadcastreceiver
04-10 22:37:06.165 14987 15026 E Finsky  : [59] ItemStore: getItems RPC failed for item com.android.phone.auto_generated_rro_vendor__
04-10 22:37:06.165 14987 15026 E Finsky  : [59] ItemStore: getItems RPC failed for item android.auto_generated_rro_vendor__
04-10 22:37:06.165 14987 15026 E Finsky  : [59] ItemStore: getItems RPC failed for item com.android.providers.contactkeys
04-10 22:37:06.166 14987 15026 E Finsky  : [59] ItemStore: getItems RPC failed for item com.android.systemui.auto_generated_rro_vendor__
04-10 22:37:06.166 14987 15026 E Finsky  : [59] ItemStore: getItems RPC failed for item com.android.internal.emulation.pixel_6a
04-10 22:37:06.166 14987 15026 E Finsky  : [59] ItemStore: getItems RPC failed for item com.android.traceur
04-10 22:37:06.166 14987 15029 E Finsky  : [62] ItemStore: getItems RPC failed for item com.android.internal.emulation.pixel_4_xl
04-10 22:37:06.166 14987 15029 E Finsky  : [62] ItemStore: getItems RPC failed for item com.android.cts.priv.ctsshim
04-10 22:37:06.166 14987 15026 E Finsky  : [59] ItemStore: getItems RPC failed for item com.android.theme.font.notoserifsource
04-10 22:37:06.166 14987 15029 E Finsky  : [62] ItemStore: getItems RPC failed for item com.android.inputdevices
04-10 22:37:06.166 14987 15026 E Finsky  : [59] ItemStore: getItems RPC failed for item com.android.internal.ranchu.commonoverlay
04-10 22:37:06.166 14987 15029 E Finsky  : [62] ItemStore: getItems RPC failed for item com.android.dreams.basic
04-10 22:37:06.167 14987 15026 E Finsky  : [59] ItemStore: getItems RPC failed for item com.android.shell
04-10 22:37:06.167 14987 15029 E Finsky  : [62] ItemStore: getItems RPC failed for item com.google.android.glasses.core
04-10 22:37:06.167 14987 15029 E Finsky  : [62] ItemStore: getItems RPC failed for item com.android.devicelock
04-10 22:37:06.167 14987 15026 E Finsky  : [59] ItemStore: getItems RPC failed for item com.google.android.partnersetup
04-10 22:37:06.167 14987 15026 E Finsky  : [59] ItemStore: getItems RPC failed for item com.android.internal.emulation.pixel_fold
04-10 22:37:06.167 14987 15029 E Finsky  : [62] ItemStore: getItems RPC failed for item com.android.musicfx
04-10 22:37:06.167 14987 15026 E Finsky  : [59] ItemStore: getItems RPC failed for item com.android.emergency
04-10 22:37:06.167 14987 15029 E Finsky  : [62] ItemStore: getItems RPC failed for item com.google.android.markup
04-10 22:37:06.167 14987 15026 E Finsky  : [59] ItemStore: getItems RPC failed for item com.android.internal.emulation.pixel_8a
04-10 22:37:06.167 14987 15026 E Finsky  : [59] ItemStore: getItems RPC failed for item com.android.hardware.biometrics.fingerprint.virtual
04-10 22:37:06.168 14987 15026 E Finsky  : [59] ItemStore: getItems RPC failed for item com.google.android.avatarpicker
04-10 22:37:06.169 14987 15026 E Finsky  : [59] ItemStore: getItems RPC failed for item com.android.credentialmanager
04-10 22:37:06.169 14987 15026 E Finsky  : [59] ItemStore: getItems RPC failed for item com.android.devicediagnostics.auto_generated_rro_product__
04-10 22:37:06.170 14987 15026 E Finsky  : [59] ItemStore: getItems RPC failed for item com.android.hardware.rebootescrow
04-10 22:37:06.170 14987 15026 E Finsky  : [59] ItemStore: getItems RPC failed for item com.google.android.safetycenter.resources
04-10 22:37:06.174 14987 15026 E Finsky  : [59] ItemStore: getItems RPC failed for item com.android.internal.emulation.pixel_3a
04-10 22:37:06.174 14987 15026 E Finsky  : [59] ItemStore: getItems RPC failed for item com.android.systemui.emulation.pixel_7_pro
04-10 22:37:06.174 14987 15026 E Finsky  : [59] ItemStore: getItems RPC failed for item com.google.android.glasses.companion
04-10 22:37:06.175 14987 15026 E Finsky  : [59] ItemStore: getItems RPC failed for item android.auto_generated_characteristics_rro
04-10 22:37:06.175 14987 15026 E Finsky  : [59] ItemStore: getItems RPC failed for item com.android.dynsystem
04-10 22:37:06.175 14987 15026 E Finsky  : [59] ItemStore: getItems RPC failed for item com.android.internal.display.cutout.emulation.corner
04-10 22:37:06.175 14987 15026 E Finsky  : [59] ItemStore: getItems RPC failed for item com.android.cameraextensions
04-10 22:37:06.176 14987 15026 E Finsky  : [59] ItemStore: getItems RPC failed for item com.android.internal.display.cutout.emulation.tall
04-10 22:37:06.177 14987 15026 E Finsky  : [59] ItemStore: getItems RPC failed for item com.android.wallpaper
04-10 22:37:06.177 14987 15026 E Finsky  : [59] ItemStore: getItems RPC failed for item com.google.android.gmssystem
04-10 22:37:06.178 14987 15026 E Finsky  : [59] ItemStore: getItems RPC failed for item com.android.internal.emulation.pixel_8
04-10 22:37:06.178 14987 15026 E Finsky  : [59] ItemStore: getItems RPC failed for item com.android.systemui.emulation.pixel_4a
04-10 22:37:06.179 14987 15026 E Finsky  : [59] ItemStore: getItems RPC failed for item com.android.phone.auto_generated_characteristics_rro
04-10 22:37:06.179 14987 15026 E Finsky  : [59] ItemStore: getItems RPC failed for item com.android.camera2
04-10 22:37:06.180 14987 15026 E Finsky  : [59] ItemStore: getItems RPC failed for item com.android.calllogbackup
04-10 22:37:06.181 14987 15026 E Finsky  : [59] ItemStore: getItems RPC failed for item com.google.android.providers.media.module
04-10 22:37:06.181 14987 15029 E Finsky  : [62] ItemStore: getItems RPC failed for item com.google.android.googlesdksetup
04-10 22:37:06.181 14987 15029 E Finsky  : [62] ItemStore: getItems RPC failed for item com.android.internal.emulation.pixel_4a
04-10 22:37:06.181 14987 15026 E Finsky  : [59] ItemStore: getItems RPC failed for item com.android.internal.emulation.pixel_6_pro
04-10 22:37:06.181 14987 15029 E Finsky  : [62] ItemStore: getItems RPC failed for item com.google.android.wifi.resources
04-10 22:37:06.181 14987 15026 E Finsky  : [59] ItemStore: getItems RPC failed for item android
04-10 22:37:06.181 14987 15029 E Finsky  : [62] ItemStore: getItems RPC failed for item com.android.systemui.emulation.pixel_9a
04-10 22:37:06.182 14987 15026 E Finsky  : [59] ItemStore: getItems RPC failed for item com.postingautomation
04-10 22:37:06.182 14987 15029 E Finsky  : [62] ItemStore: getItems RPC failed for item com.android.egg
04-10 22:37:06.182 14987 15029 E Finsky  : [62] ItemStore: getItems RPC failed for item com.android.systemui.emulation.pixel_9
04-10 22:37:06.182 14987 15026 E Finsky  : [59] ItemStore: getItems RPC failed for item com.google.android.overlay.googleconfig
04-10 22:37:06.182 14987 15029 E Finsky  : [62] ItemStore: getItems RPC failed for item com.google.android.feedback
04-10 22:37:06.182 14987 15026 E Finsky  : [59] ItemStore: getItems RPC failed for item com.android.location.fused
04-10 22:37:06.182 14987 15026 E Finsky  : [59] ItemStore: getItems RPC failed for item com.android.systemui.emulation.pixel_5
04-10 22:37:06.183 14987 15029 E Finsky  : [62] ItemStore: getItems RPC failed for item com.google.android.uwb.resources.goldfish.overlay
04-10 22:37:06.183 14987 15026 E Finsky  : [59] ItemStore: getItems RPC failed for item com.google.android.widevine.nonupdatable
04-10 22:37:06.183 14987 15029 E Finsky  : [62] ItemStore: getItems RPC failed for item com.android.i18n
04-10 22:37:06.183 14987 15026 E Finsky  : [59] ItemStore: getItems RPC failed for item com.google.android.overlay.largescreenconfig
04-10 22:37:06.183 14987 15029 E Finsky  : [62] ItemStore: getItems RPC failed for item com.android.hardware.cas
04-10 22:37:06.184 14987 15026 E Finsky  : [59] ItemStore: getItems RPC failed for item com.google.android.uwb.resources
04-10 22:37:06.185 14987 15026 E Finsky  : [59] ItemStore: getItems RPC failed for item com.android.backupconfirm
04-10 22:37:06.186 14987 15026 E Finsky  : [59] ItemStore: getItems RPC failed for item com.android.internal.emulation.pixel_8_pro
04-10 22:37:06.186 14987 15026 E Finsky  : [59] ItemStore: getItems RPC failed for item com.google.android.nfc
04-10 22:37:06.186 14987 15026 E Finsky  : [59] ItemStore: getItems RPC failed for item com.android.systemui.emulation.pixel_fold
04-10 22:37:06.187 14987 15026 E Finsky  : [59] ItemStore: getItems RPC failed for item com.android.internal.emulation.pixel_9_pro_fold
04-10 22:37:06.188 14987 15026 E Finsky  : [59] ItemStore: getItems RPC failed for item com.android.systemui.accessibility.accessibilitymenu
04-10 22:37:06.188 14987 15029 E Finsky  : [62] ItemStore: getItems RPC failed for item com.android.hardware.thermal
04-10 22:37:06.188 14987 15029 E Finsky  : [62] ItemStore: getItems RPC failed for item com.android.wallpaperbackup
04-10 22:37:06.188 14987 15026 E Finsky  : [59] ItemStore: getItems RPC failed for item com.android.internal.systemui.navbar.gestural
04-10 22:37:06.189 14987 15029 E Finsky  : [62] ItemStore: getItems RPC failed for item com.android.soundpicker
04-10 22:37:06.190 14987 15026 E Finsky  : [59] ItemStore: getItems RPC failed for item com.android.hardware.gatekeeper
04-10 22:37:06.192 14987 15026 E Finsky  : [59] ItemStore: getItems RPC failed for item com.android.storagemanager
04-10 22:37:06.193 14987 15026 E Finsky  : [59] ItemStore: getItems RPC failed for item com.google.android.ext.shared
04-10 22:37:06.193 14987 15026 E Finsky  : [59] ItemStore: getItems RPC failed for item com.android.systemui.emulation.pixel_3
04-10 22:37:06.194 14987 15026 E Finsky  : [59] ItemStore: getItems RPC failed for item com.android.proxyhandler
04-10 22:37:06.194 14987 15026 E Finsky  : [59] ItemStore: getItems RPC failed for item com.android.providers.blockednumber
04-10 22:37:06.194 14987 15026 E Finsky  : [59] ItemStore: getItems RPC failed for item com.android.server.telecom
04-10 22:37:06.195 14987 15026 E Finsky  : [59] ItemStore: getItems RPC failed for item com.google.android.marvin.talkbackoverlay
04-10 22:37:06.195 14987 15029 E Finsky  : [62] ItemStore: getItems RPC failed for item com.android.internal.systemui.navbar.transparent
04-10 22:37:06.195 14987 15026 E Finsky  : [59] ItemStore: getItems RPC failed for item com.android.internal.emulation.pixel_3a_xl
04-10 22:37:06.195 14987 15026 E Finsky  : [59] ItemStore: getItems RPC failed for item com.android.providers.telephony
04-10 22:37:06.195 14987 15029 E Finsky  : [62] ItemStore: getItems RPC failed for item com.google.android.odad
04-10 22:37:06.195 14987 15026 E Finsky  : [59] ItemStore: getItems RPC failed for item com.android.systemui.emulation.pixel_10_pro
04-10 22:37:06.196 14987 15029 E Finsky  : [62] ItemStore: getItems RPC failed for item com.android.providers.contacts.auto_generated_rro_product__
04-10 22:37:06.196 14987 15026 E Finsky  : [59] ItemStore: getItems RPC failed for item com.google.android.printservice.recommendation
04-10 22:37:06.196 14987 15026 E Finsky  : [59] ItemStore: getItems RPC failed for item com.android.keychain
04-10 22:37:06.197 14987 15026 E Finsky  : [59] ItemStore: getItems RPC failed for item com.android.devicediagnostics
04-10 22:37:06.197 14987 15026 E Finsky  : [59] ItemStore: getItems RPC failed for item com.google.android.networkstack.tethering.emulator
04-10 22:37:06.197 14987 15026 E Finsky  : [59] ItemStore: getItems RPC failed for item com.android.hardware.authsecret
04-10 22:37:06.198 14987 15026 E Finsky  : [59] ItemStore: getItems RPC failed for item com.google.android.configupdater
04-10 22:37:06.198 14987 15026 E Finsky  : [59] ItemStore: getItems RPC failed for item com.google.android.adservices.api
04-10 22:37:06.198 14987 15029 E Finsky  : [62] ItemStore: getItems RPC failed for item com.android.systemui.accessibility.accessibilitymenu.auto_generated_rro_product__
04-10 22:37:06.198 14987 15026 E Finsky  : [59] ItemStore: getItems RPC failed for item com.android.emulator.multidisplay
04-10 22:37:06.198 14987 15029 E Finsky  : [62] ItemStore: getItems RPC failed for item com.android.traceur.auto_generated_rro_product__
04-10 22:37:06.199 14987 15026 E Finsky  : [59] ItemStore: getItems RPC failed for item com.android.mtp
04-10 22:37:06.199 14987 15029 E Finsky  : [62] ItemStore: getItems RPC failed for item com.android.internal.display.cutout.emulation.waterfall
04-10 22:37:06.199 14987 15026 E Finsky  : [59] ItemStore: getItems RPC failed for item com.android.storagemanager.auto_generated_rro_product__
04-10 22:37:06.199 14987 15029 E Finsky  : [62] ItemStore: getItems RPC failed for item com.android.internal.display.cutout.emulation.double
04-10 22:37:06.199 14987 15026 E Finsky  : [59] ItemStore: getItems RPC failed for item com.google.android.telephony.satellite
04-10 22:37:06.199 14987 15029 E Finsky  : [62] ItemStore: getItems RPC failed for item com.google.android.settings.intelligence
04-10 22:37:06.199 14987 15026 E Finsky  : [59] ItemStore: getItems RPC failed for item com.android.DeviceAsWebcam
04-10 22:37:06.199 14987 15029 E Finsky  : [62] ItemStore: getItems RPC failed for item com.android.systemui.emulation.pixel_6_pro
04-10 22:37:06.199 14987 15026 E Finsky  : [59] ItemStore: getItems RPC failed for item com.android.systemui.plugin.globalactions.wallet
04-10 22:37:06.199 14987 15029 E Finsky  : [62] ItemStore: getItems RPC failed for item com.google.android.apps.customization.pixel
04-10 22:37:06.200 14987 15029 E Finsky  : [62] ItemStore: getItems RPC failed for item com.google.android.apps.nexuslauncher
04-10 22:37:06.200 14987 15029 E Finsky  : [62] ItemStore: getItems RPC failed for item com.android.emulator.radio.config
04-10 22:37:06.200 14987 15026 E Finsky  : [59] ItemStore: getItems RPC failed for item com.android.internal.display.cutout.emulation.hole
04-10 22:37:06.200 14987 15029 E Finsky  : [62] ItemStore: getItems RPC failed for item com.android.simappdialog.auto_generated_rro_product__
04-10 22:37:06.200 14987 15026 E Finsky  : [59] ItemStore: getItems RPC failed for item com.android.providers.downloads
04-10 22:37:06.200 14987 15029 E Finsky  : [62] ItemStore: getItems RPC failed for item com.android.bips.auto_generated_rro_product__
04-10 22:37:06.200 14987 15029 E Finsky  : [62] ItemStore: getItems RPC failed for item com.android.settings.auto_generated_rro_product__
04-10 22:37:06.200 14987 15029 E Finsky  : [62] ItemStore: getItems RPC failed for item com.android.htmlviewer
04-10 22:37:06.200 14987 15026 E Finsky  : [59] ItemStore: getItems RPC failed for item com.android.imsserviceentitlement
04-10 22:37:06.202 14987 15026 E Finsky  : [59] ItemStore: getItems RPC failed for item com.google.android.apps.pulse
04-10 22:37:06.202 14987 15026 E Finsky  : [59] ItemStore: getItems RPC failed for item com.android.providers.partnerbookmarks
04-10 22:37:06.203 14987 15026 E Finsky  : [59] ItemStore: getItems RPC failed for item com.android.managedprovisioning
04-10 22:37:06.204 14987 15026 E Finsky  : [59] ItemStore: getItems RPC failed for item com.android.appsearch.aiseal.config
04-10 22:37:06.204 14987 15026 E Finsky  : [59] ItemStore: getItems RPC failed for item com.google.android.ondevicepersonalization.services
04-10 22:37:06.200 14987 15029 E Finsky  : [62] ItemStore: getItems RPC failed for item com.android.systemui.emulation.pixel_10_pro_xl
04-10 22:37:06.205 14987 15026 E Finsky  : [59] ItemStore: getItems RPC failed for item com.google.android.tag
04-10 22:37:06.205 14987 15026 E Finsky  : [59] ItemStore: getItems RPC failed for item com.google.android.appsearch.apk
04-10 22:37:06.205 14987 15029 E Finsky  : [62] ItemStore: getItems RPC failed for item com.android.internal.emulation.pixel_6
04-10 22:37:06.205 14987 15026 E Finsky  : [59] ItemStore: getItems RPC failed for item com.google.android.webapp.service
04-10 22:37:09.159 13485 13761 E native  : E0000 00:00:1775840829.159889   13761 array-storage.cc:101] Array storage bad crc 4134112633 vs 2631180220
04-10 22:37:09.160 13485 13761 E native  : E0000 00:00:1775840829.160439   13761 array-storage-crc.cc:176] File /data/data/com.google.android.gms/files/AppDataSearch/main/cur/ds.perdocdata failed to init (elt_size 26 num_elts 180 array_crc 2631180220)
04-10 22:37:10.228 14987 15026 E Finsky  : [59] AU2: RequiredVehicleState is missing.
04-10 22:37:10.228 14987 15026 E Finsky  : [59] AU2: RequiredInteractivityState is missing.
04-10 22:37:10.228 14987 15026 E Finsky  : [59] AU2: RequiredBatteryLevel is missing.
04-10 22:37:10.228 14987 15026 E Finsky  : [59] AU2: RequiredVehicleState is missing.
04-10 22:37:10.232 14987 15026 E Finsky  : [59] AU2: RequiredVehicleState is missing.
04-10 22:37:10.232 14987 15026 E Finsky  : [59] AU2: RequiredInteractivityState is missing.
04-10 22:37:10.233 14987 15026 E Finsky  : [59] AU2: RequiredBatteryLevel is missing.
04-10 22:37:10.233 14987 15026 E Finsky  : [59] AU2: RequiredVehicleState is missing.
04-10 22:37:10.234 14987 15026 E Finsky  : [59] AU2: RequiredVehicleState is missing.
04-10 22:37:10.234 14987 15026 E Finsky  : [59] AU2: RequiredInteractivityState is missing.
04-10 22:37:10.234 14987 15026 E Finsky  : [59] AU2: RequiredBatteryLevel is missing.
04-10 22:37:10.234 14987 15026 E Finsky  : [59] AU2: RequiredVehicleState is missing.
04-10 22:37:10.235 14987 15026 E Finsky  : [59] AU2: RequiredInteractivityState is missing.
04-10 22:37:10.235 14987 15026 E Finsky  : [59] AU2: RequiredBatteryLevel is missing.
04-10 22:37:10.235 14987 15026 E Finsky  : [59] AU2: RequiredVehicleState is missing.
04-10 22:37:10.241 14987 15026 E Finsky  : [59] AU2: RequiredVehicleState is missing.
04-10 22:37:10.241 14987 15026 E Finsky  : [59] AU2: RequiredInteractivityState is missing.
04-10 22:37:10.241 14987 15026 E Finsky  : [59] AU2: RequiredBatteryLevel is missing.
04-10 22:37:10.241 14987 15026 E Finsky  : [59] AU2: RequiredVehicleState is missing.
04-10 22:37:10.241 14987 15026 E Finsky  : [59] AU2: RequiredVehicleState is missing.
04-10 22:37:10.242 14987 15026 E Finsky  : [59] AU2: RequiredBatteryLevel is missing.
04-10 22:37:10.242 14987 15026 E Finsky  : [59] AU2: RequiredVehicleState is missing.
04-10 22:37:10.242 14987 15026 E Finsky  : [59] AU2: RequiredInteractivityState is missing.
04-10 22:37:10.242 14987 15026 E Finsky  : [59] AU2: RequiredBatteryLevel is missing.
04-10 22:37:10.243 14987 15026 E Finsky  : [59] AU2: RequiredVehicleState is missing.
04-10 22:37:10.243 14987 15026 E Finsky  : [59] AU2: RequiredVehicleState is missing.
04-10 22:37:10.244 14987 15026 E Finsky  : [59] AU2: RequiredBatteryLevel is missing.
04-10 22:37:10.245 14987 15026 E Finsky  : [59] AU2: RequiredVehicleState is missing.
04-10 22:37:10.245 14987 15026 E Finsky  : [59] AU2: RequiredInteractivityState is missing.
04-10 22:37:10.245 14987 15026 E Finsky  : [59] AU2: RequiredBatteryLevel is missing.
04-10 22:37:10.245 14987 15026 E Finsky  : [59] AU2: RequiredVehicleState is missing.
04-10 22:37:10.245 14987 15026 E Finsky  : [59] AU2: RequiredVehicleState is missing.
04-10 22:37:10.245 14987 15026 E Finsky  : [59] AU2: RequiredInteractivityState is missing.
04-10 22:37:10.245 14987 15026 E Finsky  : [59] AU2: RequiredBatteryLevel is missing.
04-10 22:37:10.246 14987 15026 E Finsky  : [59] AU2: RequiredVehicleState is missing.
04-10 22:37:10.246 14987 15026 E Finsky  : [59] AU2: RequiredVehicleState is missing.
04-10 22:37:10.246 14987 15026 E Finsky  : [59] AU2: RequiredInteractivityState is missing.
04-10 22:37:10.246 14987 15026 E Finsky  : [59] AU2: RequiredBatteryLevel is missing.
04-10 22:37:10.246 14987 15026 E Finsky  : [59] AU2: RequiredVehicleState is missing.
04-10 22:37:10.246 14987 15026 E Finsky  : [59] AU2: RequiredVehicleState is missing.
04-10 22:37:10.246 14987 15026 E Finsky  : [59] AU2: RequiredInteractivityState is missing.
04-10 22:37:10.247 14987 15026 E Finsky  : [59] AU2: RequiredBatteryLevel is missing.
04-10 22:37:10.247 14987 15026 E Finsky  : [59] AU2: RequiredVehicleState is missing.
04-10 22:37:11.654 14987 15015 E Finsky  : [48] InstallQueue scheduleAsync failed
04-10 22:37:11.654 14987 15015 E Finsky  : io.grpc.StatusRuntimeException: UNAVAILABLE: Peer process crashed, exited or was killed (binderDied)
04-10 22:37:11.654 14987 15015 E Finsky  : 	at bzip.hm(PG:41)
04-10 22:37:11.654 14987 15015 E Finsky  : 	at bywu.l(PG:1)
04-10 22:37:11.654 14987 15015 E Finsky  : 	at bywr.a(PG:28)
04-10 22:37:11.654 14987 15015 E Finsky  : 	at byxi.run(PG:7)
04-10 22:37:11.654 14987 15015 E Finsky  : 	at bzde.run(PG:12)
04-10 22:37:11.654 14987 15015 E Finsky  : 	at java.util.concurrent.ThreadPoolExecutor.runWorker(ThreadPoolExecutor.java:1100)
04-10 22:37:11.654 14987 15015 E Finsky  : 	at java.util.concurrent.ThreadPoolExecutor$Worker.run(ThreadPoolExecutor.java:624)
04-10 22:37:11.654 14987 15015 E Finsky  : 	at vdo.run(PG:618)
04-10 22:37:11.654 14987 15015 E Finsky  : 	at java.lang.Thread.run(Thread.java:1572)
04-10 22:37:13.699   288   294 E lowmemorykiller: process_mrelease 15394 failed: No such process
04-10 22:37:13.719   710  1456 E AppOps  : Bad call made by uid 1000. Package "com.google.android.apps.photos" does not belong to uid 1000.
04-10 22:37:13.938   288   295 E lowmemorykiller: process_mrelease 14987 failed: No such process
04-10 22:37:14.043   288   294 E lowmemorykiller: process_mrelease 14402 failed: No such process
04-10 22:37:14.143   710   710 E libbinder.IPCThreadState: Binder transaction failure. id: 423230, cmd: BR_DEAD_REPLY (29189), error: -22 (Invalid argument)
04-10 22:37:14.195   710   880 E InputDispatcher: channel 'stylus-handwriting-event-receiver-0' ~ Channel is unrecoverably broken and will be disposed!
04-10 22:37:15.775 14386 14471 E libbinder.IPCThreadState: Binder transaction failure. id: 423519, cmd: BR_DEAD_REPLY (29189), error: -22 (Invalid argument)
04-10 22:37:17.480 15522 15522 E LibraryModuleRegistry: LibraryModuleRegistry.register():48 Module mobilebert_classifier_android_jni has already been registered to integrated_shared_object
04-10 22:37:18.299 15522 15522 E GoogleInputMethodService: GoogleInputMethodService.getAppEditorInfo():1891 App EditorInfo should never be null.
04-10 22:37:20.320   710  1912 E JobScheduler.JobStatus: App com.google.android.inputmethod.latin became active but still in NEVER bucket
04-10 22:37:20.350   710   845 E JobScheduler.JobStatus: App com.google.android.inputmethod.latin became active but still in NEVER bucket
04-10 22:37:20.411   710   845 E JobScheduler.JobStatus: App com.google.android.inputmethod.latin became active but still in NEVER bucket
04-10 22:37:20.489   710   845 E JobScheduler.JobStatus: App com.google.android.inputmethod.latin became active but still in NEVER bucket
04-10 22:37:20.555   710  1455 E JobScheduler.JobStatus: App com.google.android.inputmethod.latin became active but still in NEVER bucket
04-10 22:37:20.607   710   845 E JobScheduler.JobStatus: App com.google.android.inputmethod.latin became active but still in NEVER bucket
04-10 22:37:20.630   710   845 E JobScheduler.JobStatus: App com.google.android.inputmethod.latin became active but still in NEVER bucket
04-10 22:37:20.655 15522 15628 E EmojiSlicingStrategy: EmojiSlicingStrategy.getSlices():88 getSlices() : Received null or empty userEnabledLocales.
04-10 22:37:20.666 15522 15578 E HandwritingSuperpacksUtil: HandwritingSuperpacksUtil.getPackMappingPackName():42 No pack mapping pack found in []
04-10 22:37:20.680   710   845 E JobScheduler.JobStatus: App com.google.android.inputmethod.latin became active but still in NEVER bucket
04-10 22:37:20.686 15522 15628 E EmojiSlicingStrategy: EmojiSlicingStrategy.getSlices():88 getSlices() : Received null or empty userEnabledLocales.
04-10 22:37:20.795   710  1912 E JobScheduler.JobStatus: App com.google.android.inputmethod.latin became active but still in NEVER bucket
04-10 22:37:20.802   710  1912 E JobScheduler.JobStatus: App com.google.android.inputmethod.latin became active but still in NEVER bucket
04-10 22:37:20.811   710  1147 E JobScheduler.JobStatus: App com.google.android.inputmethod.latin became active but still in NEVER bucket
04-10 22:37:20.972   710  1456 E JobScheduler.JobStatus: App com.google.android.inputmethod.latin became active but still in NEVER bucket
04-10 22:37:21.052   710  1455 E JobScheduler.JobStatus: App com.google.android.inputmethod.latin became active but still in NEVER bucket
04-10 22:37:21.104   710  1147 E JobScheduler.JobStatus: App com.google.android.inputmethod.latin became active but still in NEVER bucket
04-10 22:37:21.143 14386 14527 E libbinder.IPCThreadState: Binder transaction failure. id: 427337, cmd: BR_DEAD_REPLY (29189), error: -22 (Invalid argument)
04-10 22:37:21.153 14386 14527 E libbinder.IPCThreadState: Binder transaction failure. id: 427362, cmd: BR_DEAD_REPLY (29189), error: -22 (Invalid argument)
04-10 22:37:21.185   710  1455 E JobScheduler.JobStatus: App com.google.android.inputmethod.latin became active but still in NEVER bucket
04-10 22:37:21.209 14386 14527 E libbinder.IPCThreadState: Binder transaction failure. id: 427439, cmd: BR_DEAD_REPLY (29189), error: -22 (Invalid argument)
04-10 22:37:21.226 14386 14527 E libbinder.IPCThreadState: Binder transaction failure. id: 427445, cmd: BR_DEAD_REPLY (29189), error: -22 (Invalid argument)
04-10 22:37:21.234   710  1912 E JobScheduler.JobStatus: App com.google.android.inputmethod.latin became active but still in NEVER bucket
04-10 22:37:21.246 14386 14527 E libbinder.IPCThreadState: Binder transaction failure. id: 427505, cmd: BR_DEAD_REPLY (29189), error: -22 (Invalid argument)
04-10 22:37:21.247 14386 14527 E libbinder.IPCThreadState: Binder transaction failure. id: 427507, cmd: BR_DEAD_REPLY (29189), error: -22 (Invalid argument)
04-10 22:37:21.247 14386 14527 E libbinder.IPCThreadState: Binder transaction failure. id: 427508, cmd: BR_DEAD_REPLY (29189), error: -22 (Invalid argument)
04-10 22:37:21.248 14386 14527 E libbinder.IPCThreadState: Binder transaction failure. id: 427509, cmd: BR_DEAD_REPLY (29189), error: -22 (Invalid argument)
04-10 22:37:21.261 14386 14527 E libbinder.IPCThreadState: Binder transaction failure. id: 427522, cmd: BR_DEAD_REPLY (29189), error: -22 (Invalid argument)
04-10 22:37:21.272   710  1455 E JobScheduler.JobStatus: App com.google.android.inputmethod.latin became active but still in NEVER bucket
04-10 22:37:21.327 15522 15647 E MDDTaskScheduler: MDDTaskScheduler.scheduleDownload():191 work Data {charging : false, mdd_task_tag : download, network : false} scheduled
04-10 22:37:21.427   710  1455 E JobScheduler.JobStatus: App com.google.android.inputmethod.latin became active but still in NEVER bucket
04-10 22:37:21.568   710  1456 E JobScheduler.JobStatus: App com.google.android.inputmethod.latin became active but still in NEVER bucket
04-10 22:37:21.617   710  1147 E JobScheduler.JobStatus: App com.google.android.inputmethod.latin became active but still in NEVER bucket
04-10 22:37:21.705   710  1147 E JobScheduler.JobStatus: App com.google.android.inputmethod.latin became active but still in NEVER bucket
04-10 22:37:22.698   710  1147 E JobScheduler.JobStatus: App com.google.android.inputmethod.latin became active but still in NEVER bucket
04-10 22:37:23.186 15522 15578 E HandwritingSuperpacksUtil: HandwritingSuperpacksUtil.getPackMappingPackName():42 No pack mapping pack found in []
04-10 22:37:26.243   710 12286 E SettingsToPropertiesMapper: key=persist.device_config.storage_native_boot.transcode_compat_manifest value=com.yelp.android,0,com.yy.biu,0,com.groupme.android,0,air.tv.douyu.android,0,com.baidu.mbaby,0,com.vlocker.locker,0,com.znxh.hyhuo,0,com.yixia.xiaokaxiu,0 exceeds system property max length.
04-10 22:37:28.315 14386 14397 E UsageReportingOptionsSt: INTERNAL_ERROR: setOptInOption should not be called while user is locked. [CONTEXT service_id=41 ]
